ISO-10303-21;
HEADER;
FILE_NAME('Open CASCADE Shape Model','2026-08-29T00:06:38',('Author'),(
    'Open CASCADE'),'Open CASCADE STEP processor 7.8','Open CASCADE 7.8'
  ,'Unknown');
FILE_DESCRIPTION(('Open CASCADE Model'),'2;1');
FILE_SCHEMA(('AUTOMOTIVE_DESIGN { 1 0 10303 214 1 1 1 1 }'));
ENDSEC;
DATA;
#1 = APPLICATION_PROTOCOL_DEFINITION('international standard',
  'automotive_design',2000,#2);
#2 = APPLICATION_CONTEXT(
  'core data for automotive mechanical design processes');
#3 = SHAPE_DEFINITION_REPRESENTATION(#4,#10);
#4 = PRODUCT_DEFINITION_SHAPE('','',#5);
#5 = PRODUCT_DEFINITION('design','',#6,#9);
#6 = PRODUCT_DEFINITION_FORMATION('','',#7);
#7 = PRODUCT('Open CASCADE STEP translator 7.8 4',
  'Open CASCADE STEP translator 7.8 4','',(#8));
#8 = PRODUCT_CONTEXT('',#2,'mechanical');
#9 = PRODUCT_DEFINITION_CONTEXT('part definition',#2,'design');
#10 = SHAPE_REPRESENTATION('',(#11,#15,#19),#23);
#11 = AXIS2_PLACEMENT_3D('',#12,#13,#14);
#12 = CARTESIAN_POINT('',(0.,0.,0.));
#13 = DIRECTION('',(0.,0.,1.));
#14 = DIRECTION('',(1.,0.,-0.));
#15 = AXIS2_PLACEMENT_3D('',#16,#17,#18);
#16 = CARTESIAN_POINT('',(0.,0.,0.));
#17 = DIRECTION('',(0.,0.,1.));
#18 = DIRECTION('',(1.,0.,-0.));
#19 = AXIS2_PLACEMENT_3D('',#20,#21,#22);
#20 = CARTESIAN_POINT('',(0.,0.,0.));
#21 = DIRECTION('',(0.,0.,1.));
#22 = DIRECTION('',(1.,0.,0.));
#23 = ( GEOMETRIC_REPRESENTATION_CONTEXT(3) 
GLOBAL_UNCERTAINTY_ASSIGNED_CONTEXT((#27)) GLOBAL_UNIT_ASSIGNED_CONTEXT(
(#24,#25,#26)) REPRESENTATION_CONTEXT('Context #1',
  '3D Context with UNIT and UNCERTAINTY') );
#24 = ( LENGTH_UNIT() NAMED_UNIT(*) SI_UNIT(.MILLI.,.METRE.) );
#25 = ( NAMED_UNIT(*) PLANE_ANGLE_UNIT() SI_UNIT($,.RADIAN.) );
#26 = ( NAMED_UNIT(*) SI_UNIT($,.STERADIAN.) SOLID_ANGLE_UNIT() );
#27 = UNCERTAINTY_MEASURE_WITH_UNIT(LENGTH_MEASURE(1.E-07),#24,
  'distance_accuracy_value','confusion accuracy');
#28 = PRODUCT_RELATED_PRODUCT_CATEGORY('part',$,(#7));
#29 = SHAPE_DEFINITION_REPRESENTATION(#30,#36);
#30 = PRODUCT_DEFINITION_SHAPE('','',#31);
#31 = PRODUCT_DEFINITION('design','',#32,#35);
#32 = PRODUCT_DEFINITION_FORMATION('','',#33);
#33 = PRODUCT('Open CASCADE STEP translator 7.8 4.1',
  'Open CASCADE STEP translator 7.8 4.1','',(#34));
#34 = PRODUCT_CONTEXT('',#2,'mechanical');
#35 = PRODUCT_DEFINITION_CONTEXT('part definition',#2,'design');
#36 = ADVANCED_BREP_SHAPE_REPRESENTATION('',(#11,#37),#1541);
#37 = BREP_WITH_VOIDS('',#38,(#367));
#38 = CLOSED_SHELL('',(#39,#159,#235,#284,#333,#360));
#39 = ADVANCED_FACE('',(#40),#54,.F.);
#40 = FACE_BOUND('',#41,.F.);
#41 = EDGE_LOOP('',(#42,#77,#105,#133));
#42 = ORIENTED_EDGE('',*,*,#43,.F.);
#43 = EDGE_CURVE('',#44,#46,#48,.T.);
#44 = VERTEX_POINT('',#45);
#45 = CARTESIAN_POINT('',(-5.E+04,-1.E+05,-1.E+05));
#46 = VERTEX_POINT('',#47);
#47 = CARTESIAN_POINT('',(-5.E+04,-1.E+05,1.E+05));
#48 = SURFACE_CURVE('',#49,(#53,#65),.PCURVE_S1.);
#49 = LINE('',#50,#51);
#50 = CARTESIAN_POINT('',(-5.E+04,-1.E+05,-1.E+05));
#51 = VECTOR('',#52,1.);
#52 = DIRECTION('',(0.,0.,1.));
#53 = PCURVE('',#54,#59);
#54 = PLANE('',#55);
#55 = AXIS2_PLACEMENT_3D('',#56,#57,#58);
#56 = CARTESIAN_POINT('',(-5.E+04,-1.E+05,-1.E+05));
#57 = DIRECTION('',(1.,0.,-0.));
#58 = DIRECTION('',(0.,0.,1.));
#59 = DEFINITIONAL_REPRESENTATION('',(#60),#64);
#60 = LINE('',#61,#62);
#61 = CARTESIAN_POINT('',(0.,0.));
#62 = VECTOR('',#63,1.);
#63 = DIRECTION('',(1.,0.));
#64 = ( GEOMETRIC_REPRESENTATION_CONTEXT(2) 
PARAMETRIC_REPRESENTATION_CONTEXT() REPRESENTATION_CONTEXT('2D SPACE',''
  ) );
#65 = PCURVE('',#66,#71);
#66 = PLANE('',#67);
#67 = AXIS2_PLACEMENT_3D('',#68,#69,#70);
#68 = CARTESIAN_POINT('',(-5.E+04,-1.E+05,-1.E+05));
#69 = DIRECTION('',(-0.,1.,0.));
#70 = DIRECTION('',(0.,0.,1.));
#71 = DEFINITIONAL_REPRESENTATION('',(#72),#76);
#72 = LINE('',#73,#74);
#73 = CARTESIAN_POINT('',(0.,0.));
#74 = VECTOR('',#75,1.);
#75 = DIRECTION('',(1.,0.));
#76 = ( GEOMETRIC_REPRESENTATION_CONTEXT(2) 
PARAMETRIC_REPRESENTATION_CONTEXT() REPRESENTATION_CONTEXT('2D SPACE',''
  ) );
#77 = ORIENTED_EDGE('',*,*,#78,.T.);
#78 = EDGE_CURVE('',#44,#79,#81,.T.);
#79 = VERTEX_POINT('',#80);
#80 = CARTESIAN_POINT('',(-5.E+04,1.E+05,-1.E+05));
#81 = SURFACE_CURVE('',#82,(#86,#93),.PCURVE_S1.);
#82 = LINE('',#83,#84);
#83 = CARTESIAN_POINT('',(-5.E+04,-1.E+05,-1.E+05));
#84 = VECTOR('',#85,1.);
#85 = DIRECTION('',(-0.,1.,0.));
#86 = PCURVE('',#54,#87);
#87 = DEFINITIONAL_REPRESENTATION('',(#88),#92);
#88 = LINE('',#89,#90);
#89 = CARTESIAN_POINT('',(0.,0.));
#90 = VECTOR('',#91,1.);
#91 = DIRECTION('',(0.,-1.));
#92 = ( GEOMETRIC_REPRESENTATION_CONTEXT(2) 
PARAMETRIC_REPRESENTATION_CONTEXT() REPRESENTATION_CONTEXT('2D SPACE',''
  ) );
#93 = PCURVE('',#94,#99);
#94 = PLANE('',#95);
#95 = AXIS2_PLACEMENT_3D('',#96,#97,#98);
#96 = CARTESIAN_POINT('',(-5.E+04,-1.E+05,-1.E+05));
#97 = DIRECTION('',(0.,0.,1.));
#98 = DIRECTION('',(1.,0.,-0.));
#99 = DEFINITIONAL_REPRESENTATION('',(#100),#104);
#100 = LINE('',#101,#102);
#101 = CARTESIAN_POINT('',(0.,0.));
#102 = VECTOR('',#103,1.);
#103 = DIRECTION('',(0.,1.));
#104 = ( GEOMETRIC_REPRESENTATION_CONTEXT(2) 
PARAMETRIC_REPRESENTATION_CONTEXT() REPRESENTATION_CONTEXT('2D SPACE',''
  ) );
#105 = ORIENTED_EDGE('',*,*,#106,.T.);
#106 = EDGE_CURVE('',#79,#107,#109,.T.);
#107 = VERTEX_POINT('',#108);
#108 = CARTESIAN_POINT('',(-5.E+04,1.E+05,1.E+05));
#109 = SURFACE_CURVE('',#110,(#114,#121),.PCURVE_S1.);
#110 = LINE('',#111,#112);
#111 = CARTESIAN_POINT('',(-5.E+04,1.E+05,-1.E+05));
#112 = VECTOR('',#113,1.);
#113 = DIRECTION('',(0.,0.,1.));
#114 = PCURVE('',#54,#115);
#115 = DEFINITIONAL_REPRESENTATION('',(#116),#120);
#116 = LINE('',#117,#118);
#117 = CARTESIAN_POINT('',(0.,-2.E+05));
#118 = VECTOR('',#119,1.);
#119 = DIRECTION('',(1.,0.));
#120 = ( GEOMETRIC_REPRESENTATION_CONTEXT(2) 
PARAMETRIC_REPRESENTATION_CONTEXT() REPRESENTATION_CONTEXT('2D SPACE',''
  ) );
#121 = PCURVE('',#122,#127);
#122 = PLANE('',#123);
#123 = AXIS2_PLACEMENT_3D('',#124,#125,#126);
#124 = CARTESIAN_POINT('',(-5.E+04,1.E+05,-1.E+05));
#125 = DIRECTION('',(-0.,1.,0.));
#126 = DIRECTION('',(0.,0.,1.));
#127 = DEFINITIONAL_REPRESENTATION('',(#128),#132);
#128 = LINE('',#129,#130);
#129 = CARTESIAN_POINT('',(0.,0.));
#130 = VECTOR('',#131,1.);
#131 = DIRECTION('',(1.,0.));
#132 = ( GEOMETRIC_REPRESENTATION_CONTEXT(2) 
PARAMETRIC_REPRESENTATION_CONTEXT() REPRESENTATION_CONTEXT('2D SPACE',''
  ) );
#133 = ORIENTED_EDGE('',*,*,#134,.F.);
#134 = EDGE_CURVE('',#46,#107,#135,.T.);
#135 = SURFACE_CURVE('',#136,(#140,#147),.PCURVE_S1.);
#136 = LINE('',#137,#138);
#137 = CARTESIAN_POINT('',(-5.E+04,-1.E+05,1.E+05));
#138 = VECTOR('',#139,1.);
#139 = DIRECTION('',(-0.,1.,0.));
#140 = PCURVE('',#54,#141);
#141 = DEFINITIONAL_REPRESENTATION('',(#142),#146);
#142 = LINE('',#143,#144);
#143 = CARTESIAN_POINT('',(2.E+05,0.));
#144 = VECTOR('',#145,1.);
#145 = DIRECTION('',(0.,-1.));
#146 = ( GEOMETRIC_REPRESENTATION_CONTEXT(2) 
PARAMETRIC_REPRESENTATION_CONTEXT() REPRESENTATION_CONTEXT('2D SPACE',''
  ) );
#147 = PCURVE('',#148,#153);
#148 = PLANE('',#149);
#149 = AXIS2_PLACEMENT_3D('',#150,#151,#152);
#150 = CARTESIAN_POINT('',(-5.E+04,-1.E+05,1.E+05));
#151 = DIRECTION('',(0.,0.,1.));
#152 = DIRECTION('',(1.,0.,-0.));
#153 = DEFINITIONAL_REPRESENTATION('',(#154),#158);
#154 = LINE('',#155,#156);
#155 = CARTESIAN_POINT('',(0.,0.));
#156 = VECTOR('',#157,1.);
#157 = DIRECTION('',(0.,1.));
#158 = ( GEOMETRIC_REPRESENTATION_CONTEXT(2) 
PARAMETRIC_REPRESENTATION_CONTEXT() REPRESENTATION_CONTEXT('2D SPACE',''
  ) );
#159 = ADVANCED_FACE('',(#160),#66,.F.);
#160 = FACE_BOUND('',#161,.F.);
#161 = EDGE_LOOP('',(#162,#185,#186,#209));
#162 = ORIENTED_EDGE('',*,*,#163,.F.);
#163 = EDGE_CURVE('',#44,#164,#166,.T.);
#164 = VERTEX_POINT('',#165);
#165 = CARTESIAN_POINT('',(1.5E+05,-1.E+05,-1.E+05));
#166 = SURFACE_CURVE('',#167,(#171,#178),.PCURVE_S1.);
#167 = LINE('',#168,#169);
#168 = CARTESIAN_POINT('',(-5.E+04,-1.E+05,-1.E+05));
#169 = VECTOR('',#170,1.);
#170 = DIRECTION('',(1.,0.,-0.));
#171 = PCURVE('',#66,#172);
#172 = DEFINITIONAL_REPRESENTATION('',(#173),#177);
#173 = LINE('',#174,#175);
#174 = CARTESIAN_POINT('',(0.,0.));
#175 = VECTOR('',#176,1.);
#176 = DIRECTION('',(0.,1.));
#177 = ( GEOMETRIC_REPRESENTATION_CONTEXT(2) 
PARAMETRIC_REPRESENTATION_CONTEXT() REPRESENTATION_CONTEXT('2D SPACE',''
  ) );
#178 = PCURVE('',#94,#179);
#179 = DEFINITIONAL_REPRESENTATION('',(#180),#184);
#180 = LINE('',#181,#182);
#181 = CARTESIAN_POINT('',(0.,0.));
#182 = VECTOR('',#183,1.);
#183 = DIRECTION('',(1.,0.));
#184 = ( GEOMETRIC_REPRESENTATION_CONTEXT(2) 
PARAMETRIC_REPRESENTATION_CONTEXT() REPRESENTATION_CONTEXT('2D SPACE',''
  ) );
#185 = ORIENTED_EDGE('',*,*,#43,.T.);
#186 = ORIENTED_EDGE('',*,*,#187,.T.);
#187 = EDGE_CURVE('',#46,#188,#190,.T.);
#188 = VERTEX_POINT('',#189);
#189 = CARTESIAN_POINT('',(1.5E+05,-1.E+05,1.E+05));
#190 = SURFACE_CURVE('',#191,(#195,#202),.PCURVE_S1.);
#191 = LINE('',#192,#193);
#192 = CARTESIAN_POINT('',(-5.E+04,-1.E+05,1.E+05));
#193 = VECTOR('',#194,1.);
#194 = DIRECTION('',(1.,0.,-0.));
#195 = PCURVE('',#66,#196);
#196 = DEFINITIONAL_REPRESENTATION('',(#197),#201);
#197 = LINE('',#198,#199);
#198 = CARTESIAN_POINT('',(2.E+05,0.));
#199 = VECTOR('',#200,1.);
#200 = DIRECTION('',(0.,1.));
#201 = ( GEOMETRIC_REPRESENTATION_CONTEXT(2) 
PARAMETRIC_REPRESENTATION_CONTEXT() REPRESENTATION_CONTEXT('2D SPACE',''
  ) );
#202 = PCURVE('',#148,#203);
#203 = DEFINITIONAL_REPRESENTATION('',(#204),#208);
#204 = LINE('',#205,#206);
#205 = CARTESIAN_POINT('',(0.,0.));
#206 = VECTOR('',#207,1.);
#207 = DIRECTION('',(1.,0.));
#208 = ( GEOMETRIC_REPRESENTATION_CONTEXT(2) 
PARAMETRIC_REPRESENTATION_CONTEXT() REPRESENTATION_CONTEXT('2D SPACE',''
  ) );
#209 = ORIENTED_EDGE('',*,*,#210,.F.);
#210 = EDGE_CURVE('',#164,#188,#211,.T.);
#211 = SURFACE_CURVE('',#212,(#216,#223),.PCURVE_S1.);
#212 = LINE('',#213,#214);
#213 = CARTESIAN_POINT('',(1.5E+05,-1.E+05,-1.E+05));
#214 = VECTOR('',#215,1.);
#215 = DIRECTION('',(0.,0.,1.));
#216 = PCURVE('',#66,#217);
#217 = DEFINITIONAL_REPRESENTATION('',(#218),#222);
#218 = LINE('',#219,#220);
#219 = CARTESIAN_POINT('',(0.,2.E+05));
#220 = VECTOR('',#221,1.);
#221 = DIRECTION('',(1.,0.));
#222 = ( GEOMETRIC_REPRESENTATION_CONTEXT(2) 
PARAMETRIC_REPRESENTATION_CONTEXT() REPRESENTATION_CONTEXT('2D SPACE',''
  ) );
#223 = PCURVE('',#224,#229);
#224 = PLANE('',#225);
#225 = AXIS2_PLACEMENT_3D('',#226,#227,#228);
#226 = CARTESIAN_POINT('',(1.5E+05,-1.E+05,-1.E+05));
#227 = DIRECTION('',(1.,0.,-0.));
#228 = DIRECTION('',(0.,0.,1.));
#229 = DEFINITIONAL_REPRESENTATION('',(#230),#234);
#230 = LINE('',#231,#232);
#231 = CARTESIAN_POINT('',(0.,0.));
#232 = VECTOR('',#233,1.);
#233 = DIRECTION('',(1.,0.));
#234 = ( GEOMETRIC_REPRESENTATION_CONTEXT(2) 
PARAMETRIC_REPRESENTATION_CONTEXT() REPRESENTATION_CONTEXT('2D SPACE',''
  ) );
#235 = ADVANCED_FACE('',(#236),#148,.T.);
#236 = FACE_BOUND('',#237,.T.);
#237 = EDGE_LOOP('',(#238,#239,#240,#263));
#238 = ORIENTED_EDGE('',*,*,#134,.F.);
#239 = ORIENTED_EDGE('',*,*,#187,.T.);
#240 = ORIENTED_EDGE('',*,*,#241,.T.);
#241 = EDGE_CURVE('',#188,#242,#244,.T.);
#242 = VERTEX_POINT('',#243);
#243 = CARTESIAN_POINT('',(1.5E+05,1.E+05,1.E+05));
#244 = SURFACE_CURVE('',#245,(#249,#256),.PCURVE_S1.);
#245 = LINE('',#246,#247);
#246 = CARTESIAN_POINT('',(1.5E+05,-1.E+05,1.E+05));
#247 = VECTOR('',#248,1.);
#248 = DIRECTION('',(-0.,1.,0.));
#249 = PCURVE('',#148,#250);
#250 = DEFINITIONAL_REPRESENTATION('',(#251),#255);
#251 = LINE('',#252,#253);
#252 = CARTESIAN_POINT('',(2.E+05,0.));
#253 = VECTOR('',#254,1.);
#254 = DIRECTION('',(0.,1.));
#255 = ( GEOMETRIC_REPRESENTATION_CONTEXT(2) 
PARAMETRIC_REPRESENTATION_CONTEXT() REPRESENTATION_CONTEXT('2D SPACE',''
  ) );
#256 = PCURVE('',#224,#257);
#257 = DEFINITIONAL_REPRESENTATION('',(#258),#262);
#258 = LINE('',#259,#260);
#259 = CARTESIAN_POINT('',(2.E+05,0.));
#260 = VECTOR('',#261,1.);
#261 = DIRECTION('',(0.,-1.));
#262 = ( GEOMETRIC_REPRESENTATION_CONTEXT(2) 
PARAMETRIC_REPRESENTATION_CONTEXT() REPRESENTATION_CONTEXT('2D SPACE',''
  ) );
#263 = ORIENTED_EDGE('',*,*,#264,.F.);
#264 = EDGE_CURVE('',#107,#242,#265,.T.);
#265 = SURFACE_CURVE('',#266,(#270,#277),.PCURVE_S1.);
#266 = LINE('',#267,#268);
#267 = CARTESIAN_POINT('',(-5.E+04,1.E+05,1.E+05));
#268 = VECTOR('',#269,1.);
#269 = DIRECTION('',(1.,0.,-0.));
#270 = PCURVE('',#148,#271);
#271 = DEFINITIONAL_REPRESENTATION('',(#272),#276);
#272 = LINE('',#273,#274);
#273 = CARTESIAN_POINT('',(0.,2.E+05));
#274 = VECTOR('',#275,1.);
#275 = DIRECTION('',(1.,0.));
#276 = ( GEOMETRIC_REPRESENTATION_CONTEXT(2) 
PARAMETRIC_REPRESENTATION_CONTEXT() REPRESENTATION_CONTEXT('2D SPACE',''
  ) );
#277 = PCURVE('',#122,#278);
#278 = DEFINITIONAL_REPRESENTATION('',(#279),#283);
#279 = LINE('',#280,#281);
#280 = CARTESIAN_POINT('',(2.E+05,0.));
#281 = VECTOR('',#282,1.);
#282 = DIRECTION('',(0.,1.));
#283 = ( GEOMETRIC_REPRESENTATION_CONTEXT(2) 
PARAMETRIC_REPRESENTATION_CONTEXT() REPRESENTATION_CONTEXT('2D SPACE',''
  ) );
#284 = ADVANCED_FACE('',(#285),#122,.T.);
#285 = FACE_BOUND('',#286,.T.);
#286 = EDGE_LOOP('',(#287,#310,#311,#312));
#287 = ORIENTED_EDGE('',*,*,#288,.F.);
#288 = EDGE_CURVE('',#79,#289,#291,.T.);
#289 = VERTEX_POINT('',#290);
#290 = CARTESIAN_POINT('',(1.5E+05,1.E+05,-1.E+05));
#291 = SURFACE_CURVE('',#292,(#296,#303),.PCURVE_S1.);
#292 = LINE('',#293,#294);
#293 = CARTESIAN_POINT('',(-5.E+04,1.E+05,-1.E+05));
#294 = VECTOR('',#295,1.);
#295 = DIRECTION('',(1.,0.,-0.));
#296 = PCURVE('',#122,#297);
#297 = DEFINITIONAL_REPRESENTATION('',(#298),#302);
#298 = LINE('',#299,#300);
#299 = CARTESIAN_POINT('',(0.,0.));
#300 = VECTOR('',#301,1.);
#301 = DIRECTION('',(0.,1.));
#302 = ( GEOMETRIC_REPRESENTATION_CONTEXT(2) 
PARAMETRIC_REPRESENTATION_CONTEXT() REPRESENTATION_CONTEXT('2D SPACE',''
  ) );
#303 = PCURVE('',#94,#304);
#304 = DEFINITIONAL_REPRESENTATION('',(#305),#309);
#305 = LINE('',#306,#307);
#306 = CARTESIAN_POINT('',(0.,2.E+05));
#307 = VECTOR('',#308,1.);
#308 = DIRECTION('',(1.,0.));
#309 = ( GEOMETRIC_REPRESENTATION_CONTEXT(2) 
PARAMETRIC_REPRESENTATION_CONTEXT() REPRESENTATION_CONTEXT('2D SPACE',''
  ) );
#310 = ORIENTED_EDGE('',*,*,#106,.T.);
#311 = ORIENTED_EDGE('',*,*,#264,.T.);
#312 = ORIENTED_EDGE('',*,*,#313,.F.);
#313 = EDGE_CURVE('',#289,#242,#314,.T.);
#314 = SURFACE_CURVE('',#315,(#319,#326),.PCURVE_S1.);
#315 = LINE('',#316,#317);
#316 = CARTESIAN_POINT('',(1.5E+05,1.E+05,-1.E+05));
#317 = VECTOR('',#318,1.);
#318 = DIRECTION('',(0.,0.,1.));
#319 = PCURVE('',#122,#320);
#320 = DEFINITIONAL_REPRESENTATION('',(#321),#325);
#321 = LINE('',#322,#323);
#322 = CARTESIAN_POINT('',(0.,2.E+05));
#323 = VECTOR('',#324,1.);
#324 = DIRECTION('',(1.,0.));
#325 = ( GEOMETRIC_REPRESENTATION_CONTEXT(2) 
PARAMETRIC_REPRESENTATION_CONTEXT() REPRESENTATION_CONTEXT('2D SPACE',''
  ) );
#326 = PCURVE('',#224,#327);
#327 = DEFINITIONAL_REPRESENTATION('',(#328),#332);
#328 = LINE('',#329,#330);
#329 = CARTESIAN_POINT('',(0.,-2.E+05));
#330 = VECTOR('',#331,1.);
#331 = DIRECTION('',(1.,0.));
#332 = ( GEOMETRIC_REPRESENTATION_CONTEXT(2) 
PARAMETRIC_REPRESENTATION_CONTEXT() REPRESENTATION_CONTEXT('2D SPACE',''
  ) );
#333 = ADVANCED_FACE('',(#334),#94,.F.);
#334 = FACE_BOUND('',#335,.F.);
#335 = EDGE_LOOP('',(#336,#337,#338,#359));
#336 = ORIENTED_EDGE('',*,*,#78,.F.);
#337 = ORIENTED_EDGE('',*,*,#163,.T.);
#338 = ORIENTED_EDGE('',*,*,#339,.T.);
#339 = EDGE_CURVE('',#164,#289,#340,.T.);
#340 = SURFACE_CURVE('',#341,(#345,#352),.PCURVE_S1.);
#341 = LINE('',#342,#343);
#342 = CARTESIAN_POINT('',(1.5E+05,-1.E+05,-1.E+05));
#343 = VECTOR('',#344,1.);
#344 = DIRECTION('',(-0.,1.,0.));
#345 = PCURVE('',#94,#346);
#346 = DEFINITIONAL_REPRESENTATION('',(#347),#351);
#347 = LINE('',#348,#349);
#348 = CARTESIAN_POINT('',(2.E+05,0.));
#349 = VECTOR('',#350,1.);
#350 = DIRECTION('',(0.,1.));
#351 = ( GEOMETRIC_REPRESENTATION_CONTEXT(2) 
PARAMETRIC_REPRESENTATION_CONTEXT() REPRESENTATION_CONTEXT('2D SPACE',''
  ) );
#352 = PCURVE('',#224,#353);
#353 = DEFINITIONAL_REPRESENTATION('',(#354),#358);
#354 = LINE('',#355,#356);
#355 = CARTESIAN_POINT('',(0.,0.));
#356 = VECTOR('',#357,1.);
#357 = DIRECTION('',(0.,-1.));
#358 = ( GEOMETRIC_REPRESENTATION_CONTEXT(2) 
PARAMETRIC_REPRESENTATION_CONTEXT() REPRESENTATION_CONTEXT('2D SPACE',''
  ) );
#359 = ORIENTED_EDGE('',*,*,#288,.F.);
#360 = ADVANCED_FACE('',(#361),#224,.T.);
#361 = FACE_BOUND('',#362,.T.);
#362 = EDGE_LOOP('',(#363,#364,#365,#366));
#363 = ORIENTED_EDGE('',*,*,#210,.F.);
#364 = ORIENTED_EDGE('',*,*,#339,.T.);
#365 = ORIENTED_EDGE('',*,*,#313,.T.);
#366 = ORIENTED_EDGE('',*,*,#241,.F.);
#367 = ORIENTED_CLOSED_SHELL('',*,#368,.F.);
#368 = CLOSED_SHELL('',(#369,#517,#838,#887,#1086,#1113,#1140,#1272,
    #1348,#1446,#1473,#1500,#1507,#1534));
#369 = ADVANCED_FACE('',(#370),#385,.T.);
#370 = FACE_BOUND('',#371,.T.);
#371 = EDGE_LOOP('',(#372,#434,#462,#491));
#372 = ORIENTED_EDGE('',*,*,#373,.T.);
#373 = EDGE_CURVE('',#374,#376,#378,.T.);
#374 = VERTEX_POINT('',#375);
#375 = CARTESIAN_POINT('',(4.667956738006E+04,1.830082150907E+04,
    4.178303473979E+03));
#376 = VERTEX_POINT('',#377);
#377 = CARTESIAN_POINT('',(4.81232086851E+04,1.740112866872E+04,
    4.197369388133E+03));
#378 = SURFACE_CURVE('',#379,(#384,#418),.PCURVE_S1.);
#379 = ELLIPSE('',#380,1.003751502416E+03,1.001E+03);
#380 = AXIS2_PLACEMENT_3D('',#381,#382,#383);
#381 = CARTESIAN_POINT('',(4.711954470849E+04,1.740112866872E+04,
    4.184114176363E+03));
#382 = DIRECTION('',(1.320567066424E-02,1.232595164408E-32,
    -0.999912801329));
#383 = DIRECTION('',(0.999912801329,4.318111283227E-15,
    1.320567066424E-02));
#384 = PCURVE('',#385,#390);
#385 = CYLINDRICAL_SURFACE('',#386,1.001E+03);
#386 = AXIS2_PLACEMENT_3D('',#387,#388,#389);
#387 = CARTESIAN_POINT('',(4.712675619144E+04,1.740112866872E+04,
    4.101686549052E+03));
#388 = DIRECTION('',(-8.715574274766E-02,0.,0.996194698092));
#389 = DIRECTION('',(0.527902761446,0.848048096156,4.618550707054E-02));
#390 = DEFINITIONAL_REPRESENTATION('',(#391),#417);
#391 = B_SPLINE_CURVE_WITH_KNOTS('',3,(#392,#393,#394,#395,#396,#397,
    #398,#399,#400,#401,#402,#403,#404,#405,#406,#407,#408,#409,#410,
    #411,#412,#413,#414,#415,#416),.UNSPECIFIED.,.F.,.F.,(4,1,1,1,1,1,1,
    1,1,1,1,1,1,1,1,1,1,1,1,1,1,1,4),(4.258603374866,4.350629826335,
    4.442656277804,4.534682729273,4.626709180741,4.71873563221,
    4.810762083679,4.902788535148,4.994814986617,5.086841438085,
    5.178867889554,5.270894341023,5.362920792492,5.45494724396,
    5.546973695429,5.639000146898,5.731026598367,5.823053049836,
    5.915079501304,6.007105952773,6.099132404242,6.191158855711,
    6.28318530718),.QUASI_UNIFORM_KNOTS.);
#392 = CARTESIAN_POINT('',(7.295476273336,115.30044739975));
#393 = CARTESIAN_POINT('',(7.264800789513,113.25289433353));
#394 = CARTESIAN_POINT('',(7.203449821867,109.0652992868));
#395 = CARTESIAN_POINT('',(7.111423370399,102.56155245854));
#396 = CARTESIAN_POINT('',(7.01939691893,95.889968381951));
#397 = CARTESIAN_POINT('',(6.927370467461,89.107148228625));
#398 = CARTESIAN_POINT('',(6.835344015992,82.270456691657));
#399 = CARTESIAN_POINT('',(6.743317564524,75.437762028644));
#400 = CARTESIAN_POINT('',(6.651291113055,68.666885902477));
#401 = CARTESIAN_POINT('',(6.559264661586,62.015130233993));
#402 = CARTESIAN_POINT('',(6.467238210117,55.538787923638));
#403 = CARTESIAN_POINT('',(6.375211758648,49.292667612828));
#404 = CARTESIAN_POINT('',(6.28318530718,43.329629534098));
#405 = CARTESIAN_POINT('',(6.191158855711,37.700138239319));
#406 = CARTESIAN_POINT('',(6.099132404242,32.451835519041));
#407 = CARTESIAN_POINT('',(6.007105952773,27.629137154737));
#408 = CARTESIAN_POINT('',(5.915079501304,23.272857278972));
#409 = CARTESIAN_POINT('',(5.823053049836,19.419862045541));
#410 = CARTESIAN_POINT('',(5.731026598367,16.102761085964));
#411 = CARTESIAN_POINT('',(5.639000146898,13.349618658732));
#412 = CARTESIAN_POINT('',(5.546973695429,11.183764209468));
#413 = CARTESIAN_POINT('',(5.45494724396,9.623415555416));
#414 = CARTESIAN_POINT('',(5.362920792492,8.682194168702));
#415 = CARTESIAN_POINT('',(5.301569824846,8.471739019852));
#416 = CARTESIAN_POINT('',(5.270894341023,8.472179792305));
#417 = ( GEOMETRIC_REPRESENTATION_CONTEXT(2) 
PARAMETRIC_REPRESENTATION_CONTEXT() REPRESENTATION_CONTEXT('2D SPACE',''
  ) );
#418 = PCURVE('',#419,#424);
#419 = PLANE('',#420);
#420 = AXIS2_PLACEMENT_3D('',#421,#422,#423);
#421 = CARTESIAN_POINT('',(1.311068160754E+04,0.,3.73496516539E+03));
#422 = DIRECTION('',(-1.320567066424E-02,0.,0.999912801329));
#423 = DIRECTION('',(0.999912801329,0.,1.320567066424E-02));
#424 = DEFINITIONAL_REPRESENTATION('',(#425),#433);
#425 = ( BOUNDED_CURVE() B_SPLINE_CURVE(2,(#426,#427,#428,#429,#430,#431
,#432),.UNSPECIFIED.,.T.,.F.) B_SPLINE_CURVE_WITH_KNOTS((1,2,2,2,2,1),(
    -2.094395102393,0.,2.094395102393,4.188790204786,6.28318530718,
8.377580409573),.UNSPECIFIED.) CURVE() GEOMETRIC_REPRESENTATION_ITEM() 
RATIONAL_B_SPLINE_CURVE((1.,0.5,1.,0.5,1.,0.5,1.)) REPRESENTATION_ITEM(
  '') );
#426 = CARTESIAN_POINT('',(3.501558038963E+04,1.740112866872E+04));
#427 = CARTESIAN_POINT('',(3.501558038963E+04,1.566734581035E+04));
#428 = CARTESIAN_POINT('',(3.350995313601E+04,1.653423723954E+04));
#429 = CARTESIAN_POINT('',(3.200432588238E+04,1.740112866872E+04));
#430 = CARTESIAN_POINT('',(3.350995313601E+04,1.826802009791E+04));
#431 = CARTESIAN_POINT('',(3.501558038963E+04,1.91349115271E+04));
#432 = CARTESIAN_POINT('',(3.501558038963E+04,1.740112866872E+04));
#433 = ( GEOMETRIC_REPRESENTATION_CONTEXT(2) 
PARAMETRIC_REPRESENTATION_CONTEXT() REPRESENTATION_CONTEXT('2D SPACE',''
  ) );
#434 = ORIENTED_EDGE('',*,*,#435,.T.);
#435 = EDGE_CURVE('',#376,#436,#438,.T.);
#436 = VERTEX_POINT('',#437);
#437 = CARTESIAN_POINT('',(4.812403423997E+04,1.740112866872E+04,
    4.187933252845E+03));
#438 = SURFACE_CURVE('',#439,(#443,#450),.PCURVE_S1.);
#439 = LINE('',#440,#441);
#440 = CARTESIAN_POINT('',(4.812394708423E+04,1.740112866872E+04,
    4.188929447543E+03));
#441 = VECTOR('',#442,1.);
#442 = DIRECTION('',(8.715574274766E-02,0.,-0.996194698092));
#443 = PCURVE('',#385,#444);
#444 = DEFINITIONAL_REPRESENTATION('',(#445),#449);
#445 = LINE('',#446,#447);
#446 = CARTESIAN_POINT('',(5.270894341023,0.));
#447 = VECTOR('',#448,1.);
#448 = DIRECTION('',(0.,-1.));
#449 = ( GEOMETRIC_REPRESENTATION_CONTEXT(2) 
PARAMETRIC_REPRESENTATION_CONTEXT() REPRESENTATION_CONTEXT('2D SPACE',''
  ) );
#450 = PCURVE('',#451,#456);
#451 = PLANE('',#452);
#452 = AXIS2_PLACEMENT_3D('',#453,#454,#455);
#453 = CARTESIAN_POINT('',(4.812394708423E+04,-1.739966547096E+04,
    4.188929447543E+03));
#454 = DIRECTION('',(0.996194698092,1.56812446186E-15,8.715574274766E-02
    ));
#455 = DIRECTION('',(-1.562157274853E-15,1.,-1.366710521942E-16));
#456 = DEFINITIONAL_REPRESENTATION('',(#457),#461);
#457 = LINE('',#458,#459);
#458 = CARTESIAN_POINT('',(3.480079413968E+04,-9.117856879117E-14));
#459 = VECTOR('',#460,1.);
#460 = DIRECTION('',(0.,-1.));
#461 = ( GEOMETRIC_REPRESENTATION_CONTEXT(2) 
PARAMETRIC_REPRESENTATION_CONTEXT() REPRESENTATION_CONTEXT('2D SPACE',''
  ) );
#462 = ORIENTED_EDGE('',*,*,#463,.T.);
#463 = EDGE_CURVE('',#436,#464,#466,.T.);
#464 = VERTEX_POINT('',#465);
#465 = CARTESIAN_POINT('',(4.668970363194E+04,1.830082150907E+04,
    4.062445584894E+03));
#466 = SURFACE_CURVE('',#467,(#472,#479),.PCURVE_S1.);
#467 = CIRCLE('',#468,1.001E+03);
#468 = AXIS2_PLACEMENT_3D('',#469,#470,#471);
#469 = CARTESIAN_POINT('',(4.712684334718E+04,1.740112866872E+04,
    4.100690354354E+03));
#470 = DIRECTION('',(-8.715574274766E-02,0.,0.996194698092));
#471 = DIRECTION('',(0.527902761446,0.848048096156,4.618550707054E-02));
#472 = PCURVE('',#385,#473);
#473 = DEFINITIONAL_REPRESENTATION('',(#474),#478);
#474 = LINE('',#475,#476);
#475 = CARTESIAN_POINT('',(4.440892098501E-15,-1.));
#476 = VECTOR('',#477,1.);
#477 = DIRECTION('',(1.,0.));
#478 = ( GEOMETRIC_REPRESENTATION_CONTEXT(2) 
PARAMETRIC_REPRESENTATION_CONTEXT() REPRESENTATION_CONTEXT('2D SPACE',''
  ) );
#479 = PCURVE('',#480,#485);
#480 = PLANE('',#481);
#481 = AXIS2_PLACEMENT_3D('',#482,#483,#484);
#482 = CARTESIAN_POINT('',(2.399008450723E+04,4.518198378864E-11,
    2.076486245125E+03));
#483 = DIRECTION('',(-8.715574274766E-02,0.,0.996194698092));
#484 = DIRECTION('',(0.996194698092,0.,8.715574274766E-02));
#485 = DEFINITIONAL_REPRESENTATION('',(#486),#490);
#486 = CIRCLE('',#487,1.001E+03);
#487 = AXIS2_PLACEMENT_2D('',#488,#489);
#488 = CARTESIAN_POINT('',(2.32251375E+04,1.740112866872E+04));
#489 = DIRECTION('',(0.529919264233,0.848048096156));
#490 = ( GEOMETRIC_REPRESENTATION_CONTEXT(2) 
PARAMETRIC_REPRESENTATION_CONTEXT() REPRESENTATION_CONTEXT('2D SPACE',''
  ) );
#491 = ORIENTED_EDGE('',*,*,#492,.T.);
#492 = EDGE_CURVE('',#464,#374,#493,.T.);
#493 = SURFACE_CURVE('',#494,(#498,#505),.PCURVE_S1.);
#494 = LINE('',#495,#496);
#495 = CARTESIAN_POINT('',(4.66896164762E+04,1.830082150907E+04,
    4.063441779592E+03));
#496 = VECTOR('',#497,1.);
#497 = DIRECTION('',(-8.715574274766E-02,0.,0.996194698092));
#498 = PCURVE('',#385,#499);
#499 = DEFINITIONAL_REPRESENTATION('',(#500),#504);
#500 = LINE('',#501,#502);
#501 = CARTESIAN_POINT('',(7.295476273336,0.));
#502 = VECTOR('',#503,1.);
#503 = DIRECTION('',(0.,1.));
#504 = ( GEOMETRIC_REPRESENTATION_CONTEXT(2) 
PARAMETRIC_REPRESENTATION_CONTEXT() REPRESENTATION_CONTEXT('2D SPACE',''
  ) );
#505 = PCURVE('',#506,#511);
#506 = PLANE('',#507);
#507 = AXIS2_PLACEMENT_3D('',#508,#509,#510);
#508 = CARTESIAN_POINT('',(4.66866278921E+04,1.82993583113E+04,
    4.063180312364E+03));
#509 = DIRECTION('',(-0.436703012228,0.898794046299,-3.820656289754E-02)
  );
#510 = DIRECTION('',(-0.8953738636,-0.438371146789,-7.833506268238E-02)
  );
#511 = DEFINITIONAL_REPRESENTATION('',(#512),#516);
#512 = LINE('',#513,#514);
#513 = CARTESIAN_POINT('',(-3.337805821424,1.500466417781E-13));
#514 = VECTOR('',#515,1.);
#515 = DIRECTION('',(0.,1.));
#516 = ( GEOMETRIC_REPRESENTATION_CONTEXT(2) 
PARAMETRIC_REPRESENTATION_CONTEXT() REPRESENTATION_CONTEXT('2D SPACE',''
  ) );
#517 = ADVANCED_FACE('',(#518),#419,.T.);
#518 = FACE_BOUND('',#519,.T.);
#519 = EDGE_LOOP('',(#520,#521,#544,#595,#623,#651,#679,#734,#762,#817)
  );
#520 = ORIENTED_EDGE('',*,*,#373,.F.);
#521 = ORIENTED_EDGE('',*,*,#522,.F.);
#522 = EDGE_CURVE('',#523,#374,#525,.T.);
#523 = VERTEX_POINT('',#524);
#524 = CARTESIAN_POINT('',(2.715135895883E+04,8.80155840001E+03,
    3.920397895882E+03));
#525 = SURFACE_CURVE('',#526,(#530,#537),.PCURVE_S1.);
#526 = LINE('',#527,#528);
#527 = CARTESIAN_POINT('',(2.950934883836E+04,9.948574336699E+03,
    3.951539449163E+03));
#528 = VECTOR('',#529,1.);
#529 = DIRECTION('',(0.899188820788,0.437399632836,1.187542695374E-02));
#530 = PCURVE('',#419,#531);
#531 = DEFINITIONAL_REPRESENTATION('',(#532),#536);
#532 = LINE('',#533,#534);
#533 = CARTESIAN_POINT('',(1.640009729751E+04,9.948574336699E+03));
#534 = VECTOR('',#535,1.);
#535 = DIRECTION('',(0.899267235695,0.437399632836));
#536 = ( GEOMETRIC_REPRESENTATION_CONTEXT(2) 
PARAMETRIC_REPRESENTATION_CONTEXT() REPRESENTATION_CONTEXT('2D SPACE',''
  ) );
#537 = PCURVE('',#506,#538);
#538 = DEFINITIONAL_REPRESENTATION('',(#539),#543);
#539 = LINE('',#540,#541);
#540 = CARTESIAN_POINT('',(1.904957485403E+04,1.385882478302E+03));
#541 = VECTOR('',#542,1.);
#542 = DIRECTION('',(-0.997783809541,-6.653923217726E-02));
#543 = ( GEOMETRIC_REPRESENTATION_CONTEXT(2) 
PARAMETRIC_REPRESENTATION_CONTEXT() REPRESENTATION_CONTEXT('2D SPACE',''
  ) );
#544 = ORIENTED_EDGE('',*,*,#545,.T.);
#545 = EDGE_CURVE('',#523,#546,#548,.T.);
#546 = VERTEX_POINT('',#547);
#547 = CARTESIAN_POINT('',(2.622320744696E+04,8.654429748817E+03,
    3.908139963814E+03));
#548 = SURFACE_CURVE('',#549,(#554,#561),.PCURVE_S1.);
#549 = ELLIPSE('',#550,3.008246261035E+03,3.000000000051E+03);
#550 = AXIS2_PLACEMENT_3D('',#551,#552,#553);
#551 = CARTESIAN_POINT('',(2.715364798751E+04,5.801559268605E+03,
    3.920428126677E+03));
#552 = DIRECTION('',(-1.320567066424E-02,0.,0.999912801329));
#553 = DIRECTION('',(-0.999912801329,0.,-1.320567066424E-02));
#554 = PCURVE('',#419,#555);
#555 = DEFINITIONAL_REPRESENTATION('',(#556),#560);
#556 = ELLIPSE('',#557,3.008246261035E+03,3.000000000051E+03);
#557 = AXIS2_PLACEMENT_2D('',#558,#559);
#558 = CARTESIAN_POINT('',(1.404419101476E+04,5.801559268605E+03));
#559 = DIRECTION('',(-1.,0.));
#560 = ( GEOMETRIC_REPRESENTATION_CONTEXT(2) 
PARAMETRIC_REPRESENTATION_CONTEXT() REPRESENTATION_CONTEXT('2D SPACE',''
  ) );
#561 = PCURVE('',#562,#567);
#562 = CYLINDRICAL_SURFACE('',#563,3.000000000051E+03);
#563 = AXIS2_PLACEMENT_3D('',#564,#565,#566);
#564 = CARTESIAN_POINT('',(2.728962858662E+04,5.801559268605E+03,
    2.366162766714E+03));
#565 = DIRECTION('',(-8.715574274766E-02,0.,0.996194698092));
#566 = DIRECTION('',(0.,1.,0.));
#567 = DEFINITIONAL_REPRESENTATION('',(#568),#594);
#568 = B_SPLINE_CURVE_WITH_KNOTS('',3,(#569,#570,#571,#572,#573,#574,
    #575,#576,#577,#578,#579,#580,#581,#582,#583,#584,#585,#586,#587,
    #588,#589,#590,#591,#592,#593),.UNSPECIFIED.,.F.,.F.,(4,1,1,1,1,1,1,
    1,1,1,1,1,1,1,1,1,1,1,1,1,1,1,4),(4.713149964798,4.727409997671,
    4.741670030544,4.755930063416,4.770190096289,4.784450129161,
    4.798710162034,4.812970194907,4.827230227779,4.841490260652,
    4.855750293525,4.870010326397,4.88427035927,4.898530392142,
    4.912790425015,4.927050457888,4.94131049076,4.955570523633,
    4.969830556505,4.984090589378,4.998350622251,5.012610655123,
    5.026870687996),.QUASI_UNIFORM_KNOTS.);
#569 = CARTESIAN_POINT('',(7.609844136683E-04,1.560371787375E+03));
#570 = CARTESIAN_POINT('',(5.51432870454E-03,1.561429826072E+03));
#571 = CARTESIAN_POINT('',(1.502101728628E-02,1.563545891936E+03));
#572 = CARTESIAN_POINT('',(2.92810501589E-02,1.566719310889E+03));
#573 = CARTESIAN_POINT('',(4.354108303151E-02,1.56989140465E+03));
#574 = CARTESIAN_POINT('',(5.780111590413E-02,1.573061528202E+03));
#575 = CARTESIAN_POINT('',(7.206114877674E-02,1.576229036913E+03));
#576 = CARTESIAN_POINT('',(8.632118164936E-02,1.579393286687E+03));
#577 = CARTESIAN_POINT('',(0.100581214522,1.582553634088E+03));
#578 = CARTESIAN_POINT('',(0.114841247395,1.585709436476E+03));
#579 = CARTESIAN_POINT('',(0.129101280267,1.588860052133E+03));
#580 = CARTESIAN_POINT('',(0.14336131314,1.592004840397E+03));
#581 = CARTESIAN_POINT('',(0.157621346012,1.595143161792E+03));
#582 = CARTESIAN_POINT('',(0.171881378885,1.598274378155E+03));
#583 = CARTESIAN_POINT('',(0.186141411758,1.601397852767E+03));
#584 = CARTESIAN_POINT('',(0.20040144463,1.604512950487E+03));
#585 = CARTESIAN_POINT('',(0.214661477503,1.607619037874E+03));
#586 = CARTESIAN_POINT('',(0.228921510376,1.610715483321E+03));
#587 = CARTESIAN_POINT('',(0.243181543248,1.61380165718E+03));
#588 = CARTESIAN_POINT('',(0.257441576121,1.616876931897E+03));
#589 = CARTESIAN_POINT('',(0.271701608993,1.619940682114E+03));
#590 = CARTESIAN_POINT('',(0.285961641866,1.622992284889E+03));
#591 = CARTESIAN_POINT('',(0.300221674739,1.626031119482E+03));
#592 = CARTESIAN_POINT('',(0.30972836332,1.628048085663E+03));
#593 = CARTESIAN_POINT('',(0.314481707611,1.629054234839E+03));
#594 = ( GEOMETRIC_REPRESENTATION_CONTEXT(2) 
PARAMETRIC_REPRESENTATION_CONTEXT() REPRESENTATION_CONTEXT('2D SPACE',''
  ) );
#595 = ORIENTED_EDGE('',*,*,#596,.T.);
#596 = EDGE_CURVE('',#546,#597,#599,.T.);
#597 = VERTEX_POINT('',#598);
#598 = CARTESIAN_POINT('',(1.311068160754E+04,4.400557843068E+03,
    3.73496516539E+03));
#599 = SURFACE_CURVE('',#600,(#604,#611),.PCURVE_S1.);
#600 = LINE('',#601,#602);
#601 = CARTESIAN_POINT('',(1.907574341213E+04,6.335700556023E+03,
    3.813744676542E+03));
#602 = VECTOR('',#603,1.);
#603 = DIRECTION('',(-0.951123058544,-0.308556544116,-1.256131320211E-02
    ));
#604 = PCURVE('',#419,#605);
#605 = DEFINITIONAL_REPRESENTATION('',(#606),#610);
#606 = LINE('',#607,#608);
#607 = CARTESIAN_POINT('',(5.96558199541E+03,6.335700556023E+03));
#608 = VECTOR('',#609,1.);
#609 = DIRECTION('',(-0.951206002443,-0.308556544116));
#610 = ( GEOMETRIC_REPRESENTATION_CONTEXT(2) 
PARAMETRIC_REPRESENTATION_CONTEXT() REPRESENTATION_CONTEXT('2D SPACE',''
  ) );
#611 = PCURVE('',#612,#617);
#612 = PLANE('',#613);
#613 = AXIS2_PLACEMENT_3D('',#614,#615,#616);
#614 = CARTESIAN_POINT('',(2.636518887877E+04,8.654429748817E+03,
    2.285284772164E+03));
#615 = DIRECTION('',(-0.308146569276,0.950956826721,-2.69593315161E-02)
  );
#616 = DIRECTION('',(-0.947338148894,-0.309323639111,-8.288134855383E-02
    ));
#617 = DEFINITIONAL_REPRESENTATION('',(#618),#622);
#618 = LINE('',#619,#620);
#619 = CARTESIAN_POINT('',(7.496126708777E+03,2.157960686852E+03));
#620 = VECTOR('',#621,1.);
#621 = DIRECTION('',(0.997520089326,7.038232299879E-02));
#622 = ( GEOMETRIC_REPRESENTATION_CONTEXT(2) 
PARAMETRIC_REPRESENTATION_CONTEXT() REPRESENTATION_CONTEXT('2D SPACE',''
  ) );
#623 = ORIENTED_EDGE('',*,*,#624,.F.);
#624 = EDGE_CURVE('',#625,#597,#627,.T.);
#625 = VERTEX_POINT('',#626);
#626 = CARTESIAN_POINT('',(1.311068160754E+04,-4.400557843068E+03,
    3.73496516539E+03));
#627 = SURFACE_CURVE('',#628,(#632,#639),.PCURVE_S1.);
#628 = LINE('',#629,#630);
#629 = CARTESIAN_POINT('',(1.311068160754E+04,0.,3.73496516539E+03));
#630 = VECTOR('',#631,1.);
#631 = DIRECTION('',(0.,1.,0.));
#632 = PCURVE('',#419,#633);
#633 = DEFINITIONAL_REPRESENTATION('',(#634),#638);
#634 = LINE('',#635,#636);
#635 = CARTESIAN_POINT('',(0.,0.));
#636 = VECTOR('',#637,1.);
#637 = DIRECTION('',(0.,1.));
#638 = ( GEOMETRIC_REPRESENTATION_CONTEXT(2) 
PARAMETRIC_REPRESENTATION_CONTEXT() REPRESENTATION_CONTEXT('2D SPACE',''
  ) );
#639 = PCURVE('',#640,#645);
#640 = CYLINDRICAL_SURFACE('',#641,8.E+03);
#641 = AXIS2_PLACEMENT_3D('',#642,#643,#644);
#642 = CARTESIAN_POINT('',(1.321632697285E+04,0.,-4.264337245245E+03));
#643 = DIRECTION('',(0.,1.,0.));
#644 = DIRECTION('',(-0.297238135952,0.,0.954803377945));
#645 = DEFINITIONAL_REPRESENTATION('',(#646),#650);
#646 = LINE('',#647,#648);
#647 = CARTESIAN_POINT('',(0.288592692117,0.));
#648 = VECTOR('',#649,1.);
#649 = DIRECTION('',(0.,1.));
#650 = ( GEOMETRIC_REPRESENTATION_CONTEXT(2) 
PARAMETRIC_REPRESENTATION_CONTEXT() REPRESENTATION_CONTEXT('2D SPACE',''
  ) );
#651 = ORIENTED_EDGE('',*,*,#652,.F.);
#652 = EDGE_CURVE('',#653,#625,#655,.T.);
#653 = VERTEX_POINT('',#654);
#654 = CARTESIAN_POINT('',(2.622320744696E+04,-8.654429748817E+03,
    3.908139963814E+03));
#655 = SURFACE_CURVE('',#656,(#660,#667),.PCURVE_S1.);
#656 = LINE('',#657,#658);
#657 = CARTESIAN_POINT('',(1.907574341213E+04,-6.335700556023E+03,
    3.813744676542E+03));
#658 = VECTOR('',#659,1.);
#659 = DIRECTION('',(-0.951123058544,0.308556544116,-1.256131320211E-02)
  );
#660 = PCURVE('',#419,#661);
#661 = DEFINITIONAL_REPRESENTATION('',(#662),#666);
#662 = LINE('',#663,#664);
#663 = CARTESIAN_POINT('',(5.96558199541E+03,-6.335700556023E+03));
#664 = VECTOR('',#665,1.);
#665 = DIRECTION('',(-0.951206002443,0.308556544116));
#666 = ( GEOMETRIC_REPRESENTATION_CONTEXT(2) 
PARAMETRIC_REPRESENTATION_CONTEXT() REPRESENTATION_CONTEXT('2D SPACE',''
  ) );
#667 = PCURVE('',#668,#673);
#668 = PLANE('',#669);
#669 = AXIS2_PLACEMENT_3D('',#670,#671,#672);
#670 = CARTESIAN_POINT('',(2.636518887877E+04,-8.654429748817E+03,
    2.285284772164E+03));
#671 = DIRECTION('',(0.308146569276,0.950956826721,2.69593315161E-02));
#672 = DIRECTION('',(-0.947338148894,0.309323639111,-8.288134855383E-02)
  );
#673 = DEFINITIONAL_REPRESENTATION('',(#674),#678);
#674 = LINE('',#675,#676);
#675 = CARTESIAN_POINT('',(7.496126708777E+03,2.157960686852E+03));
#676 = VECTOR('',#677,1.);
#677 = DIRECTION('',(0.997520089326,7.038232299879E-02));
#678 = ( GEOMETRIC_REPRESENTATION_CONTEXT(2) 
PARAMETRIC_REPRESENTATION_CONTEXT() REPRESENTATION_CONTEXT('2D SPACE',''
  ) );
#679 = ORIENTED_EDGE('',*,*,#680,.F.);
#680 = EDGE_CURVE('',#681,#653,#683,.T.);
#681 = VERTEX_POINT('',#682);
#682 = CARTESIAN_POINT('',(2.715135895883E+04,-8.80155840001E+03,
    3.920397895882E+03));
#683 = SURFACE_CURVE('',#684,(#689,#700),.PCURVE_S1.);
#684 = ELLIPSE('',#685,3.008246261035E+03,3.000000000051E+03);
#685 = AXIS2_PLACEMENT_3D('',#686,#687,#688);
#686 = CARTESIAN_POINT('',(2.715364798751E+04,-5.801559268605E+03,
    3.920428126677E+03));
#687 = DIRECTION('',(1.320567066424E-02,0.,-0.999912801329));
#688 = DIRECTION('',(-0.999912801329,0.,-1.320567066424E-02));
#689 = PCURVE('',#419,#690);
#690 = DEFINITIONAL_REPRESENTATION('',(#691),#699);
#691 = ( BOUNDED_CURVE() B_SPLINE_CURVE(2,(#692,#693,#694,#695,#696,#697
,#698),.UNSPECIFIED.,.T.,.F.) B_SPLINE_CURVE_WITH_KNOTS((1,2,2,2,2,1),(
    -2.094395102393,0.,2.094395102393,4.188790204786,6.28318530718,
8.377580409573),.UNSPECIFIED.) CURVE() GEOMETRIC_REPRESENTATION_ITEM() 
RATIONAL_B_SPLINE_CURVE((1.,0.5,1.,0.5,1.,0.5,1.)) REPRESENTATION_ITEM(
  '') );
#692 = CARTESIAN_POINT('',(1.103594475373E+04,-5.801559268605E+03));
#693 = CARTESIAN_POINT('',(1.103594475373E+04,-605.4068458102));
#694 = CARTESIAN_POINT('',(1.554831414528E+04,-3.203483057208E+03));
#695 = CARTESIAN_POINT('',(2.006068353683E+04,-5.801559268605E+03));
#696 = CARTESIAN_POINT('',(1.554831414528E+04,-8.399635480003E+03));
#697 = CARTESIAN_POINT('',(1.103594475373E+04,-1.09977116914E+04));
#698 = CARTESIAN_POINT('',(1.103594475373E+04,-5.801559268605E+03));
#699 = ( GEOMETRIC_REPRESENTATION_CONTEXT(2) 
PARAMETRIC_REPRESENTATION_CONTEXT() REPRESENTATION_CONTEXT('2D SPACE',''
  ) );
#700 = PCURVE('',#701,#706);
#701 = CYLINDRICAL_SURFACE('',#702,3.000000000051E+03);
#702 = AXIS2_PLACEMENT_3D('',#703,#704,#705);
#703 = CARTESIAN_POINT('',(2.728962858662E+04,-5.801559268605E+03,
    2.366162766714E+03));
#704 = DIRECTION('',(8.715574274766E-02,0.,-0.996194698092));
#705 = DIRECTION('',(0.,-1.,0.));
#706 = DEFINITIONAL_REPRESENTATION('',(#707),#733);
#707 = B_SPLINE_CURVE_WITH_KNOTS('',3,(#708,#709,#710,#711,#712,#713,
    #714,#715,#716,#717,#718,#719,#720,#721,#722,#723,#724,#725,#726,
    #727,#728,#729,#730,#731,#732),.UNSPECIFIED.,.F.,.F.,(4,1,1,1,1,1,1,
    1,1,1,1,1,1,1,1,1,1,1,1,1,1,1,4),(4.713149964798,4.727409997671,
    4.741670030544,4.755930063416,4.770190096289,4.784450129161,
    4.798710162034,4.812970194907,4.827230227779,4.841490260652,
    4.855750293525,4.870010326397,4.88427035927,4.898530392142,
    4.912790425015,4.927050457888,4.94131049076,4.955570523633,
    4.969830556505,4.984090589378,4.998350622251,5.012610655123,
    5.026870687996),.QUASI_UNIFORM_KNOTS.);
#708 = CARTESIAN_POINT('',(7.609844136683E-04,-1.560371787375E+03));
#709 = CARTESIAN_POINT('',(5.51432870454E-03,-1.561429826072E+03));
#710 = CARTESIAN_POINT('',(1.502101728628E-02,-1.563545891936E+03));
#711 = CARTESIAN_POINT('',(2.92810501589E-02,-1.566719310889E+03));
#712 = CARTESIAN_POINT('',(4.354108303151E-02,-1.56989140465E+03));
#713 = CARTESIAN_POINT('',(5.780111590413E-02,-1.573061528202E+03));
#714 = CARTESIAN_POINT('',(7.206114877674E-02,-1.576229036913E+03));
#715 = CARTESIAN_POINT('',(8.632118164936E-02,-1.579393286687E+03));
#716 = CARTESIAN_POINT('',(0.100581214522,-1.582553634088E+03));
#717 = CARTESIAN_POINT('',(0.114841247395,-1.585709436476E+03));
#718 = CARTESIAN_POINT('',(0.129101280267,-1.588860052133E+03));
#719 = CARTESIAN_POINT('',(0.14336131314,-1.592004840397E+03));
#720 = CARTESIAN_POINT('',(0.157621346012,-1.595143161792E+03));
#721 = CARTESIAN_POINT('',(0.171881378885,-1.598274378155E+03));
#722 = CARTESIAN_POINT('',(0.186141411758,-1.601397852767E+03));
#723 = CARTESIAN_POINT('',(0.20040144463,-1.604512950487E+03));
#724 = CARTESIAN_POINT('',(0.214661477503,-1.607619037874E+03));
#725 = CARTESIAN_POINT('',(0.228921510376,-1.610715483321E+03));
#726 = CARTESIAN_POINT('',(0.243181543248,-1.61380165718E+03));
#727 = CARTESIAN_POINT('',(0.257441576121,-1.616876931897E+03));
#728 = CARTESIAN_POINT('',(0.271701608993,-1.619940682114E+03));
#729 = CARTESIAN_POINT('',(0.285961641866,-1.622992284889E+03));
#730 = CARTESIAN_POINT('',(0.300221674739,-1.626031119482E+03));
#731 = CARTESIAN_POINT('',(0.30972836332,-1.628048085663E+03));
#732 = CARTESIAN_POINT('',(0.314481707611,-1.629054234839E+03));
#733 = ( GEOMETRIC_REPRESENTATION_CONTEXT(2) 
PARAMETRIC_REPRESENTATION_CONTEXT() REPRESENTATION_CONTEXT('2D SPACE',''
  ) );
#734 = ORIENTED_EDGE('',*,*,#735,.T.);
#735 = EDGE_CURVE('',#681,#736,#738,.T.);
#736 = VERTEX_POINT('',#737);
#737 = CARTESIAN_POINT('',(4.667956738006E+04,-1.830082150907E+04,
    4.178303473979E+03));
#738 = SURFACE_CURVE('',#739,(#743,#750),.PCURVE_S1.);
#739 = LINE('',#740,#741);
#740 = CARTESIAN_POINT('',(2.950934883836E+04,-9.948574336699E+03,
    3.951539449163E+03));
#741 = VECTOR('',#742,1.);
#742 = DIRECTION('',(0.899188820788,-0.437399632836,1.187542695374E-02)
  );
#743 = PCURVE('',#419,#744);
#744 = DEFINITIONAL_REPRESENTATION('',(#745),#749);
#745 = LINE('',#746,#747);
#746 = CARTESIAN_POINT('',(1.640009729751E+04,-9.948574336699E+03));
#747 = VECTOR('',#748,1.);
#748 = DIRECTION('',(0.899267235695,-0.437399632836));
#749 = ( GEOMETRIC_REPRESENTATION_CONTEXT(2) 
PARAMETRIC_REPRESENTATION_CONTEXT() REPRESENTATION_CONTEXT('2D SPACE',''
  ) );
#750 = PCURVE('',#751,#756);
#751 = PLANE('',#752);
#752 = AXIS2_PLACEMENT_3D('',#753,#754,#755);
#753 = CARTESIAN_POINT('',(4.66866278921E+04,-1.82993583113E+04,
    4.063180312364E+03));
#754 = DIRECTION('',(0.436703012228,0.898794046299,3.820656289754E-02));
#755 = DIRECTION('',(-0.8953738636,0.438371146789,-7.833506268238E-02));
#756 = DEFINITIONAL_REPRESENTATION('',(#757),#761);
#757 = LINE('',#758,#759);
#758 = CARTESIAN_POINT('',(1.904957485403E+04,1.385882478302E+03));
#759 = VECTOR('',#760,1.);
#760 = DIRECTION('',(-0.997783809541,-6.653923217726E-02));
#761 = ( GEOMETRIC_REPRESENTATION_CONTEXT(2) 
PARAMETRIC_REPRESENTATION_CONTEXT() REPRESENTATION_CONTEXT('2D SPACE',''
  ) );
#762 = ORIENTED_EDGE('',*,*,#763,.F.);
#763 = EDGE_CURVE('',#764,#736,#766,.T.);
#764 = VERTEX_POINT('',#765);
#765 = CARTESIAN_POINT('',(4.81232086851E+04,-1.740112866872E+04,
    4.197369388133E+03));
#766 = SURFACE_CURVE('',#767,(#772,#783),.PCURVE_S1.);
#767 = ELLIPSE('',#768,1.003751502416E+03,1.001E+03);
#768 = AXIS2_PLACEMENT_3D('',#769,#770,#771);
#769 = CARTESIAN_POINT('',(4.711954470849E+04,-1.740112866872E+04,
    4.184114176363E+03));
#770 = DIRECTION('',(1.320567066424E-02,1.848892746612E-32,
    -0.999912801329));
#771 = DIRECTION('',(0.999912801329,-2.477604834638E-15,
    1.320567066424E-02));
#772 = PCURVE('',#419,#773);
#773 = DEFINITIONAL_REPRESENTATION('',(#774),#782);
#774 = ( BOUNDED_CURVE() B_SPLINE_CURVE(2,(#775,#776,#777,#778,#779,#780
,#781),.UNSPECIFIED.,.T.,.F.) B_SPLINE_CURVE_WITH_KNOTS((1,2,2,2,2,1),(
    -2.094395102393,0.,2.094395102393,4.188790204786,6.28318530718,
8.377580409573),.UNSPECIFIED.) CURVE() GEOMETRIC_REPRESENTATION_ITEM() 
RATIONAL_B_SPLINE_CURVE((1.,0.5,1.,0.5,1.,0.5,1.)) REPRESENTATION_ITEM(
  '') );
#775 = CARTESIAN_POINT('',(3.501558038963E+04,-1.740112866872E+04));
#776 = CARTESIAN_POINT('',(3.501558038963E+04,-1.91349115271E+04));
#777 = CARTESIAN_POINT('',(3.350995313601E+04,-1.826802009791E+04));
#778 = CARTESIAN_POINT('',(3.200432588238E+04,-1.740112866872E+04));
#779 = CARTESIAN_POINT('',(3.350995313601E+04,-1.653423723954E+04));
#780 = CARTESIAN_POINT('',(3.501558038963E+04,-1.566734581035E+04));
#781 = CARTESIAN_POINT('',(3.501558038963E+04,-1.740112866872E+04));
#782 = ( GEOMETRIC_REPRESENTATION_CONTEXT(2) 
PARAMETRIC_REPRESENTATION_CONTEXT() REPRESENTATION_CONTEXT('2D SPACE',''
  ) );
#783 = PCURVE('',#784,#789);
#784 = CYLINDRICAL_SURFACE('',#785,1.001E+03);
#785 = AXIS2_PLACEMENT_3D('',#786,#787,#788);
#786 = CARTESIAN_POINT('',(4.712675619144E+04,-1.740112866872E+04,
    4.101686549052E+03));
#787 = DIRECTION('',(8.715574274766E-02,0.,-0.996194698092));
#788 = DIRECTION('',(0.527902761446,-0.848048096156,4.618550707054E-02)
  );
#789 = DEFINITIONAL_REPRESENTATION('',(#790),#816);
#790 = B_SPLINE_CURVE_WITH_KNOTS('',3,(#791,#792,#793,#794,#795,#796,
    #797,#798,#799,#800,#801,#802,#803,#804,#805,#806,#807,#808,#809,
    #810,#811,#812,#813,#814,#815),.UNSPECIFIED.,.F.,.F.,(4,1,1,1,1,1,1,
    1,1,1,1,1,1,1,1,1,1,1,1,1,1,1,4),(-2.6645352591E-15,
    9.202645146879E-02,0.184052902938,0.276079354406,0.368105805875,
    0.460132257344,0.552158708813,0.644185160282,0.73621161175,
    0.828238063219,0.920264514688,1.012290966157,1.104317417626,
    1.196343869094,1.288370320563,1.380396772032,1.472423223501,
    1.56444967497,1.656476126438,1.748502577907,1.840529029376,
    1.932555480845,2.024581932313),.UNSPECIFIED.);
#791 = CARTESIAN_POINT('',(-1.012290966157,-8.4721797923));
#792 = CARTESIAN_POINT('',(-0.981615482334,-8.471739019848));
#793 = CARTESIAN_POINT('',(-0.920264514688,-8.682194168697));
#794 = CARTESIAN_POINT('',(-0.828238063219,-9.623415555412));
#795 = CARTESIAN_POINT('',(-0.73621161175,-11.18376420946));
#796 = CARTESIAN_POINT('',(-0.644185160282,-13.34961865872));
#797 = CARTESIAN_POINT('',(-0.552158708813,-16.10276108596));
#798 = CARTESIAN_POINT('',(-0.460132257344,-19.41986204553));
#799 = CARTESIAN_POINT('',(-0.368105805875,-23.27285727896));
#800 = CARTESIAN_POINT('',(-0.276079354406,-27.62913715473));
#801 = CARTESIAN_POINT('',(-0.184052902938,-32.45183551903));
#802 = CARTESIAN_POINT('',(-9.202645146875E-02,-37.70013823931));
#803 = CARTESIAN_POINT('',(6.486717690862E-14,-43.32962953409));
#804 = CARTESIAN_POINT('',(9.202645146884E-02,-49.29266761282));
#805 = CARTESIAN_POINT('',(0.184052902938,-55.53878792363));
#806 = CARTESIAN_POINT('',(0.276079354406,-62.01513023399));
#807 = CARTESIAN_POINT('',(0.368105805875,-68.66688590248));
#808 = CARTESIAN_POINT('',(0.460132257344,-75.43776202864));
#809 = CARTESIAN_POINT('',(0.552158708813,-82.27045669166));
#810 = CARTESIAN_POINT('',(0.644185160282,-89.10714822862));
#811 = CARTESIAN_POINT('',(0.73621161175,-95.88996838195));
#812 = CARTESIAN_POINT('',(0.828238063219,-102.5615524585));
#813 = CARTESIAN_POINT('',(0.920264514688,-109.0652992868));
#814 = CARTESIAN_POINT('',(0.981615482334,-113.2528943335));
#815 = CARTESIAN_POINT('',(1.012290966157,-115.3004473997));
#816 = ( GEOMETRIC_REPRESENTATION_CONTEXT(2) 
PARAMETRIC_REPRESENTATION_CONTEXT() REPRESENTATION_CONTEXT('2D SPACE',''
  ) );
#817 = ORIENTED_EDGE('',*,*,#818,.F.);
#818 = EDGE_CURVE('',#376,#764,#819,.T.);
#819 = SURFACE_CURVE('',#820,(#824,#831),.PCURVE_S1.);
#820 = LINE('',#821,#822);
#821 = CARTESIAN_POINT('',(4.81232086851E+04,-8.69983273548E+03,
    4.197369388133E+03));
#822 = VECTOR('',#823,1.);
#823 = DIRECTION('',(1.572297735487E-15,-1.,2.076505676633E-17));
#824 = PCURVE('',#419,#825);
#825 = DEFINITIONAL_REPRESENTATION('',(#826),#830);
#826 = LINE('',#827,#828);
#827 = CARTESIAN_POINT('',(3.501558038963E+04,-8.69983273548E+03));
#828 = VECTOR('',#829,1.);
#829 = DIRECTION('',(1.572434849716E-15,-1.));
#830 = ( GEOMETRIC_REPRESENTATION_CONTEXT(2) 
PARAMETRIC_REPRESENTATION_CONTEXT() REPRESENTATION_CONTEXT('2D SPACE',''
  ) );
#831 = PCURVE('',#451,#832);
#832 = DEFINITIONAL_REPRESENTATION('',(#833),#837);
#833 = LINE('',#834,#835);
#834 = CARTESIAN_POINT('',(8.69983273548E+03,8.472179792299));
#835 = VECTOR('',#836,1.);
#836 = DIRECTION('',(-1.,-1.163487375007E-16));
#837 = ( GEOMETRIC_REPRESENTATION_CONTEXT(2) 
PARAMETRIC_REPRESENTATION_CONTEXT() REPRESENTATION_CONTEXT('2D SPACE',''
  ) );
#838 = ADVANCED_FACE('',(#839),#451,.T.);
#839 = FACE_BOUND('',#840,.T.);
#840 = EDGE_LOOP('',(#841,#842,#843,#866));
#841 = ORIENTED_EDGE('',*,*,#435,.F.);
#842 = ORIENTED_EDGE('',*,*,#818,.T.);
#843 = ORIENTED_EDGE('',*,*,#844,.F.);
#844 = EDGE_CURVE('',#845,#764,#847,.T.);
#845 = VERTEX_POINT('',#846);
#846 = CARTESIAN_POINT('',(4.812403423997E+04,-1.740112866872E+04,
    4.187933252845E+03));
#847 = SURFACE_CURVE('',#848,(#852,#859),.PCURVE_S1.);
#848 = LINE('',#849,#850);
#849 = CARTESIAN_POINT('',(4.812394708423E+04,-1.740112866872E+04,
    4.188929447543E+03));
#850 = VECTOR('',#851,1.);
#851 = DIRECTION('',(-8.715574274766E-02,0.,0.996194698092));
#852 = PCURVE('',#451,#853);
#853 = DEFINITIONAL_REPRESENTATION('',(#854),#858);
#854 = LINE('',#855,#856);
#855 = CARTESIAN_POINT('',(-1.463197765002,0.));
#856 = VECTOR('',#857,1.);
#857 = DIRECTION('',(0.,1.));
#858 = ( GEOMETRIC_REPRESENTATION_CONTEXT(2) 
PARAMETRIC_REPRESENTATION_CONTEXT() REPRESENTATION_CONTEXT('2D SPACE',''
  ) );
#859 = PCURVE('',#784,#860);
#860 = DEFINITIONAL_REPRESENTATION('',(#861),#865);
#861 = LINE('',#862,#863);
#862 = CARTESIAN_POINT('',(-1.012290966157,0.));
#863 = VECTOR('',#864,1.);
#864 = DIRECTION('',(0.,-1.));
#865 = ( GEOMETRIC_REPRESENTATION_CONTEXT(2) 
PARAMETRIC_REPRESENTATION_CONTEXT() REPRESENTATION_CONTEXT('2D SPACE',''
  ) );
#866 = ORIENTED_EDGE('',*,*,#867,.F.);
#867 = EDGE_CURVE('',#436,#845,#868,.T.);
#868 = SURFACE_CURVE('',#869,(#873,#880),.PCURVE_S1.);
#869 = LINE('',#870,#871);
#870 = CARTESIAN_POINT('',(4.812403423997E+04,-8.69983273548E+03,
    4.187933252845E+03));
#871 = VECTOR('',#872,1.);
#872 = DIRECTION('',(1.562157274853E-15,-1.,1.366710521942E-16));
#873 = PCURVE('',#451,#874);
#874 = DEFINITIONAL_REPRESENTATION('',(#875),#879);
#875 = LINE('',#876,#877);
#876 = CARTESIAN_POINT('',(8.69983273548E+03,-1.));
#877 = VECTOR('',#878,1.);
#878 = DIRECTION('',(-1.,0.));
#879 = ( GEOMETRIC_REPRESENTATION_CONTEXT(2) 
PARAMETRIC_REPRESENTATION_CONTEXT() REPRESENTATION_CONTEXT('2D SPACE',''
  ) );
#880 = PCURVE('',#480,#881);
#881 = DEFINITIONAL_REPRESENTATION('',(#882),#886);
#882 = LINE('',#883,#884);
#883 = CARTESIAN_POINT('',(2.42261375E+04,-8.69983273548E+03));
#884 = VECTOR('',#885,1.);
#885 = DIRECTION('',(1.56812446186E-15,-1.));
#886 = ( GEOMETRIC_REPRESENTATION_CONTEXT(2) 
PARAMETRIC_REPRESENTATION_CONTEXT() REPRESENTATION_CONTEXT('2D SPACE',''
  ) );
#887 = ADVANCED_FACE('',(#888),#480,.F.);
#888 = FACE_BOUND('',#889,.T.);
#889 = EDGE_LOOP('',(#890,#891,#892,#916,#939,#967,#990,#1018,#1041,
    #1065));
#890 = ORIENTED_EDGE('',*,*,#463,.F.);
#891 = ORIENTED_EDGE('',*,*,#867,.T.);
#892 = ORIENTED_EDGE('',*,*,#893,.F.);
#893 = EDGE_CURVE('',#894,#845,#896,.T.);
#894 = VERTEX_POINT('',#895);
#895 = CARTESIAN_POINT('',(4.668970363194E+04,-1.830082150907E+04,
    4.062445584894E+03));
#896 = SURFACE_CURVE('',#897,(#902,#909),.PCURVE_S1.);
#897 = CIRCLE('',#898,1.001E+03);
#898 = AXIS2_PLACEMENT_3D('',#899,#900,#901);
#899 = CARTESIAN_POINT('',(4.712684334718E+04,-1.740112866872E+04,
    4.100690354354E+03));
#900 = DIRECTION('',(-8.715574274766E-02,6.938893903907E-18,
    0.996194698092));
#901 = DIRECTION('',(0.527902761446,-0.848048096156,4.618550707054E-02)
  );
#902 = PCURVE('',#480,#903);
#903 = DEFINITIONAL_REPRESENTATION('',(#904),#908);
#904 = CIRCLE('',#905,1.001E+03);
#905 = AXIS2_PLACEMENT_2D('',#906,#907);
#906 = CARTESIAN_POINT('',(2.32251375E+04,-1.740112866872E+04));
#907 = DIRECTION('',(0.529919264233,-0.848048096156));
#908 = ( GEOMETRIC_REPRESENTATION_CONTEXT(2) 
PARAMETRIC_REPRESENTATION_CONTEXT() REPRESENTATION_CONTEXT('2D SPACE',''
  ) );
#909 = PCURVE('',#784,#910);
#910 = DEFINITIONAL_REPRESENTATION('',(#911),#915);
#911 = LINE('',#912,#913);
#912 = CARTESIAN_POINT('',(6.28318530718,1.));
#913 = VECTOR('',#914,1.);
#914 = DIRECTION('',(-1.,0.));
#915 = ( GEOMETRIC_REPRESENTATION_CONTEXT(2) 
PARAMETRIC_REPRESENTATION_CONTEXT() REPRESENTATION_CONTEXT('2D SPACE',''
  ) );
#916 = ORIENTED_EDGE('',*,*,#917,.F.);
#917 = EDGE_CURVE('',#918,#894,#920,.T.);
#918 = VERTEX_POINT('',#919);
#919 = CARTESIAN_POINT('',(2.728744147667E+04,-8.80155840001E+03,
    2.364967599549E+03));
#920 = SURFACE_CURVE('',#921,(#925,#932),.PCURVE_S1.);
#921 = LINE('',#922,#923);
#922 = CARTESIAN_POINT('',(3.392789256852E+04,-1.205269435414E+04,
    2.945931790785E+03));
#923 = VECTOR('',#924,1.);
#924 = DIRECTION('',(0.8953738636,-0.438371146789,7.833506268238E-02));
#925 = PCURVE('',#480,#926);
#926 = DEFINITIONAL_REPRESENTATION('',(#927),#931);
#927 = LINE('',#928,#929);
#928 = CARTESIAN_POINT('',(9.975768873629E+03,-1.205269435414E+04));
#929 = VECTOR('',#930,1.);
#930 = DIRECTION('',(0.898794046299,-0.438371146789));
#931 = ( GEOMETRIC_REPRESENTATION_CONTEXT(2) 
PARAMETRIC_REPRESENTATION_CONTEXT() REPRESENTATION_CONTEXT('2D SPACE',''
  ) );
#932 = PCURVE('',#751,#933);
#933 = DEFINITIONAL_REPRESENTATION('',(#934),#938);
#934 = LINE('',#935,#936);
#935 = CARTESIAN_POINT('',(1.42497151168E+04,-1.));
#936 = VECTOR('',#937,1.);
#937 = DIRECTION('',(-1.,0.));
#938 = ( GEOMETRIC_REPRESENTATION_CONTEXT(2) 
PARAMETRIC_REPRESENTATION_CONTEXT() REPRESENTATION_CONTEXT('2D SPACE',''
  ) );
#939 = ORIENTED_EDGE('',*,*,#940,.T.);
#940 = EDGE_CURVE('',#918,#941,#943,.T.);
#941 = VERTEX_POINT('',#942);
#942 = CARTESIAN_POINT('',(2.636527603452E+04,-8.654429748817E+03,
    2.284288577466E+03));
#943 = SURFACE_CURVE('',#944,(#949,#960),.PCURVE_S1.);
#944 = CIRCLE('',#945,3.000000000051E+03);
#945 = AXIS2_PLACEMENT_3D('',#946,#947,#948);
#946 = CARTESIAN_POINT('',(2.728971574236E+04,-5.801559268605E+03,
    2.365166572015E+03));
#947 = DIRECTION('',(8.715574274766E-02,0.,-0.996194698092));
#948 = DIRECTION('',(0.,-1.,0.));
#949 = PCURVE('',#480,#950);
#950 = DEFINITIONAL_REPRESENTATION('',(#951),#959);
#951 = ( BOUNDED_CURVE() B_SPLINE_CURVE(2,(#952,#953,#954,#955,#956,#957
,#958),.UNSPECIFIED.,.T.,.F.) B_SPLINE_CURVE_WITH_KNOTS((1,2,2,2,2,1),(
    -2.094395102393,0.,2.094395102393,4.188790204786,6.28318530718,
8.377580409573),.UNSPECIFIED.) CURVE() GEOMETRIC_REPRESENTATION_ITEM() 
RATIONAL_B_SPLINE_CURVE((1.,0.5,1.,0.5,1.,0.5,1.)) REPRESENTATION_ITEM(
  '') );
#952 = CARTESIAN_POINT('',(3.312235290406E+03,-8.801559268656E+03));
#953 = CARTESIAN_POINT('',(-1.883917132389E+03,-8.801559268656E+03));
#954 = CARTESIAN_POINT('',(714.15907900825,-4.30155926858E+03));
#955 = CARTESIAN_POINT('',(3.312235290406E+03,198.44073149677));
#956 = CARTESIAN_POINT('',(5.910311501803E+03,-4.30155926858E+03));
#957 = CARTESIAN_POINT('',(8.508387713201E+03,-8.801559268656E+03));
#958 = CARTESIAN_POINT('',(3.312235290406E+03,-8.801559268656E+03));
#959 = ( GEOMETRIC_REPRESENTATION_CONTEXT(2) 
PARAMETRIC_REPRESENTATION_CONTEXT() REPRESENTATION_CONTEXT('2D SPACE',''
  ) );
#960 = PCURVE('',#701,#961);
#961 = DEFINITIONAL_REPRESENTATION('',(#962),#966);
#962 = LINE('',#963,#964);
#963 = CARTESIAN_POINT('',(-1.51788304148E-18,1.));
#964 = VECTOR('',#965,1.);
#965 = DIRECTION('',(1.,0.));
#966 = ( GEOMETRIC_REPRESENTATION_CONTEXT(2) 
PARAMETRIC_REPRESENTATION_CONTEXT() REPRESENTATION_CONTEXT('2D SPACE',''
  ) );
#967 = ORIENTED_EDGE('',*,*,#968,.T.);
#968 = EDGE_CURVE('',#941,#969,#971,.T.);
#969 = VERTEX_POINT('',#970);
#970 = CARTESIAN_POINT('',(85.064394500817,-73.44870146706,
    -14.93201609758));
#971 = SURFACE_CURVE('',#972,(#976,#983),.PCURVE_S1.);
#972 = LINE('',#973,#974);
#973 = CARTESIAN_POINT('',(2.402328931055E+04,-7.889727243115E+03,
    2.079391288991E+03));
#974 = VECTOR('',#975,1.);
#975 = DIRECTION('',(-0.947338148894,0.309323639111,-8.288134855383E-02)
  );
#976 = PCURVE('',#480,#977);
#977 = DEFINITIONAL_REPRESENTATION('',(#978),#982);
#978 = LINE('',#979,#980);
#979 = CARTESIAN_POINT('',(33.331640278498,-7.889727243115E+03));
#980 = VECTOR('',#981,1.);
#981 = DIRECTION('',(-0.950956826721,0.309323639111));
#982 = ( GEOMETRIC_REPRESENTATION_CONTEXT(2) 
PARAMETRIC_REPRESENTATION_CONTEXT() REPRESENTATION_CONTEXT('2D SPACE',''
  ) );
#983 = PCURVE('',#668,#984);
#984 = DEFINITIONAL_REPRESENTATION('',(#985),#989);
#985 = LINE('',#986,#987);
#986 = CARTESIAN_POINT('',(2.472176093299E+03,-1.));
#987 = VECTOR('',#988,1.);
#988 = DIRECTION('',(1.,0.));
#989 = ( GEOMETRIC_REPRESENTATION_CONTEXT(2) 
PARAMETRIC_REPRESENTATION_CONTEXT() REPRESENTATION_CONTEXT('2D SPACE',''
  ) );
#990 = ORIENTED_EDGE('',*,*,#991,.F.);
#991 = EDGE_CURVE('',#992,#969,#994,.T.);
#992 = VERTEX_POINT('',#993);
#993 = CARTESIAN_POINT('',(85.064394500817,73.448701467062,
    -14.93201609758));
#994 = SURFACE_CURVE('',#995,(#999,#1006),.PCURVE_S1.);
#995 = LINE('',#996,#997);
#996 = CARTESIAN_POINT('',(85.06439450082,2.259099189432E-11,
    -14.93201609758));
#997 = VECTOR('',#998,1.);
#998 = DIRECTION('',(0.,-1.,0.));
#999 = PCURVE('',#480,#1000);
#1000 = DEFINITIONAL_REPRESENTATION('',(#1001),#1005);
#1001 = LINE('',#1002,#1003);
#1002 = CARTESIAN_POINT('',(-2.399633340603E+04,-2.259099189432E-11));
#1003 = VECTOR('',#1004,1.);
#1004 = DIRECTION('',(0.,-1.));
#1005 = ( GEOMETRIC_REPRESENTATION_CONTEXT(2) 
PARAMETRIC_REPRESENTATION_CONTEXT() REPRESENTATION_CONTEXT('2D SPACE',''
  ) );
#1006 = PCURVE('',#1007,#1012);
#1007 = CYLINDRICAL_SURFACE('',#1008,20.);
#1008 = AXIS2_PLACEMENT_3D('',#1009,#1010,#1011);
#1009 = CARTESIAN_POINT('',(83.321279645866,2.259099189432E-11,
    4.991877864253));
#1010 = DIRECTION('',(0.,-1.,0.));
#1011 = DIRECTION('',(-0.981138127971,-0.,-0.193307976663));
#1012 = DEFINITIONAL_REPRESENTATION('',(#1013),#1017);
#1013 = LINE('',#1014,#1015);
#1014 = CARTESIAN_POINT('',(7.746715491958,0.));
#1015 = VECTOR('',#1016,1.);
#1016 = DIRECTION('',(0.,1.));
#1017 = ( GEOMETRIC_REPRESENTATION_CONTEXT(2) 
PARAMETRIC_REPRESENTATION_CONTEXT() REPRESENTATION_CONTEXT('2D SPACE',''
  ) );
#1018 = ORIENTED_EDGE('',*,*,#1019,.F.);
#1019 = EDGE_CURVE('',#1020,#992,#1022,.T.);
#1020 = VERTEX_POINT('',#1021);
#1021 = CARTESIAN_POINT('',(2.636527603452E+04,8.654429748817E+03,
    2.284288577466E+03));
#1022 = SURFACE_CURVE('',#1023,(#1027,#1034),.PCURVE_S1.);
#1023 = LINE('',#1024,#1025);
#1024 = CARTESIAN_POINT('',(2.402328931055E+04,7.889727243115E+03,
    2.079391288991E+03));
#1025 = VECTOR('',#1026,1.);
#1026 = DIRECTION('',(-0.947338148894,-0.309323639111,
    -8.288134855383E-02));
#1027 = PCURVE('',#480,#1028);
#1028 = DEFINITIONAL_REPRESENTATION('',(#1029),#1033);
#1029 = LINE('',#1030,#1031);
#1030 = CARTESIAN_POINT('',(33.331640278498,7.889727243115E+03));
#1031 = VECTOR('',#1032,1.);
#1032 = DIRECTION('',(-0.950956826721,-0.309323639111));
#1033 = ( GEOMETRIC_REPRESENTATION_CONTEXT(2) 
PARAMETRIC_REPRESENTATION_CONTEXT() REPRESENTATION_CONTEXT('2D SPACE',''
  ) );
#1034 = PCURVE('',#612,#1035);
#1035 = DEFINITIONAL_REPRESENTATION('',(#1036),#1040);
#1036 = LINE('',#1037,#1038);
#1037 = CARTESIAN_POINT('',(2.472176093299E+03,-1.));
#1038 = VECTOR('',#1039,1.);
#1039 = DIRECTION('',(1.,0.));
#1040 = ( GEOMETRIC_REPRESENTATION_CONTEXT(2) 
PARAMETRIC_REPRESENTATION_CONTEXT() REPRESENTATION_CONTEXT('2D SPACE',''
  ) );
#1041 = ORIENTED_EDGE('',*,*,#1042,.F.);
#1042 = EDGE_CURVE('',#1043,#1020,#1045,.T.);
#1043 = VERTEX_POINT('',#1044);
#1044 = CARTESIAN_POINT('',(2.728744147667E+04,8.80155840001E+03,
    2.364967599549E+03));
#1045 = SURFACE_CURVE('',#1046,(#1051,#1058),.PCURVE_S1.);
#1046 = CIRCLE('',#1047,3.000000000051E+03);
#1047 = AXIS2_PLACEMENT_3D('',#1048,#1049,#1050);
#1048 = CARTESIAN_POINT('',(2.728971574236E+04,5.801559268605E+03,
    2.365166572015E+03));
#1049 = DIRECTION('',(-8.715574274766E-02,0.,0.996194698092));
#1050 = DIRECTION('',(0.,1.,0.));
#1051 = PCURVE('',#480,#1052);
#1052 = DEFINITIONAL_REPRESENTATION('',(#1053),#1057);
#1053 = CIRCLE('',#1054,3.000000000051E+03);
#1054 = AXIS2_PLACEMENT_2D('',#1055,#1056);
#1055 = CARTESIAN_POINT('',(3.312235290406E+03,5.801559268605E+03));
#1056 = DIRECTION('',(0.,1.));
#1057 = ( GEOMETRIC_REPRESENTATION_CONTEXT(2) 
PARAMETRIC_REPRESENTATION_CONTEXT() REPRESENTATION_CONTEXT('2D SPACE',''
  ) );
#1058 = PCURVE('',#562,#1059);
#1059 = DEFINITIONAL_REPRESENTATION('',(#1060),#1064);
#1060 = LINE('',#1061,#1062);
#1061 = CARTESIAN_POINT('',(-1.51788304148E-18,-1.));
#1062 = VECTOR('',#1063,1.);
#1063 = DIRECTION('',(1.,0.));
#1064 = ( GEOMETRIC_REPRESENTATION_CONTEXT(2) 
PARAMETRIC_REPRESENTATION_CONTEXT() REPRESENTATION_CONTEXT('2D SPACE',''
  ) );
#1065 = ORIENTED_EDGE('',*,*,#1066,.T.);
#1066 = EDGE_CURVE('',#1043,#464,#1067,.T.);
#1067 = SURFACE_CURVE('',#1068,(#1072,#1079),.PCURVE_S1.);
#1068 = LINE('',#1069,#1070);
#1069 = CARTESIAN_POINT('',(3.392789256852E+04,1.205269435414E+04,
    2.945931790785E+03));
#1070 = VECTOR('',#1071,1.);
#1071 = DIRECTION('',(0.8953738636,0.438371146789,7.833506268238E-02));
#1072 = PCURVE('',#480,#1073);
#1073 = DEFINITIONAL_REPRESENTATION('',(#1074),#1078);
#1074 = LINE('',#1075,#1076);
#1075 = CARTESIAN_POINT('',(9.975768873629E+03,1.205269435414E+04));
#1076 = VECTOR('',#1077,1.);
#1077 = DIRECTION('',(0.898794046299,0.438371146789));
#1078 = ( GEOMETRIC_REPRESENTATION_CONTEXT(2) 
PARAMETRIC_REPRESENTATION_CONTEXT() REPRESENTATION_CONTEXT('2D SPACE',''
  ) );
#1079 = PCURVE('',#506,#1080);
#1080 = DEFINITIONAL_REPRESENTATION('',(#1081),#1085);
#1081 = LINE('',#1082,#1083);
#1082 = CARTESIAN_POINT('',(1.42497151168E+04,-1.));
#1083 = VECTOR('',#1084,1.);
#1084 = DIRECTION('',(-1.,0.));
#1085 = ( GEOMETRIC_REPRESENTATION_CONTEXT(2) 
PARAMETRIC_REPRESENTATION_CONTEXT() REPRESENTATION_CONTEXT('2D SPACE',''
  ) );
#1086 = ADVANCED_FACE('',(#1087),#506,.T.);
#1087 = FACE_BOUND('',#1088,.T.);
#1088 = EDGE_LOOP('',(#1089,#1090,#1091,#1112));
#1089 = ORIENTED_EDGE('',*,*,#492,.F.);
#1090 = ORIENTED_EDGE('',*,*,#1066,.F.);
#1091 = ORIENTED_EDGE('',*,*,#1092,.F.);
#1092 = EDGE_CURVE('',#523,#1043,#1093,.T.);
#1093 = SURFACE_CURVE('',#1094,(#1098,#1105),.PCURVE_S1.);
#1094 = LINE('',#1095,#1096);
#1095 = CARTESIAN_POINT('',(2.728735432092E+04,8.80155840001E+03,
    2.365963794247E+03));
#1096 = VECTOR('',#1097,1.);
#1097 = DIRECTION('',(8.715574274766E-02,0.,-0.996194698092));
#1098 = PCURVE('',#506,#1099);
#1099 = DEFINITIONAL_REPRESENTATION('',(#1100),#1104);
#1100 = LINE('',#1101,#1102);
#1101 = CARTESIAN_POINT('',(2.166611552987E+04,2.273736754432E-13));
#1102 = VECTOR('',#1103,1.);
#1103 = DIRECTION('',(0.,-1.));
#1104 = ( GEOMETRIC_REPRESENTATION_CONTEXT(2) 
PARAMETRIC_REPRESENTATION_CONTEXT() REPRESENTATION_CONTEXT('2D SPACE',''
  ) );
#1105 = PCURVE('',#562,#1106);
#1106 = DEFINITIONAL_REPRESENTATION('',(#1107),#1111);
#1107 = LINE('',#1108,#1109);
#1108 = CARTESIAN_POINT('',(7.609844136683E-04,0.));
#1109 = VECTOR('',#1110,1.);
#1110 = DIRECTION('',(0.,-1.));
#1111 = ( GEOMETRIC_REPRESENTATION_CONTEXT(2) 
PARAMETRIC_REPRESENTATION_CONTEXT() REPRESENTATION_CONTEXT('2D SPACE',''
  ) );
#1112 = ORIENTED_EDGE('',*,*,#522,.T.);
#1113 = ADVANCED_FACE('',(#1114),#562,.T.);
#1114 = FACE_BOUND('',#1115,.T.);
#1115 = EDGE_LOOP('',(#1116,#1117,#1118,#1119));
#1116 = ORIENTED_EDGE('',*,*,#545,.F.);
#1117 = ORIENTED_EDGE('',*,*,#1092,.T.);
#1118 = ORIENTED_EDGE('',*,*,#1042,.T.);
#1119 = ORIENTED_EDGE('',*,*,#1120,.T.);
#1120 = EDGE_CURVE('',#1020,#546,#1121,.T.);
#1121 = SURFACE_CURVE('',#1122,(#1126,#1133),.PCURVE_S1.);
#1122 = LINE('',#1123,#1124);
#1123 = CARTESIAN_POINT('',(2.636518887877E+04,8.654429748817E+03,
    2.285284772164E+03));
#1124 = VECTOR('',#1125,1.);
#1125 = DIRECTION('',(-8.715574274766E-02,0.,0.996194698092));
#1126 = PCURVE('',#562,#1127);
#1127 = DEFINITIONAL_REPRESENTATION('',(#1128),#1132);
#1128 = LINE('',#1129,#1130);
#1129 = CARTESIAN_POINT('',(0.314481707611,0.));
#1130 = VECTOR('',#1131,1.);
#1131 = DIRECTION('',(0.,1.));
#1132 = ( GEOMETRIC_REPRESENTATION_CONTEXT(2) 
PARAMETRIC_REPRESENTATION_CONTEXT() REPRESENTATION_CONTEXT('2D SPACE',''
  ) );
#1133 = PCURVE('',#612,#1134);
#1134 = DEFINITIONAL_REPRESENTATION('',(#1135),#1139);
#1135 = LINE('',#1136,#1137);
#1136 = CARTESIAN_POINT('',(-0.,0.));
#1137 = VECTOR('',#1138,1.);
#1138 = DIRECTION('',(0.,1.));
#1139 = ( GEOMETRIC_REPRESENTATION_CONTEXT(2) 
PARAMETRIC_REPRESENTATION_CONTEXT() REPRESENTATION_CONTEXT('2D SPACE',''
  ) );
#1140 = ADVANCED_FACE('',(#1141),#612,.T.);
#1141 = FACE_BOUND('',#1142,.T.);
#1142 = EDGE_LOOP('',(#1143,#1193,#1221,#1269,#1270,#1271));
#1143 = ORIENTED_EDGE('',*,*,#1144,.F.);
#1144 = EDGE_CURVE('',#1145,#992,#1147,.T.);
#1145 = VERTEX_POINT('',#1146);
#1146 = CARTESIAN_POINT('',(77.376516926829,72.063737413961,
    24.087945423159));
#1147 = SURFACE_CURVE('',#1148,(#1153,#1164),.PCURVE_S1.);
#1148 = ELLIPSE('',#1149,21.031448997492,20.);
#1149 = AXIS2_PLACEMENT_3D('',#1150,#1151,#1152);
#1150 = CARTESIAN_POINT('',(83.321279645866,73.448701467062,
    4.991877864253));
#1151 = DIRECTION('',(0.308146569276,-0.950956826721,2.69593315161E-02)
  );
#1152 = DIRECTION('',(-0.947338148894,-0.309323639111,
    -8.288134855383E-02));
#1153 = PCURVE('',#612,#1154);
#1154 = DEFINITIONAL_REPRESENTATION('',(#1155),#1163);
#1155 = ( BOUNDED_CURVE() B_SPLINE_CURVE(2,(#1156,#1157,#1158,#1159,
#1160,#1161,#1162),.UNSPECIFIED.,.T.,.F.) B_SPLINE_CURVE_WITH_KNOTS((1,2
    ,2,2,2,1),(-2.094395102393,0.,2.094395102393,4.188790204786,
6.28318530718,8.377580409573),.UNSPECIFIED.) CURVE() 
GEOMETRIC_REPRESENTATION_ITEM() RATIONAL_B_SPLINE_CURVE((1.,0.5,1.,0.5,
1.,0.5,1.)) REPRESENTATION_ITEM('') );
#1156 = CARTESIAN_POINT('',(2.776214128471E+04,19.));
#1157 = CARTESIAN_POINT('',(2.776214128471E+04,-15.64101615137));
#1158 = CARTESIAN_POINT('',(2.773059411121E+04,1.679491924311));
#1159 = CARTESIAN_POINT('',(2.769904693771E+04,19.));
#1160 = CARTESIAN_POINT('',(2.773059411121E+04,36.320508075688));
#1161 = CARTESIAN_POINT('',(2.776214128471E+04,53.641016151377));
#1162 = CARTESIAN_POINT('',(2.776214128471E+04,19.));
#1163 = ( GEOMETRIC_REPRESENTATION_CONTEXT(2) 
PARAMETRIC_REPRESENTATION_CONTEXT() REPRESENTATION_CONTEXT('2D SPACE',''
  ) );
#1164 = PCURVE('',#1007,#1165);
#1165 = DEFINITIONAL_REPRESENTATION('',(#1166),#1192);
#1166 = B_SPLINE_CURVE_WITH_KNOTS('',3,(#1167,#1168,#1169,#1170,#1171,
    #1172,#1173,#1174,#1175,#1176,#1177,#1178,#1179,#1180,#1181,#1182,
    #1183,#1184,#1185,#1186,#1187,#1188,#1189,#1190,#1191),
  .UNSPECIFIED.,.F.,.F.,(4,1,1,1,1,1,1,1,1,1,1,1,1,1,1,1,1,1,1,1,1,1,4),
  (4.926921264418,5.059969463034,5.193017661651,5.326065860267,
    5.459114058883,5.592162257499,5.725210456115,5.858258654731,
    5.991306853348,6.124355051964,6.25740325058,6.390451449196,
    6.523499647812,6.656547846429,6.789596045045,6.922644243661,
    7.055692442277,7.188740640893,7.32178883951,7.454837038126,
    7.587885236742,7.720933435358,7.853981633974),
  .QUASI_UNIFORM_KNOTS.);
#1167 = CARTESIAN_POINT('',(4.819655122401,-72.06373741393));
#1168 = CARTESIAN_POINT('',(4.86400452194,-71.78177327023));
#1169 = CARTESIAN_POINT('',(4.952703321017,-71.22624553971));
#1170 = CARTESIAN_POINT('',(5.085751519634,-70.43206405306));
#1171 = CARTESIAN_POINT('',(5.21879971825,-69.69125028748));
#1172 = CARTESIAN_POINT('',(5.351847916866,-69.01683974776));
#1173 = CARTESIAN_POINT('',(5.484896115482,-68.42076891613));
#1174 = CARTESIAN_POINT('',(5.617944314098,-67.9135695471));
#1175 = CARTESIAN_POINT('',(5.750992512714,-67.50420789101));
#1176 = CARTESIAN_POINT('',(5.884040711331,-67.1999194085));
#1177 = CARTESIAN_POINT('',(6.017088909947,-67.00608270068));
#1178 = CARTESIAN_POINT('',(6.150137108563,-66.92612395022));
#1179 = CARTESIAN_POINT('',(6.283185307179,-66.96145649195));
#1180 = CARTESIAN_POINT('',(6.416233505795,-67.11145579579));
#1181 = CARTESIAN_POINT('',(6.549281704412,-67.37347051632));
#1182 = CARTESIAN_POINT('',(6.682329903028,-67.74286935053));
#1183 = CARTESIAN_POINT('',(6.815378101644,-68.21312291556));
#1184 = CARTESIAN_POINT('',(6.94842630026,-68.77591910264));
#1185 = CARTESIAN_POINT('',(7.081474498876,-69.42131021423));
#1186 = CARTESIAN_POINT('',(7.214522697493,-70.13788799589));
#1187 = CARTESIAN_POINT('',(7.347570896109,-70.91298827465));
#1188 = CARTESIAN_POINT('',(7.480619094725,-71.73290365147));
#1189 = CARTESIAN_POINT('',(7.613667293341,-72.58316742431));
#1190 = CARTESIAN_POINT('',(7.702366092419,-73.16015841755));
#1191 = CARTESIAN_POINT('',(7.746715491957,-73.44870146703));
#1192 = ( GEOMETRIC_REPRESENTATION_CONTEXT(2) 
PARAMETRIC_REPRESENTATION_CONTEXT() REPRESENTATION_CONTEXT('2D SPACE',''
  ) );
#1193 = ORIENTED_EDGE('',*,*,#1194,.F.);
#1194 = EDGE_CURVE('',#1195,#1145,#1197,.T.);
#1195 = VERTEX_POINT('',#1196);
#1196 = CARTESIAN_POINT('',(1.083842188523E+04,3.654027635617E+03,
    3.374089778318E+03));
#1197 = SURFACE_CURVE('',#1198,(#1202,#1209),.PCURVE_S1.);
#1198 = LINE('',#1199,#1200);
#1199 = CARTESIAN_POINT('',(1.234641286215E+04,4.155983445044E+03,
    3.843539758664E+03));
#1200 = VECTOR('',#1201,1.);
#1201 = DIRECTION('',(-0.909951933985,-0.302890180747,-0.28327551296));
#1202 = PCURVE('',#612,#1203);
#1203 = DEFINITIONAL_REPRESENTATION('',(#1204),#1208);
#1204 = LINE('',#1205,#1206);
#1205 = CARTESIAN_POINT('',(1.45428468277E+04,2.774142191969E+03));
#1206 = VECTOR('',#1207,1.);
#1207 = DIRECTION('',(0.97920153021,-0.202890027439));
#1208 = ( GEOMETRIC_REPRESENTATION_CONTEXT(2) 
PARAMETRIC_REPRESENTATION_CONTEXT() REPRESENTATION_CONTEXT('2D SPACE',''
  ) );
#1209 = PCURVE('',#1210,#1215);
#1210 = PLANE('',#1211);
#1211 = AXIS2_PLACEMENT_3D('',#1212,#1213,#1214);
#1212 = CARTESIAN_POINT('',(-95.48033779453,0.,-29.7238135952));
#1213 = DIRECTION('',(-0.297238135952,0.,0.954803377945));
#1214 = DIRECTION('',(0.954803377945,0.,0.297238135952));
#1215 = DEFINITIONAL_REPRESENTATION('',(#1216),#1220);
#1216 = LINE('',#1217,#1218);
#1217 = CARTESIAN_POINT('',(1.303084329961E+04,4.155983445044E+03));
#1218 = VECTOR('',#1219,1.);
#1219 = DIRECTION('',(-0.95302546577,-0.302890180747));
#1220 = ( GEOMETRIC_REPRESENTATION_CONTEXT(2) 
PARAMETRIC_REPRESENTATION_CONTEXT() REPRESENTATION_CONTEXT('2D SPACE',''
  ) );
#1221 = ORIENTED_EDGE('',*,*,#1222,.F.);
#1222 = EDGE_CURVE('',#597,#1195,#1223,.T.);
#1223 = SURFACE_CURVE('',#1224,(#1229,#1240),.PCURVE_S1.);
#1224 = ELLIPSE('',#1225,8.412579598997E+03,8.E+03);
#1225 = AXIS2_PLACEMENT_3D('',#1226,#1227,#1228);
#1226 = CARTESIAN_POINT('',(1.321632697285E+04,4.208013256858E+03,
    -4.264337245245E+03));
#1227 = DIRECTION('',(0.308146569276,-0.950956826721,2.69593315161E-02)
  );
#1228 = DIRECTION('',(-0.947338148894,-0.309323639111,
    -8.288134855383E-02));
#1229 = PCURVE('',#612,#1230);
#1230 = DEFINITIONAL_REPRESENTATION('',(#1231),#1239);
#1231 = ( BOUNDED_CURVE() B_SPLINE_CURVE(2,(#1232,#1233,#1234,#1235,
#1236,#1237,#1238),.UNSPECIFIED.,.T.,.F.) B_SPLINE_CURVE_WITH_KNOTS((1,2
    ,2,2,2,1),(-2.094395102393,0.,2.094395102393,4.188790204786,
6.28318530718,8.377580409573),.UNSPECIFIED.) CURVE() 
GEOMETRIC_REPRESENTATION_ITEM() RATIONAL_B_SPLINE_CURVE((1.,0.5,1.,0.5,
1.,0.5,1.)) REPRESENTATION_ITEM('') );
#1232 = CARTESIAN_POINT('',(2.278722133263E+04,-5.37869990255E+03));
#1233 = CARTESIAN_POINT('',(2.278722133263E+04,-1.92351063631E+04));
#1234 = CARTESIAN_POINT('',(1.016835193413E+04,-1.230690313283E+04));
#1235 = CARTESIAN_POINT('',(-2.450517464361E+03,-5.37869990255E+03));
#1236 = CARTESIAN_POINT('',(1.016835193413E+04,1.549503327725E+03));
#1237 = CARTESIAN_POINT('',(2.278722133263E+04,8.477706558001E+03));
#1238 = CARTESIAN_POINT('',(2.278722133263E+04,-5.37869990255E+03));
#1239 = ( GEOMETRIC_REPRESENTATION_CONTEXT(2) 
PARAMETRIC_REPRESENTATION_CONTEXT() REPRESENTATION_CONTEXT('2D SPACE',''
  ) );
#1240 = PCURVE('',#640,#1241);
#1241 = DEFINITIONAL_REPRESENTATION('',(#1242),#1268);
#1242 = B_SPLINE_CURVE_WITH_KNOTS('',3,(#1243,#1244,#1245,#1246,#1247,
    #1248,#1249,#1250,#1251,#1252,#1253,#1254,#1255,#1256,#1257,#1258,
    #1259,#1260,#1261,#1262,#1263,#1264,#1265,#1266,#1267),
  .UNSPECIFIED.,.F.,.F.,(4,1,1,1,1,1,1,1,1,1,1,1,1,1,1,1,1,1,1,1,1,1,4),
  (4.638328572302,4.651446421943,4.664564271585,4.677682121227,
    4.690799970868,4.70391782051,4.717035670152,4.730153519793,
    4.743271369435,4.756389219077,4.769507068718,4.78262491836,
    4.795742768002,4.808860617643,4.821978467285,4.835096316927,
    4.848214166568,4.86133201621,4.874449865852,4.887567715493,
    4.900685565135,4.913803414777,4.926921264418),
  .QUASI_UNIFORM_KNOTS.);
#1243 = CARTESIAN_POINT('',(0.288592692117,4.400557843068E+03));
#1244 = CARTESIAN_POINT('',(0.284220075569,4.389210568954E+03));
#1245 = CARTESIAN_POINT('',(0.275474842475,4.36650497505E+03));
#1246 = CARTESIAN_POINT('',(0.262356992833,4.332419312688E+03));
#1247 = CARTESIAN_POINT('',(0.249239143192,4.298312242812E+03));
#1248 = CARTESIAN_POINT('',(0.23612129355,4.264189634766E+03));
#1249 = CARTESIAN_POINT('',(0.223003443908,4.230057360121E+03));
#1250 = CARTESIAN_POINT('',(0.209885594267,4.195921292232E+03));
#1251 = CARTESIAN_POINT('',(0.196767744625,4.161787305072E+03));
#1252 = CARTESIAN_POINT('',(0.183649894983,4.127661272267E+03));
#1253 = CARTESIAN_POINT('',(0.170532045342,4.09354906607E+03));
#1254 = CARTESIAN_POINT('',(0.1574141957,4.059456556358E+03));
#1255 = CARTESIAN_POINT('',(0.144296346058,4.025389609616E+03));
#1256 = CARTESIAN_POINT('',(0.131178496417,3.991354087931E+03));
#1257 = CARTESIAN_POINT('',(0.118060646775,3.957355847984E+03));
#1258 = CARTESIAN_POINT('',(0.104942797133,3.923400740038E+03));
#1259 = CARTESIAN_POINT('',(9.182494749167E-02,3.889494606938E+03));
#1260 = CARTESIAN_POINT('',(7.870709785001E-02,3.855643283096E+03));
#1261 = CARTESIAN_POINT('',(6.558924820834E-02,3.821852593502E+03));
#1262 = CARTESIAN_POINT('',(5.247139856667E-02,3.788128352683E+03));
#1263 = CARTESIAN_POINT('',(3.9353548925E-02,3.754476363843E+03));
#1264 = CARTESIAN_POINT('',(2.623569928333E-02,3.720902417342E+03));
#1265 = CARTESIAN_POINT('',(1.311784964166E-02,3.687412291633E+03));
#1266 = CARTESIAN_POINT('',(4.372616547217E-03,3.665145260594E+03));
#1267 = CARTESIAN_POINT('',(-6.217248937901E-15,3.654027635617E+03));
#1268 = ( GEOMETRIC_REPRESENTATION_CONTEXT(2) 
PARAMETRIC_REPRESENTATION_CONTEXT() REPRESENTATION_CONTEXT('2D SPACE',''
  ) );
#1269 = ORIENTED_EDGE('',*,*,#596,.F.);
#1270 = ORIENTED_EDGE('',*,*,#1120,.F.);
#1271 = ORIENTED_EDGE('',*,*,#1019,.T.);
#1272 = ADVANCED_FACE('',(#1273),#640,.T.);
#1273 = FACE_BOUND('',#1274,.T.);
#1274 = EDGE_LOOP('',(#1275,#1276,#1277,#1300));
#1275 = ORIENTED_EDGE('',*,*,#624,.T.);
#1276 = ORIENTED_EDGE('',*,*,#1222,.T.);
#1277 = ORIENTED_EDGE('',*,*,#1278,.F.);
#1278 = EDGE_CURVE('',#1279,#1195,#1281,.T.);
#1279 = VERTEX_POINT('',#1280);
#1280 = CARTESIAN_POINT('',(1.083842188523E+04,-3.654027635617E+03,
    3.374089778318E+03));
#1281 = SURFACE_CURVE('',#1282,(#1286,#1293),.PCURVE_S1.);
#1282 = LINE('',#1283,#1284);
#1283 = CARTESIAN_POINT('',(1.083842188523E+04,0.,3.374089778318E+03));
#1284 = VECTOR('',#1285,1.);
#1285 = DIRECTION('',(0.,1.,0.));
#1286 = PCURVE('',#640,#1287);
#1287 = DEFINITIONAL_REPRESENTATION('',(#1288),#1292);
#1288 = LINE('',#1289,#1290);
#1289 = CARTESIAN_POINT('',(-6.217248937901E-15,0.));
#1290 = VECTOR('',#1291,1.);
#1291 = DIRECTION('',(0.,1.));
#1292 = ( GEOMETRIC_REPRESENTATION_CONTEXT(2) 
PARAMETRIC_REPRESENTATION_CONTEXT() REPRESENTATION_CONTEXT('2D SPACE',''
  ) );
#1293 = PCURVE('',#1210,#1294);
#1294 = DEFINITIONAL_REPRESENTATION('',(#1295),#1299);
#1295 = LINE('',#1296,#1297);
#1296 = CARTESIAN_POINT('',(1.145146998386E+04,0.));
#1297 = VECTOR('',#1298,1.);
#1298 = DIRECTION('',(0.,1.));
#1299 = ( GEOMETRIC_REPRESENTATION_CONTEXT(2) 
PARAMETRIC_REPRESENTATION_CONTEXT() REPRESENTATION_CONTEXT('2D SPACE',''
  ) );
#1300 = ORIENTED_EDGE('',*,*,#1301,.F.);
#1301 = EDGE_CURVE('',#625,#1279,#1302,.T.);
#1302 = SURFACE_CURVE('',#1303,(#1308,#1337),.PCURVE_S1.);
#1303 = ELLIPSE('',#1304,8.412579598997E+03,8.E+03);
#1304 = AXIS2_PLACEMENT_3D('',#1305,#1306,#1307);
#1305 = CARTESIAN_POINT('',(1.321632697285E+04,-4.208013256858E+03,
    -4.264337245245E+03));
#1306 = DIRECTION('',(-0.308146569276,-0.950956826721,-2.69593315161E-02
    ));
#1307 = DIRECTION('',(-0.947338148894,0.309323639111,-8.288134855383E-02
    ));
#1308 = PCURVE('',#640,#1309);
#1309 = DEFINITIONAL_REPRESENTATION('',(#1310),#1336);
#1310 = B_SPLINE_CURVE_WITH_KNOTS('',3,(#1311,#1312,#1313,#1314,#1315,
    #1316,#1317,#1318,#1319,#1320,#1321,#1322,#1323,#1324,#1325,#1326,
    #1327,#1328,#1329,#1330,#1331,#1332,#1333,#1334,#1335),
  .UNSPECIFIED.,.F.,.F.,(4,1,1,1,1,1,1,1,1,1,1,1,1,1,1,1,1,1,1,1,1,1,4),
  (4.638328572302,4.651446421943,4.664564271585,4.677682121227,
    4.690799970868,4.70391782051,4.717035670152,4.730153519793,
    4.743271369435,4.756389219077,4.769507068718,4.78262491836,
    4.795742768002,4.808860617643,4.821978467285,4.835096316927,
    4.848214166568,4.86133201621,4.874449865852,4.887567715493,
    4.900685565135,4.913803414777,4.926921264418),
  .QUASI_UNIFORM_KNOTS.);
#1311 = CARTESIAN_POINT('',(0.288592692117,-4.400557843068E+03));
#1312 = CARTESIAN_POINT('',(0.284220075569,-4.389210568954E+03));
#1313 = CARTESIAN_POINT('',(0.275474842475,-4.36650497505E+03));
#1314 = CARTESIAN_POINT('',(0.262356992833,-4.332419312688E+03));
#1315 = CARTESIAN_POINT('',(0.249239143192,-4.298312242812E+03));
#1316 = CARTESIAN_POINT('',(0.23612129355,-4.264189634766E+03));
#1317 = CARTESIAN_POINT('',(0.223003443908,-4.230057360121E+03));
#1318 = CARTESIAN_POINT('',(0.209885594267,-4.195921292232E+03));
#1319 = CARTESIAN_POINT('',(0.196767744625,-4.161787305072E+03));
#1320 = CARTESIAN_POINT('',(0.183649894983,-4.127661272267E+03));
#1321 = CARTESIAN_POINT('',(0.170532045342,-4.09354906607E+03));
#1322 = CARTESIAN_POINT('',(0.1574141957,-4.059456556358E+03));
#1323 = CARTESIAN_POINT('',(0.144296346058,-4.025389609616E+03));
#1324 = CARTESIAN_POINT('',(0.131178496417,-3.991354087931E+03));
#1325 = CARTESIAN_POINT('',(0.118060646775,-3.957355847984E+03));
#1326 = CARTESIAN_POINT('',(0.104942797133,-3.923400740038E+03));
#1327 = CARTESIAN_POINT('',(9.182494749167E-02,-3.889494606938E+03));
#1328 = CARTESIAN_POINT('',(7.870709785001E-02,-3.855643283096E+03));
#1329 = CARTESIAN_POINT('',(6.558924820834E-02,-3.821852593502E+03));
#1330 = CARTESIAN_POINT('',(5.247139856667E-02,-3.788128352683E+03));
#1331 = CARTESIAN_POINT('',(3.9353548925E-02,-3.754476363843E+03));
#1332 = CARTESIAN_POINT('',(2.623569928333E-02,-3.720902417342E+03));
#1333 = CARTESIAN_POINT('',(1.311784964166E-02,-3.687412291633E+03));
#1334 = CARTESIAN_POINT('',(4.372616547217E-03,-3.665145260594E+03));
#1335 = CARTESIAN_POINT('',(-6.217248937901E-15,-3.654027635617E+03));
#1336 = ( GEOMETRIC_REPRESENTATION_CONTEXT(2) 
PARAMETRIC_REPRESENTATION_CONTEXT() REPRESENTATION_CONTEXT('2D SPACE',''
  ) );
#1337 = PCURVE('',#668,#1338);
#1338 = DEFINITIONAL_REPRESENTATION('',(#1339),#1347);
#1339 = ( BOUNDED_CURVE() B_SPLINE_CURVE(2,(#1340,#1341,#1342,#1343,
#1344,#1345,#1346),.UNSPECIFIED.,.T.,.F.) B_SPLINE_CURVE_WITH_KNOTS((1,2
    ,2,2,2,1),(-2.094395102393,0.,2.094395102393,4.188790204786,
6.28318530718,8.377580409573),.UNSPECIFIED.) CURVE() 
GEOMETRIC_REPRESENTATION_ITEM() RATIONAL_B_SPLINE_CURVE((1.,0.5,1.,0.5,
1.,0.5,1.)) REPRESENTATION_ITEM('') );
#1340 = CARTESIAN_POINT('',(2.278722133263E+04,-5.37869990255E+03));
#1341 = CARTESIAN_POINT('',(2.278722133263E+04,-1.92351063631E+04));
#1342 = CARTESIAN_POINT('',(1.016835193413E+04,-1.230690313283E+04));
#1343 = CARTESIAN_POINT('',(-2.450517464361E+03,-5.37869990255E+03));
#1344 = CARTESIAN_POINT('',(1.016835193413E+04,1.549503327725E+03));
#1345 = CARTESIAN_POINT('',(2.278722133263E+04,8.477706558001E+03));
#1346 = CARTESIAN_POINT('',(2.278722133263E+04,-5.37869990255E+03));
#1347 = ( GEOMETRIC_REPRESENTATION_CONTEXT(2) 
PARAMETRIC_REPRESENTATION_CONTEXT() REPRESENTATION_CONTEXT('2D SPACE',''
  ) );
#1348 = ADVANCED_FACE('',(#1349),#668,.F.);
#1349 = FACE_BOUND('',#1350,.T.);
#1350 = EDGE_LOOP('',(#1351,#1401,#1402,#1423,#1424,#1425));
#1351 = ORIENTED_EDGE('',*,*,#1352,.T.);
#1352 = EDGE_CURVE('',#1353,#969,#1355,.T.);
#1353 = VERTEX_POINT('',#1354);
#1354 = CARTESIAN_POINT('',(77.376516926829,-72.06373741396,
    24.087945423159));
#1355 = SURFACE_CURVE('',#1356,(#1361,#1372),.PCURVE_S1.);
#1356 = ELLIPSE('',#1357,21.031448997492,20.);
#1357 = AXIS2_PLACEMENT_3D('',#1358,#1359,#1360);
#1358 = CARTESIAN_POINT('',(83.321279645866,-73.44870146706,
    4.991877864253));
#1359 = DIRECTION('',(-0.308146569276,-0.950956826721,-2.69593315161E-02
    ));
#1360 = DIRECTION('',(-0.947338148894,0.309323639111,-8.288134855383E-02
    ));
#1361 = PCURVE('',#668,#1362);
#1362 = DEFINITIONAL_REPRESENTATION('',(#1363),#1371);
#1363 = ( BOUNDED_CURVE() B_SPLINE_CURVE(2,(#1364,#1365,#1366,#1367,
#1368,#1369,#1370),.UNSPECIFIED.,.T.,.F.) B_SPLINE_CURVE_WITH_KNOTS((1,2
    ,2,2,2,1),(-2.094395102393,0.,2.094395102393,4.188790204786,
6.28318530718,8.377580409573),.UNSPECIFIED.) CURVE() 
GEOMETRIC_REPRESENTATION_ITEM() RATIONAL_B_SPLINE_CURVE((1.,0.5,1.,0.5,
1.,0.5,1.)) REPRESENTATION_ITEM('') );
#1364 = CARTESIAN_POINT('',(2.776214128471E+04,19.));
#1365 = CARTESIAN_POINT('',(2.776214128471E+04,-15.64101615137));
#1366 = CARTESIAN_POINT('',(2.773059411121E+04,1.679491924311));
#1367 = CARTESIAN_POINT('',(2.769904693771E+04,19.));
#1368 = CARTESIAN_POINT('',(2.773059411121E+04,36.320508075688));
#1369 = CARTESIAN_POINT('',(2.776214128471E+04,53.641016151377));
#1370 = CARTESIAN_POINT('',(2.776214128471E+04,19.));
#1371 = ( GEOMETRIC_REPRESENTATION_CONTEXT(2) 
PARAMETRIC_REPRESENTATION_CONTEXT() REPRESENTATION_CONTEXT('2D SPACE',''
  ) );
#1372 = PCURVE('',#1007,#1373);
#1373 = DEFINITIONAL_REPRESENTATION('',(#1374),#1400);
#1374 = B_SPLINE_CURVE_WITH_KNOTS('',3,(#1375,#1376,#1377,#1378,#1379,
    #1380,#1381,#1382,#1383,#1384,#1385,#1386,#1387,#1388,#1389,#1390,
    #1391,#1392,#1393,#1394,#1395,#1396,#1397,#1398,#1399),
  .UNSPECIFIED.,.F.,.F.,(4,1,1,1,1,1,1,1,1,1,1,1,1,1,1,1,1,1,1,1,1,1,4),
  (4.926921264418,5.059969463034,5.193017661651,5.326065860267,
    5.459114058883,5.592162257499,5.725210456115,5.858258654731,
    5.991306853348,6.124355051964,6.25740325058,6.390451449196,
    6.523499647812,6.656547846429,6.789596045045,6.922644243661,
    7.055692442277,7.188740640893,7.32178883951,7.454837038126,
    7.587885236742,7.720933435358,7.853981633974),
  .QUASI_UNIFORM_KNOTS.);
#1375 = CARTESIAN_POINT('',(4.819655122401,72.063737413983));
#1376 = CARTESIAN_POINT('',(4.86400452194,71.781773270277));
#1377 = CARTESIAN_POINT('',(4.952703321017,71.226245539757));
#1378 = CARTESIAN_POINT('',(5.085751519634,70.432064053114));
#1379 = CARTESIAN_POINT('',(5.21879971825,69.691250287527));
#1380 = CARTESIAN_POINT('',(5.351847916866,69.016839747811));
#1381 = CARTESIAN_POINT('',(5.484896115482,68.420768916179));
#1382 = CARTESIAN_POINT('',(5.617944314098,67.913569547152));
#1383 = CARTESIAN_POINT('',(5.750992512714,67.504207891063));
#1384 = CARTESIAN_POINT('',(5.884040711331,67.199919408549));
#1385 = CARTESIAN_POINT('',(6.017088909947,67.006082700733));
#1386 = CARTESIAN_POINT('',(6.150137108563,66.926123950273));
#1387 = CARTESIAN_POINT('',(6.283185307179,66.961456491998));
#1388 = CARTESIAN_POINT('',(6.416233505795,67.111455795844));
#1389 = CARTESIAN_POINT('',(6.549281704412,67.373470516372));
#1390 = CARTESIAN_POINT('',(6.682329903028,67.742869350576));
#1391 = CARTESIAN_POINT('',(6.815378101644,68.213122915611));
#1392 = CARTESIAN_POINT('',(6.94842630026,68.775919102685));
#1393 = CARTESIAN_POINT('',(7.081474498876,69.421310214277));
#1394 = CARTESIAN_POINT('',(7.214522697493,70.137887995935));
#1395 = CARTESIAN_POINT('',(7.347570896109,70.912988274698));
#1396 = CARTESIAN_POINT('',(7.480619094725,71.732903651524));
#1397 = CARTESIAN_POINT('',(7.613667293341,72.583167424363));
#1398 = CARTESIAN_POINT('',(7.702366092419,73.160158417604));
#1399 = CARTESIAN_POINT('',(7.746715491957,73.448701467084));
#1400 = ( GEOMETRIC_REPRESENTATION_CONTEXT(2) 
PARAMETRIC_REPRESENTATION_CONTEXT() REPRESENTATION_CONTEXT('2D SPACE',''
  ) );
#1401 = ORIENTED_EDGE('',*,*,#968,.F.);
#1402 = ORIENTED_EDGE('',*,*,#1403,.T.);
#1403 = EDGE_CURVE('',#941,#653,#1404,.T.);
#1404 = SURFACE_CURVE('',#1405,(#1409,#1416),.PCURVE_S1.);
#1405 = LINE('',#1406,#1407);
#1406 = CARTESIAN_POINT('',(2.636518887877E+04,-8.654429748817E+03,
    2.285284772164E+03));
#1407 = VECTOR('',#1408,1.);
#1408 = DIRECTION('',(-8.715574274766E-02,0.,0.996194698092));
#1409 = PCURVE('',#668,#1410);
#1410 = DEFINITIONAL_REPRESENTATION('',(#1411),#1415);
#1411 = LINE('',#1412,#1413);
#1412 = CARTESIAN_POINT('',(0.,0.));
#1413 = VECTOR('',#1414,1.);
#1414 = DIRECTION('',(0.,1.));
#1415 = ( GEOMETRIC_REPRESENTATION_CONTEXT(2) 
PARAMETRIC_REPRESENTATION_CONTEXT() REPRESENTATION_CONTEXT('2D SPACE',''
  ) );
#1416 = PCURVE('',#701,#1417);
#1417 = DEFINITIONAL_REPRESENTATION('',(#1418),#1422);
#1418 = LINE('',#1419,#1420);
#1419 = CARTESIAN_POINT('',(0.314481707611,0.));
#1420 = VECTOR('',#1421,1.);
#1421 = DIRECTION('',(0.,-1.));
#1422 = ( GEOMETRIC_REPRESENTATION_CONTEXT(2) 
PARAMETRIC_REPRESENTATION_CONTEXT() REPRESENTATION_CONTEXT('2D SPACE',''
  ) );
#1423 = ORIENTED_EDGE('',*,*,#652,.T.);
#1424 = ORIENTED_EDGE('',*,*,#1301,.T.);
#1425 = ORIENTED_EDGE('',*,*,#1426,.T.);
#1426 = EDGE_CURVE('',#1279,#1353,#1427,.T.);
#1427 = SURFACE_CURVE('',#1428,(#1432,#1439),.PCURVE_S1.);
#1428 = LINE('',#1429,#1430);
#1429 = CARTESIAN_POINT('',(1.234641286215E+04,-4.155983445044E+03,
    3.843539758664E+03));
#1430 = VECTOR('',#1431,1.);
#1431 = DIRECTION('',(-0.909951933985,0.302890180747,-0.28327551296));
#1432 = PCURVE('',#668,#1433);
#1433 = DEFINITIONAL_REPRESENTATION('',(#1434),#1438);
#1434 = LINE('',#1435,#1436);
#1435 = CARTESIAN_POINT('',(1.45428468277E+04,2.774142191969E+03));
#1436 = VECTOR('',#1437,1.);
#1437 = DIRECTION('',(0.97920153021,-0.202890027439));
#1438 = ( GEOMETRIC_REPRESENTATION_CONTEXT(2) 
PARAMETRIC_REPRESENTATION_CONTEXT() REPRESENTATION_CONTEXT('2D SPACE',''
  ) );
#1439 = PCURVE('',#1210,#1440);
#1440 = DEFINITIONAL_REPRESENTATION('',(#1441),#1445);
#1441 = LINE('',#1442,#1443);
#1442 = CARTESIAN_POINT('',(1.303084329961E+04,-4.155983445044E+03));
#1443 = VECTOR('',#1444,1.);
#1444 = DIRECTION('',(-0.95302546577,0.302890180747));
#1445 = ( GEOMETRIC_REPRESENTATION_CONTEXT(2) 
PARAMETRIC_REPRESENTATION_CONTEXT() REPRESENTATION_CONTEXT('2D SPACE',''
  ) );
#1446 = ADVANCED_FACE('',(#1447),#701,.T.);
#1447 = FACE_BOUND('',#1448,.T.);
#1448 = EDGE_LOOP('',(#1449,#1450,#1451,#1452));
#1449 = ORIENTED_EDGE('',*,*,#680,.T.);
#1450 = ORIENTED_EDGE('',*,*,#1403,.F.);
#1451 = ORIENTED_EDGE('',*,*,#940,.F.);
#1452 = ORIENTED_EDGE('',*,*,#1453,.F.);
#1453 = EDGE_CURVE('',#681,#918,#1454,.T.);
#1454 = SURFACE_CURVE('',#1455,(#1459,#1466),.PCURVE_S1.);
#1455 = LINE('',#1456,#1457);
#1456 = CARTESIAN_POINT('',(2.728735432092E+04,-8.80155840001E+03,
    2.365963794247E+03));
#1457 = VECTOR('',#1458,1.);
#1458 = DIRECTION('',(8.715574274766E-02,0.,-0.996194698092));
#1459 = PCURVE('',#701,#1460);
#1460 = DEFINITIONAL_REPRESENTATION('',(#1461),#1465);
#1461 = LINE('',#1462,#1463);
#1462 = CARTESIAN_POINT('',(7.609844136683E-04,0.));
#1463 = VECTOR('',#1464,1.);
#1464 = DIRECTION('',(0.,1.));
#1465 = ( GEOMETRIC_REPRESENTATION_CONTEXT(2) 
PARAMETRIC_REPRESENTATION_CONTEXT() REPRESENTATION_CONTEXT('2D SPACE',''
  ) );
#1466 = PCURVE('',#751,#1467);
#1467 = DEFINITIONAL_REPRESENTATION('',(#1468),#1472);
#1468 = LINE('',#1469,#1470);
#1469 = CARTESIAN_POINT('',(2.166611552987E+04,2.273736754432E-13));
#1470 = VECTOR('',#1471,1.);
#1471 = DIRECTION('',(0.,-1.));
#1472 = ( GEOMETRIC_REPRESENTATION_CONTEXT(2) 
PARAMETRIC_REPRESENTATION_CONTEXT() REPRESENTATION_CONTEXT('2D SPACE',''
  ) );
#1473 = ADVANCED_FACE('',(#1474),#751,.F.);
#1474 = FACE_BOUND('',#1475,.T.);
#1475 = EDGE_LOOP('',(#1476,#1497,#1498,#1499));
#1476 = ORIENTED_EDGE('',*,*,#1477,.F.);
#1477 = EDGE_CURVE('',#736,#894,#1478,.T.);
#1478 = SURFACE_CURVE('',#1479,(#1483,#1490),.PCURVE_S1.);
#1479 = LINE('',#1480,#1481);
#1480 = CARTESIAN_POINT('',(4.66896164762E+04,-1.830082150907E+04,
    4.063441779592E+03));
#1481 = VECTOR('',#1482,1.);
#1482 = DIRECTION('',(8.715574274766E-02,0.,-0.996194698092));
#1483 = PCURVE('',#751,#1484);
#1484 = DEFINITIONAL_REPRESENTATION('',(#1485),#1489);
#1485 = LINE('',#1486,#1487);
#1486 = CARTESIAN_POINT('',(-3.337805821424,1.500466417781E-13));
#1487 = VECTOR('',#1488,1.);
#1488 = DIRECTION('',(0.,-1.));
#1489 = ( GEOMETRIC_REPRESENTATION_CONTEXT(2) 
PARAMETRIC_REPRESENTATION_CONTEXT() REPRESENTATION_CONTEXT('2D SPACE',''
  ) );
#1490 = PCURVE('',#784,#1491);
#1491 = DEFINITIONAL_REPRESENTATION('',(#1492),#1496);
#1492 = LINE('',#1493,#1494);
#1493 = CARTESIAN_POINT('',(1.012290966157,0.));
#1494 = VECTOR('',#1495,1.);
#1495 = DIRECTION('',(0.,1.));
#1496 = ( GEOMETRIC_REPRESENTATION_CONTEXT(2) 
PARAMETRIC_REPRESENTATION_CONTEXT() REPRESENTATION_CONTEXT('2D SPACE',''
  ) );
#1497 = ORIENTED_EDGE('',*,*,#735,.F.);
#1498 = ORIENTED_EDGE('',*,*,#1453,.T.);
#1499 = ORIENTED_EDGE('',*,*,#917,.T.);
#1500 = ADVANCED_FACE('',(#1501),#784,.T.);
#1501 = FACE_BOUND('',#1502,.T.);
#1502 = EDGE_LOOP('',(#1503,#1504,#1505,#1506));
#1503 = ORIENTED_EDGE('',*,*,#893,.T.);
#1504 = ORIENTED_EDGE('',*,*,#844,.T.);
#1505 = ORIENTED_EDGE('',*,*,#763,.T.);
#1506 = ORIENTED_EDGE('',*,*,#1477,.T.);
#1507 = ADVANCED_FACE('',(#1508),#1007,.T.);
#1508 = FACE_BOUND('',#1509,.T.);
#1509 = EDGE_LOOP('',(#1510,#1531,#1532,#1533));
#1510 = ORIENTED_EDGE('',*,*,#1511,.F.);
#1511 = EDGE_CURVE('',#1145,#1353,#1512,.T.);
#1512 = SURFACE_CURVE('',#1513,(#1517,#1524),.PCURVE_S1.);
#1513 = LINE('',#1514,#1515);
#1514 = CARTESIAN_POINT('',(77.376516926826,-2.259099189432E-11,
    24.087945423157));
#1515 = VECTOR('',#1516,1.);
#1516 = DIRECTION('',(0.,-1.,0.));
#1517 = PCURVE('',#1007,#1518);
#1518 = DEFINITIONAL_REPRESENTATION('',(#1519),#1523);
#1519 = LINE('',#1520,#1521);
#1520 = CARTESIAN_POINT('',(4.819655122401,4.519051799434E-11));
#1521 = VECTOR('',#1522,1.);
#1522 = DIRECTION('',(0.,1.));
#1523 = ( GEOMETRIC_REPRESENTATION_CONTEXT(2) 
PARAMETRIC_REPRESENTATION_CONTEXT() REPRESENTATION_CONTEXT('2D SPACE',''
  ) );
#1524 = PCURVE('',#1210,#1525);
#1525 = DEFINITIONAL_REPRESENTATION('',(#1526),#1530);
#1526 = LINE('',#1527,#1528);
#1527 = CARTESIAN_POINT('',(181.03921573186,-2.259099189432E-11));
#1528 = VECTOR('',#1529,1.);
#1529 = DIRECTION('',(0.,-1.));
#1530 = ( GEOMETRIC_REPRESENTATION_CONTEXT(2) 
PARAMETRIC_REPRESENTATION_CONTEXT() REPRESENTATION_CONTEXT('2D SPACE',''
  ) );
#1531 = ORIENTED_EDGE('',*,*,#1144,.T.);
#1532 = ORIENTED_EDGE('',*,*,#991,.T.);
#1533 = ORIENTED_EDGE('',*,*,#1352,.F.);
#1534 = ADVANCED_FACE('',(#1535),#1210,.T.);
#1535 = FACE_BOUND('',#1536,.T.);
#1536 = EDGE_LOOP('',(#1537,#1538,#1539,#1540));
#1537 = ORIENTED_EDGE('',*,*,#1278,.T.);
#1538 = ORIENTED_EDGE('',*,*,#1194,.T.);
#1539 = ORIENTED_EDGE('',*,*,#1511,.T.);
#1540 = ORIENTED_EDGE('',*,*,#1426,.F.);
#1541 = ( GEOMETRIC_REPRESENTATION_CONTEXT(3) 
GLOBAL_UNCERTAINTY_ASSIGNED_CONTEXT((#1545)) 
GLOBAL_UNIT_ASSIGNED_CONTEXT((#1542,#1543,#1544)) REPRESENTATION_CONTEXT
('Context #1','3D Context with UNIT and UNCERTAINTY') );
#1542 = ( LENGTH_UNIT() NAMED_UNIT(*) SI_UNIT(.MILLI.,.METRE.) );
#1543 = ( NAMED_UNIT(*) PLANE_ANGLE_UNIT() SI_UNIT($,.RADIAN.) );
#1544 = ( NAMED_UNIT(*) SI_UNIT($,.STERADIAN.) SOLID_ANGLE_UNIT() );
#1545 = UNCERTAINTY_MEASURE_WITH_UNIT(LENGTH_MEASURE(1.E-07),#1542,
  'distance_accuracy_value','confusion accuracy');
#1546 = CONTEXT_DEPENDENT_SHAPE_REPRESENTATION(#1547,#1549);
#1547 = ( REPRESENTATION_RELATIONSHIP('','',#36,#10) 
REPRESENTATION_RELATIONSHIP_WITH_TRANSFORMATION(#1548) 
SHAPE_REPRESENTATION_RELATIONSHIP() );
#1548 = ITEM_DEFINED_TRANSFORMATION('','',#11,#15);
#1549 = PRODUCT_DEFINITION_SHAPE('Placement','Placement of an item',
  #1550);
#1550 = NEXT_ASSEMBLY_USAGE_OCCURRENCE('5','','',#5,#31,$);
#1551 = PRODUCT_RELATED_PRODUCT_CATEGORY('part',$,(#33));
#1552 = SHAPE_DEFINITION_REPRESENTATION(#1553,#1559);
#1553 = PRODUCT_DEFINITION_SHAPE('','',#1554);
#1554 = PRODUCT_DEFINITION('design','',#1555,#1558);
#1555 = PRODUCT_DEFINITION_FORMATION('','',#1556);
#1556 = PRODUCT('Open CASCADE STEP translator 7.8 4.2',
  'Open CASCADE STEP translator 7.8 4.2','',(#1557));
#1557 = PRODUCT_CONTEXT('',#2,'mechanical');
#1558 = PRODUCT_DEFINITION_CONTEXT('part definition',#2,'design');
#1559 = ADVANCED_BREP_SHAPE_REPRESENTATION('',(#11,#1560),#2734);
#1560 = MANIFOLD_SOLID_BREP('',#1561);
#1561 = CLOSED_SHELL('',(#1562,#1710,#1786,#2080,#2130,#2179,#2228,#2360
    ,#2512,#2519,#2590,#2644,#2698,#2727));
#1562 = ADVANCED_FACE('',(#1563),#1578,.T.);
#1563 = FACE_BOUND('',#1564,.T.);
#1564 = EDGE_LOOP('',(#1565,#1627,#1655,#1684));
#1565 = ORIENTED_EDGE('',*,*,#1566,.T.);
#1566 = EDGE_CURVE('',#1567,#1569,#1571,.T.);
#1567 = VERTEX_POINT('',#1568);
#1568 = CARTESIAN_POINT('',(4.667956738006E+04,1.830082150907E+04,
    4.178303473979E+03));
#1569 = VERTEX_POINT('',#1570);
#1570 = CARTESIAN_POINT('',(4.81232086851E+04,1.740112866872E+04,
    4.197369388133E+03));
#1571 = SURFACE_CURVE('',#1572,(#1577,#1611),.PCURVE_S1.);
#1572 = ELLIPSE('',#1573,1.003751502416E+03,1.001E+03);
#1573 = AXIS2_PLACEMENT_3D('',#1574,#1575,#1576);
#1574 = CARTESIAN_POINT('',(4.711954470849E+04,1.740112866872E+04,
    4.184114176363E+03));
#1575 = DIRECTION('',(1.320567066424E-02,1.232595164408E-32,
    -0.999912801329));
#1576 = DIRECTION('',(0.999912801329,4.318111283227E-15,
    1.320567066424E-02));
#1577 = PCURVE('',#1578,#1583);
#1578 = CYLINDRICAL_SURFACE('',#1579,1.001E+03);
#1579 = AXIS2_PLACEMENT_3D('',#1580,#1581,#1582);
#1580 = CARTESIAN_POINT('',(4.712675619144E+04,1.740112866872E+04,
    4.101686549052E+03));
#1581 = DIRECTION('',(-8.715574274766E-02,0.,0.996194698092));
#1582 = DIRECTION('',(0.527902761446,0.848048096156,4.618550707054E-02)
  );
#1583 = DEFINITIONAL_REPRESENTATION('',(#1584),#1610);
#1584 = B_SPLINE_CURVE_WITH_KNOTS('',3,(#1585,#1586,#1587,#1588,#1589,
    #1590,#1591,#1592,#1593,#1594,#1595,#1596,#1597,#1598,#1599,#1600,
    #1601,#1602,#1603,#1604,#1605,#1606,#1607,#1608,#1609),
  .UNSPECIFIED.,.F.,.F.,(4,1,1,1,1,1,1,1,1,1,1,1,1,1,1,1,1,1,1,1,1,1,4),
  (4.258603374866,4.350629826335,4.442656277804,4.534682729273,
    4.626709180741,4.71873563221,4.810762083679,4.902788535148,
    4.994814986617,5.086841438085,5.178867889554,5.270894341023,
    5.362920792492,5.45494724396,5.546973695429,5.639000146898,
    5.731026598367,5.823053049836,5.915079501304,6.007105952773,
    6.099132404242,6.191158855711,6.28318530718),.QUASI_UNIFORM_KNOTS.);
#1585 = CARTESIAN_POINT('',(7.295476273336,115.30044739975));
#1586 = CARTESIAN_POINT('',(7.264800789513,113.25289433353));
#1587 = CARTESIAN_POINT('',(7.203449821867,109.0652992868));
#1588 = CARTESIAN_POINT('',(7.111423370399,102.56155245854));
#1589 = CARTESIAN_POINT('',(7.01939691893,95.889968381951));
#1590 = CARTESIAN_POINT('',(6.927370467461,89.107148228625));
#1591 = CARTESIAN_POINT('',(6.835344015992,82.270456691657));
#1592 = CARTESIAN_POINT('',(6.743317564524,75.437762028644));
#1593 = CARTESIAN_POINT('',(6.651291113055,68.666885902477));
#1594 = CARTESIAN_POINT('',(6.559264661586,62.015130233993));
#1595 = CARTESIAN_POINT('',(6.467238210117,55.538787923638));
#1596 = CARTESIAN_POINT('',(6.375211758648,49.292667612828));
#1597 = CARTESIAN_POINT('',(6.28318530718,43.329629534098));
#1598 = CARTESIAN_POINT('',(6.191158855711,37.700138239319));
#1599 = CARTESIAN_POINT('',(6.099132404242,32.451835519041));
#1600 = CARTESIAN_POINT('',(6.007105952773,27.629137154737));
#1601 = CARTESIAN_POINT('',(5.915079501304,23.272857278972));
#1602 = CARTESIAN_POINT('',(5.823053049836,19.419862045541));
#1603 = CARTESIAN_POINT('',(5.731026598367,16.102761085964));
#1604 = CARTESIAN_POINT('',(5.639000146898,13.349618658732));
#1605 = CARTESIAN_POINT('',(5.546973695429,11.183764209468));
#1606 = CARTESIAN_POINT('',(5.45494724396,9.623415555416));
#1607 = CARTESIAN_POINT('',(5.362920792492,8.682194168702));
#1608 = CARTESIAN_POINT('',(5.301569824846,8.471739019852));
#1609 = CARTESIAN_POINT('',(5.270894341023,8.472179792305));
#1610 = ( GEOMETRIC_REPRESENTATION_CONTEXT(2) 
PARAMETRIC_REPRESENTATION_CONTEXT() REPRESENTATION_CONTEXT('2D SPACE',''
  ) );
#1611 = PCURVE('',#1612,#1617);
#1612 = PLANE('',#1613);
#1613 = AXIS2_PLACEMENT_3D('',#1614,#1615,#1616);
#1614 = CARTESIAN_POINT('',(1.311068160754E+04,0.,3.73496516539E+03));
#1615 = DIRECTION('',(-1.320567066424E-02,0.,0.999912801329));
#1616 = DIRECTION('',(0.999912801329,0.,1.320567066424E-02));
#1617 = DEFINITIONAL_REPRESENTATION('',(#1618),#1626);
#1618 = ( BOUNDED_CURVE() B_SPLINE_CURVE(2,(#1619,#1620,#1621,#1622,
#1623,#1624,#1625),.UNSPECIFIED.,.T.,.F.) B_SPLINE_CURVE_WITH_KNOTS((1,2
    ,2,2,2,1),(-2.094395102393,0.,2.094395102393,4.188790204786,
6.28318530718,8.377580409573),.UNSPECIFIED.) CURVE() 
GEOMETRIC_REPRESENTATION_ITEM() RATIONAL_B_SPLINE_CURVE((1.,0.5,1.,0.5,
1.,0.5,1.)) REPRESENTATION_ITEM('') );
#1619 = CARTESIAN_POINT('',(3.501558038963E+04,1.740112866872E+04));
#1620 = CARTESIAN_POINT('',(3.501558038963E+04,1.566734581035E+04));
#1621 = CARTESIAN_POINT('',(3.350995313601E+04,1.653423723954E+04));
#1622 = CARTESIAN_POINT('',(3.200432588238E+04,1.740112866872E+04));
#1623 = CARTESIAN_POINT('',(3.350995313601E+04,1.826802009791E+04));
#1624 = CARTESIAN_POINT('',(3.501558038963E+04,1.91349115271E+04));
#1625 = CARTESIAN_POINT('',(3.501558038963E+04,1.740112866872E+04));
#1626 = ( GEOMETRIC_REPRESENTATION_CONTEXT(2) 
PARAMETRIC_REPRESENTATION_CONTEXT() REPRESENTATION_CONTEXT('2D SPACE',''
  ) );
#1627 = ORIENTED_EDGE('',*,*,#1628,.T.);
#1628 = EDGE_CURVE('',#1569,#1629,#1631,.T.);
#1629 = VERTEX_POINT('',#1630);
#1630 = CARTESIAN_POINT('',(4.812403423997E+04,1.740112866872E+04,
    4.187933252845E+03));
#1631 = SURFACE_CURVE('',#1632,(#1636,#1643),.PCURVE_S1.);
#1632 = LINE('',#1633,#1634);
#1633 = CARTESIAN_POINT('',(4.812394708423E+04,1.740112866872E+04,
    4.188929447543E+03));
#1634 = VECTOR('',#1635,1.);
#1635 = DIRECTION('',(8.715574274766E-02,0.,-0.996194698092));
#1636 = PCURVE('',#1578,#1637);
#1637 = DEFINITIONAL_REPRESENTATION('',(#1638),#1642);
#1638 = LINE('',#1639,#1640);
#1639 = CARTESIAN_POINT('',(5.270894341023,0.));
#1640 = VECTOR('',#1641,1.);
#1641 = DIRECTION('',(0.,-1.));
#1642 = ( GEOMETRIC_REPRESENTATION_CONTEXT(2) 
PARAMETRIC_REPRESENTATION_CONTEXT() REPRESENTATION_CONTEXT('2D SPACE',''
  ) );
#1643 = PCURVE('',#1644,#1649);
#1644 = PLANE('',#1645);
#1645 = AXIS2_PLACEMENT_3D('',#1646,#1647,#1648);
#1646 = CARTESIAN_POINT('',(4.812394708423E+04,-1.739966547096E+04,
    4.188929447543E+03));
#1647 = DIRECTION('',(0.996194698092,1.56812446186E-15,
    8.715574274766E-02));
#1648 = DIRECTION('',(-1.562157274853E-15,1.,-1.366710521942E-16));
#1649 = DEFINITIONAL_REPRESENTATION('',(#1650),#1654);
#1650 = LINE('',#1651,#1652);
#1651 = CARTESIAN_POINT('',(3.480079413968E+04,-9.117856879117E-14));
#1652 = VECTOR('',#1653,1.);
#1653 = DIRECTION('',(0.,-1.));
#1654 = ( GEOMETRIC_REPRESENTATION_CONTEXT(2) 
PARAMETRIC_REPRESENTATION_CONTEXT() REPRESENTATION_CONTEXT('2D SPACE',''
  ) );
#1655 = ORIENTED_EDGE('',*,*,#1656,.T.);
#1656 = EDGE_CURVE('',#1629,#1657,#1659,.T.);
#1657 = VERTEX_POINT('',#1658);
#1658 = CARTESIAN_POINT('',(4.668970363194E+04,1.830082150907E+04,
    4.062445584894E+03));
#1659 = SURFACE_CURVE('',#1660,(#1665,#1672),.PCURVE_S1.);
#1660 = CIRCLE('',#1661,1.001E+03);
#1661 = AXIS2_PLACEMENT_3D('',#1662,#1663,#1664);
#1662 = CARTESIAN_POINT('',(4.712684334718E+04,1.740112866872E+04,
    4.100690354354E+03));
#1663 = DIRECTION('',(-8.715574274766E-02,0.,0.996194698092));
#1664 = DIRECTION('',(0.527902761446,0.848048096156,4.618550707054E-02)
  );
#1665 = PCURVE('',#1578,#1666);
#1666 = DEFINITIONAL_REPRESENTATION('',(#1667),#1671);
#1667 = LINE('',#1668,#1669);
#1668 = CARTESIAN_POINT('',(4.440892098501E-15,-1.));
#1669 = VECTOR('',#1670,1.);
#1670 = DIRECTION('',(1.,0.));
#1671 = ( GEOMETRIC_REPRESENTATION_CONTEXT(2) 
PARAMETRIC_REPRESENTATION_CONTEXT() REPRESENTATION_CONTEXT('2D SPACE',''
  ) );
#1672 = PCURVE('',#1673,#1678);
#1673 = PLANE('',#1674);
#1674 = AXIS2_PLACEMENT_3D('',#1675,#1676,#1677);
#1675 = CARTESIAN_POINT('',(2.399008450723E+04,4.518198378864E-11,
    2.076486245125E+03));
#1676 = DIRECTION('',(-8.715574274766E-02,0.,0.996194698092));
#1677 = DIRECTION('',(0.996194698092,0.,8.715574274766E-02));
#1678 = DEFINITIONAL_REPRESENTATION('',(#1679),#1683);
#1679 = CIRCLE('',#1680,1.001E+03);
#1680 = AXIS2_PLACEMENT_2D('',#1681,#1682);
#1681 = CARTESIAN_POINT('',(2.32251375E+04,1.740112866872E+04));
#1682 = DIRECTION('',(0.529919264233,0.848048096156));
#1683 = ( GEOMETRIC_REPRESENTATION_CONTEXT(2) 
PARAMETRIC_REPRESENTATION_CONTEXT() REPRESENTATION_CONTEXT('2D SPACE',''
  ) );
#1684 = ORIENTED_EDGE('',*,*,#1685,.T.);
#1685 = EDGE_CURVE('',#1657,#1567,#1686,.T.);
#1686 = SURFACE_CURVE('',#1687,(#1691,#1698),.PCURVE_S1.);
#1687 = LINE('',#1688,#1689);
#1688 = CARTESIAN_POINT('',(4.66896164762E+04,1.830082150907E+04,
    4.063441779592E+03));
#1689 = VECTOR('',#1690,1.);
#1690 = DIRECTION('',(-8.715574274766E-02,0.,0.996194698092));
#1691 = PCURVE('',#1578,#1692);
#1692 = DEFINITIONAL_REPRESENTATION('',(#1693),#1697);
#1693 = LINE('',#1694,#1695);
#1694 = CARTESIAN_POINT('',(7.295476273336,0.));
#1695 = VECTOR('',#1696,1.);
#1696 = DIRECTION('',(0.,1.));
#1697 = ( GEOMETRIC_REPRESENTATION_CONTEXT(2) 
PARAMETRIC_REPRESENTATION_CONTEXT() REPRESENTATION_CONTEXT('2D SPACE',''
  ) );
#1698 = PCURVE('',#1699,#1704);
#1699 = PLANE('',#1700);
#1700 = AXIS2_PLACEMENT_3D('',#1701,#1702,#1703);
#1701 = CARTESIAN_POINT('',(4.66866278921E+04,1.82993583113E+04,
    4.063180312364E+03));
#1702 = DIRECTION('',(-0.436703012228,0.898794046299,-3.820656289754E-02
    ));
#1703 = DIRECTION('',(-0.8953738636,-0.438371146789,-7.833506268238E-02)
  );
#1704 = DEFINITIONAL_REPRESENTATION('',(#1705),#1709);
#1705 = LINE('',#1706,#1707);
#1706 = CARTESIAN_POINT('',(-3.337805821424,1.500466417781E-13));
#1707 = VECTOR('',#1708,1.);
#1708 = DIRECTION('',(0.,1.));
#1709 = ( GEOMETRIC_REPRESENTATION_CONTEXT(2) 
PARAMETRIC_REPRESENTATION_CONTEXT() REPRESENTATION_CONTEXT('2D SPACE',''
  ) );
#1710 = ADVANCED_FACE('',(#1711),#1644,.T.);
#1711 = FACE_BOUND('',#1712,.T.);
#1712 = EDGE_LOOP('',(#1713,#1714,#1737,#1765));
#1713 = ORIENTED_EDGE('',*,*,#1628,.F.);
#1714 = ORIENTED_EDGE('',*,*,#1715,.T.);
#1715 = EDGE_CURVE('',#1569,#1716,#1718,.T.);
#1716 = VERTEX_POINT('',#1717);
#1717 = CARTESIAN_POINT('',(4.81232086851E+04,-1.740112866872E+04,
    4.197369388133E+03));
#1718 = SURFACE_CURVE('',#1719,(#1723,#1730),.PCURVE_S1.);
#1719 = LINE('',#1720,#1721);
#1720 = CARTESIAN_POINT('',(4.81232086851E+04,-8.69983273548E+03,
    4.197369388133E+03));
#1721 = VECTOR('',#1722,1.);
#1722 = DIRECTION('',(1.572297735487E-15,-1.,2.076505676633E-17));
#1723 = PCURVE('',#1644,#1724);
#1724 = DEFINITIONAL_REPRESENTATION('',(#1725),#1729);
#1725 = LINE('',#1726,#1727);
#1726 = CARTESIAN_POINT('',(8.69983273548E+03,8.472179792299));
#1727 = VECTOR('',#1728,1.);
#1728 = DIRECTION('',(-1.,-1.163487375007E-16));
#1729 = ( GEOMETRIC_REPRESENTATION_CONTEXT(2) 
PARAMETRIC_REPRESENTATION_CONTEXT() REPRESENTATION_CONTEXT('2D SPACE',''
  ) );
#1730 = PCURVE('',#1612,#1731);
#1731 = DEFINITIONAL_REPRESENTATION('',(#1732),#1736);
#1732 = LINE('',#1733,#1734);
#1733 = CARTESIAN_POINT('',(3.501558038963E+04,-8.69983273548E+03));
#1734 = VECTOR('',#1735,1.);
#1735 = DIRECTION('',(1.572434849716E-15,-1.));
#1736 = ( GEOMETRIC_REPRESENTATION_CONTEXT(2) 
PARAMETRIC_REPRESENTATION_CONTEXT() REPRESENTATION_CONTEXT('2D SPACE',''
  ) );
#1737 = ORIENTED_EDGE('',*,*,#1738,.F.);
#1738 = EDGE_CURVE('',#1739,#1716,#1741,.T.);
#1739 = VERTEX_POINT('',#1740);
#1740 = CARTESIAN_POINT('',(4.812403423997E+04,-1.740112866872E+04,
    4.187933252845E+03));
#1741 = SURFACE_CURVE('',#1742,(#1746,#1753),.PCURVE_S1.);
#1742 = LINE('',#1743,#1744);
#1743 = CARTESIAN_POINT('',(4.812394708423E+04,-1.740112866872E+04,
    4.188929447543E+03));
#1744 = VECTOR('',#1745,1.);
#1745 = DIRECTION('',(-8.715574274766E-02,0.,0.996194698092));
#1746 = PCURVE('',#1644,#1747);
#1747 = DEFINITIONAL_REPRESENTATION('',(#1748),#1752);
#1748 = LINE('',#1749,#1750);
#1749 = CARTESIAN_POINT('',(-1.463197765002,0.));
#1750 = VECTOR('',#1751,1.);
#1751 = DIRECTION('',(0.,1.));
#1752 = ( GEOMETRIC_REPRESENTATION_CONTEXT(2) 
PARAMETRIC_REPRESENTATION_CONTEXT() REPRESENTATION_CONTEXT('2D SPACE',''
  ) );
#1753 = PCURVE('',#1754,#1759);
#1754 = CYLINDRICAL_SURFACE('',#1755,1.001E+03);
#1755 = AXIS2_PLACEMENT_3D('',#1756,#1757,#1758);
#1756 = CARTESIAN_POINT('',(4.712675619144E+04,-1.740112866872E+04,
    4.101686549052E+03));
#1757 = DIRECTION('',(8.715574274766E-02,0.,-0.996194698092));
#1758 = DIRECTION('',(0.527902761446,-0.848048096156,4.618550707054E-02)
  );
#1759 = DEFINITIONAL_REPRESENTATION('',(#1760),#1764);
#1760 = LINE('',#1761,#1762);
#1761 = CARTESIAN_POINT('',(-1.012290966157,0.));
#1762 = VECTOR('',#1763,1.);
#1763 = DIRECTION('',(0.,-1.));
#1764 = ( GEOMETRIC_REPRESENTATION_CONTEXT(2) 
PARAMETRIC_REPRESENTATION_CONTEXT() REPRESENTATION_CONTEXT('2D SPACE',''
  ) );
#1765 = ORIENTED_EDGE('',*,*,#1766,.F.);
#1766 = EDGE_CURVE('',#1629,#1739,#1767,.T.);
#1767 = SURFACE_CURVE('',#1768,(#1772,#1779),.PCURVE_S1.);
#1768 = LINE('',#1769,#1770);
#1769 = CARTESIAN_POINT('',(4.812403423997E+04,-8.69983273548E+03,
    4.187933252845E+03));
#1770 = VECTOR('',#1771,1.);
#1771 = DIRECTION('',(1.562157274853E-15,-1.,1.366710521942E-16));
#1772 = PCURVE('',#1644,#1773);
#1773 = DEFINITIONAL_REPRESENTATION('',(#1774),#1778);
#1774 = LINE('',#1775,#1776);
#1775 = CARTESIAN_POINT('',(8.69983273548E+03,-1.));
#1776 = VECTOR('',#1777,1.);
#1777 = DIRECTION('',(-1.,0.));
#1778 = ( GEOMETRIC_REPRESENTATION_CONTEXT(2) 
PARAMETRIC_REPRESENTATION_CONTEXT() REPRESENTATION_CONTEXT('2D SPACE',''
  ) );
#1779 = PCURVE('',#1673,#1780);
#1780 = DEFINITIONAL_REPRESENTATION('',(#1781),#1785);
#1781 = LINE('',#1782,#1783);
#1782 = CARTESIAN_POINT('',(2.42261375E+04,-8.69983273548E+03));
#1783 = VECTOR('',#1784,1.);
#1784 = DIRECTION('',(1.56812446186E-15,-1.));
#1785 = ( GEOMETRIC_REPRESENTATION_CONTEXT(2) 
PARAMETRIC_REPRESENTATION_CONTEXT() REPRESENTATION_CONTEXT('2D SPACE',''
  ) );
#1786 = ADVANCED_FACE('',(#1787),#1612,.T.);
#1787 = FACE_BOUND('',#1788,.T.);
#1788 = EDGE_LOOP('',(#1789,#1790,#1813,#1864,#1892,#1920,#1948,#2003,
    #2031,#2079));
#1789 = ORIENTED_EDGE('',*,*,#1566,.F.);
#1790 = ORIENTED_EDGE('',*,*,#1791,.F.);
#1791 = EDGE_CURVE('',#1792,#1567,#1794,.T.);
#1792 = VERTEX_POINT('',#1793);
#1793 = CARTESIAN_POINT('',(2.715135895883E+04,8.80155840001E+03,
    3.920397895882E+03));
#1794 = SURFACE_CURVE('',#1795,(#1799,#1806),.PCURVE_S1.);
#1795 = LINE('',#1796,#1797);
#1796 = CARTESIAN_POINT('',(2.950934883836E+04,9.948574336699E+03,
    3.951539449163E+03));
#1797 = VECTOR('',#1798,1.);
#1798 = DIRECTION('',(0.899188820788,0.437399632836,1.187542695374E-02)
  );
#1799 = PCURVE('',#1612,#1800);
#1800 = DEFINITIONAL_REPRESENTATION('',(#1801),#1805);
#1801 = LINE('',#1802,#1803);
#1802 = CARTESIAN_POINT('',(1.640009729751E+04,9.948574336699E+03));
#1803 = VECTOR('',#1804,1.);
#1804 = DIRECTION('',(0.899267235695,0.437399632836));
#1805 = ( GEOMETRIC_REPRESENTATION_CONTEXT(2) 
PARAMETRIC_REPRESENTATION_CONTEXT() REPRESENTATION_CONTEXT('2D SPACE',''
  ) );
#1806 = PCURVE('',#1699,#1807);
#1807 = DEFINITIONAL_REPRESENTATION('',(#1808),#1812);
#1808 = LINE('',#1809,#1810);
#1809 = CARTESIAN_POINT('',(1.904957485403E+04,1.385882478302E+03));
#1810 = VECTOR('',#1811,1.);
#1811 = DIRECTION('',(-0.997783809541,-6.653923217726E-02));
#1812 = ( GEOMETRIC_REPRESENTATION_CONTEXT(2) 
PARAMETRIC_REPRESENTATION_CONTEXT() REPRESENTATION_CONTEXT('2D SPACE',''
  ) );
#1813 = ORIENTED_EDGE('',*,*,#1814,.T.);
#1814 = EDGE_CURVE('',#1792,#1815,#1817,.T.);
#1815 = VERTEX_POINT('',#1816);
#1816 = CARTESIAN_POINT('',(2.622320744696E+04,8.654429748817E+03,
    3.908139963814E+03));
#1817 = SURFACE_CURVE('',#1818,(#1823,#1830),.PCURVE_S1.);
#1818 = ELLIPSE('',#1819,3.008246261035E+03,3.000000000051E+03);
#1819 = AXIS2_PLACEMENT_3D('',#1820,#1821,#1822);
#1820 = CARTESIAN_POINT('',(2.715364798751E+04,5.801559268605E+03,
    3.920428126677E+03));
#1821 = DIRECTION('',(-1.320567066424E-02,0.,0.999912801329));
#1822 = DIRECTION('',(-0.999912801329,0.,-1.320567066424E-02));
#1823 = PCURVE('',#1612,#1824);
#1824 = DEFINITIONAL_REPRESENTATION('',(#1825),#1829);
#1825 = ELLIPSE('',#1826,3.008246261035E+03,3.000000000051E+03);
#1826 = AXIS2_PLACEMENT_2D('',#1827,#1828);
#1827 = CARTESIAN_POINT('',(1.404419101476E+04,5.801559268605E+03));
#1828 = DIRECTION('',(-1.,0.));
#1829 = ( GEOMETRIC_REPRESENTATION_CONTEXT(2) 
PARAMETRIC_REPRESENTATION_CONTEXT() REPRESENTATION_CONTEXT('2D SPACE',''
  ) );
#1830 = PCURVE('',#1831,#1836);
#1831 = CYLINDRICAL_SURFACE('',#1832,3.000000000051E+03);
#1832 = AXIS2_PLACEMENT_3D('',#1833,#1834,#1835);
#1833 = CARTESIAN_POINT('',(2.728962858662E+04,5.801559268605E+03,
    2.366162766714E+03));
#1834 = DIRECTION('',(-8.715574274766E-02,0.,0.996194698092));
#1835 = DIRECTION('',(0.,1.,0.));
#1836 = DEFINITIONAL_REPRESENTATION('',(#1837),#1863);
#1837 = B_SPLINE_CURVE_WITH_KNOTS('',3,(#1838,#1839,#1840,#1841,#1842,
    #1843,#1844,#1845,#1846,#1847,#1848,#1849,#1850,#1851,#1852,#1853,
    #1854,#1855,#1856,#1857,#1858,#1859,#1860,#1861,#1862),
  .UNSPECIFIED.,.F.,.F.,(4,1,1,1,1,1,1,1,1,1,1,1,1,1,1,1,1,1,1,1,1,1,4),
  (4.713149964798,4.727409997671,4.741670030544,4.755930063416,
    4.770190096289,4.784450129161,4.798710162034,4.812970194907,
    4.827230227779,4.841490260652,4.855750293525,4.870010326397,
    4.88427035927,4.898530392142,4.912790425015,4.927050457888,
    4.94131049076,4.955570523633,4.969830556505,4.984090589378,
    4.998350622251,5.012610655123,5.026870687996),
  .QUASI_UNIFORM_KNOTS.);
#1838 = CARTESIAN_POINT('',(7.609844136683E-04,1.560371787375E+03));
#1839 = CARTESIAN_POINT('',(5.51432870454E-03,1.561429826072E+03));
#1840 = CARTESIAN_POINT('',(1.502101728628E-02,1.563545891936E+03));
#1841 = CARTESIAN_POINT('',(2.92810501589E-02,1.566719310889E+03));
#1842 = CARTESIAN_POINT('',(4.354108303151E-02,1.56989140465E+03));
#1843 = CARTESIAN_POINT('',(5.780111590413E-02,1.573061528202E+03));
#1844 = CARTESIAN_POINT('',(7.206114877674E-02,1.576229036913E+03));
#1845 = CARTESIAN_POINT('',(8.632118164936E-02,1.579393286687E+03));
#1846 = CARTESIAN_POINT('',(0.100581214522,1.582553634088E+03));
#1847 = CARTESIAN_POINT('',(0.114841247395,1.585709436476E+03));
#1848 = CARTESIAN_POINT('',(0.129101280267,1.588860052133E+03));
#1849 = CARTESIAN_POINT('',(0.14336131314,1.592004840397E+03));
#1850 = CARTESIAN_POINT('',(0.157621346012,1.595143161792E+03));
#1851 = CARTESIAN_POINT('',(0.171881378885,1.598274378155E+03));
#1852 = CARTESIAN_POINT('',(0.186141411758,1.601397852767E+03));
#1853 = CARTESIAN_POINT('',(0.20040144463,1.604512950487E+03));
#1854 = CARTESIAN_POINT('',(0.214661477503,1.607619037874E+03));
#1855 = CARTESIAN_POINT('',(0.228921510376,1.610715483321E+03));
#1856 = CARTESIAN_POINT('',(0.243181543248,1.61380165718E+03));
#1857 = CARTESIAN_POINT('',(0.257441576121,1.616876931897E+03));
#1858 = CARTESIAN_POINT('',(0.271701608993,1.619940682114E+03));
#1859 = CARTESIAN_POINT('',(0.285961641866,1.622992284889E+03));
#1860 = CARTESIAN_POINT('',(0.300221674739,1.626031119482E+03));
#1861 = CARTESIAN_POINT('',(0.30972836332,1.628048085663E+03));
#1862 = CARTESIAN_POINT('',(0.314481707611,1.629054234839E+03));
#1863 = ( GEOMETRIC_REPRESENTATION_CONTEXT(2) 
PARAMETRIC_REPRESENTATION_CONTEXT() REPRESENTATION_CONTEXT('2D SPACE',''
  ) );
#1864 = ORIENTED_EDGE('',*,*,#1865,.T.);
#1865 = EDGE_CURVE('',#1815,#1866,#1868,.T.);
#1866 = VERTEX_POINT('',#1867);
#1867 = CARTESIAN_POINT('',(1.311068160754E+04,4.400557843068E+03,
    3.73496516539E+03));
#1868 = SURFACE_CURVE('',#1869,(#1873,#1880),.PCURVE_S1.);
#1869 = LINE('',#1870,#1871);
#1870 = CARTESIAN_POINT('',(1.907574341213E+04,6.335700556023E+03,
    3.813744676542E+03));
#1871 = VECTOR('',#1872,1.);
#1872 = DIRECTION('',(-0.951123058544,-0.308556544116,
    -1.256131320211E-02));
#1873 = PCURVE('',#1612,#1874);
#1874 = DEFINITIONAL_REPRESENTATION('',(#1875),#1879);
#1875 = LINE('',#1876,#1877);
#1876 = CARTESIAN_POINT('',(5.96558199541E+03,6.335700556023E+03));
#1877 = VECTOR('',#1878,1.);
#1878 = DIRECTION('',(-0.951206002443,-0.308556544116));
#1879 = ( GEOMETRIC_REPRESENTATION_CONTEXT(2) 
PARAMETRIC_REPRESENTATION_CONTEXT() REPRESENTATION_CONTEXT('2D SPACE',''
  ) );
#1880 = PCURVE('',#1881,#1886);
#1881 = PLANE('',#1882);
#1882 = AXIS2_PLACEMENT_3D('',#1883,#1884,#1885);
#1883 = CARTESIAN_POINT('',(2.636518887877E+04,8.654429748817E+03,
    2.285284772164E+03));
#1884 = DIRECTION('',(-0.308146569276,0.950956826721,-2.69593315161E-02)
  );
#1885 = DIRECTION('',(-0.947338148894,-0.309323639111,
    -8.288134855383E-02));
#1886 = DEFINITIONAL_REPRESENTATION('',(#1887),#1891);
#1887 = LINE('',#1888,#1889);
#1888 = CARTESIAN_POINT('',(7.496126708777E+03,2.157960686852E+03));
#1889 = VECTOR('',#1890,1.);
#1890 = DIRECTION('',(0.997520089326,7.038232299879E-02));
#1891 = ( GEOMETRIC_REPRESENTATION_CONTEXT(2) 
PARAMETRIC_REPRESENTATION_CONTEXT() REPRESENTATION_CONTEXT('2D SPACE',''
  ) );
#1892 = ORIENTED_EDGE('',*,*,#1893,.F.);
#1893 = EDGE_CURVE('',#1894,#1866,#1896,.T.);
#1894 = VERTEX_POINT('',#1895);
#1895 = CARTESIAN_POINT('',(1.311068160754E+04,-4.400557843068E+03,
    3.73496516539E+03));
#1896 = SURFACE_CURVE('',#1897,(#1901,#1908),.PCURVE_S1.);
#1897 = LINE('',#1898,#1899);
#1898 = CARTESIAN_POINT('',(1.311068160754E+04,0.,3.73496516539E+03));
#1899 = VECTOR('',#1900,1.);
#1900 = DIRECTION('',(0.,1.,0.));
#1901 = PCURVE('',#1612,#1902);
#1902 = DEFINITIONAL_REPRESENTATION('',(#1903),#1907);
#1903 = LINE('',#1904,#1905);
#1904 = CARTESIAN_POINT('',(0.,0.));
#1905 = VECTOR('',#1906,1.);
#1906 = DIRECTION('',(0.,1.));
#1907 = ( GEOMETRIC_REPRESENTATION_CONTEXT(2) 
PARAMETRIC_REPRESENTATION_CONTEXT() REPRESENTATION_CONTEXT('2D SPACE',''
  ) );
#1908 = PCURVE('',#1909,#1914);
#1909 = CYLINDRICAL_SURFACE('',#1910,8.E+03);
#1910 = AXIS2_PLACEMENT_3D('',#1911,#1912,#1913);
#1911 = CARTESIAN_POINT('',(1.321632697285E+04,0.,-4.264337245245E+03));
#1912 = DIRECTION('',(0.,1.,0.));
#1913 = DIRECTION('',(-0.297238135952,0.,0.954803377945));
#1914 = DEFINITIONAL_REPRESENTATION('',(#1915),#1919);
#1915 = LINE('',#1916,#1917);
#1916 = CARTESIAN_POINT('',(0.288592692117,0.));
#1917 = VECTOR('',#1918,1.);
#1918 = DIRECTION('',(0.,1.));
#1919 = ( GEOMETRIC_REPRESENTATION_CONTEXT(2) 
PARAMETRIC_REPRESENTATION_CONTEXT() REPRESENTATION_CONTEXT('2D SPACE',''
  ) );
#1920 = ORIENTED_EDGE('',*,*,#1921,.F.);
#1921 = EDGE_CURVE('',#1922,#1894,#1924,.T.);
#1922 = VERTEX_POINT('',#1923);
#1923 = CARTESIAN_POINT('',(2.622320744696E+04,-8.654429748817E+03,
    3.908139963814E+03));
#1924 = SURFACE_CURVE('',#1925,(#1929,#1936),.PCURVE_S1.);
#1925 = LINE('',#1926,#1927);
#1926 = CARTESIAN_POINT('',(1.907574341213E+04,-6.335700556023E+03,
    3.813744676542E+03));
#1927 = VECTOR('',#1928,1.);
#1928 = DIRECTION('',(-0.951123058544,0.308556544116,-1.256131320211E-02
    ));
#1929 = PCURVE('',#1612,#1930);
#1930 = DEFINITIONAL_REPRESENTATION('',(#1931),#1935);
#1931 = LINE('',#1932,#1933);
#1932 = CARTESIAN_POINT('',(5.96558199541E+03,-6.335700556023E+03));
#1933 = VECTOR('',#1934,1.);
#1934 = DIRECTION('',(-0.951206002443,0.308556544116));
#1935 = ( GEOMETRIC_REPRESENTATION_CONTEXT(2) 
PARAMETRIC_REPRESENTATION_CONTEXT() REPRESENTATION_CONTEXT('2D SPACE',''
  ) );
#1936 = PCURVE('',#1937,#1942);
#1937 = PLANE('',#1938);
#1938 = AXIS2_PLACEMENT_3D('',#1939,#1940,#1941);
#1939 = CARTESIAN_POINT('',(2.636518887877E+04,-8.654429748817E+03,
    2.285284772164E+03));
#1940 = DIRECTION('',(0.308146569276,0.950956826721,2.69593315161E-02));
#1941 = DIRECTION('',(-0.947338148894,0.309323639111,-8.288134855383E-02
    ));
#1942 = DEFINITIONAL_REPRESENTATION('',(#1943),#1947);
#1943 = LINE('',#1944,#1945);
#1944 = CARTESIAN_POINT('',(7.496126708777E+03,2.157960686852E+03));
#1945 = VECTOR('',#1946,1.);
#1946 = DIRECTION('',(0.997520089326,7.038232299879E-02));
#1947 = ( GEOMETRIC_REPRESENTATION_CONTEXT(2) 
PARAMETRIC_REPRESENTATION_CONTEXT() REPRESENTATION_CONTEXT('2D SPACE',''
  ) );
#1948 = ORIENTED_EDGE('',*,*,#1949,.F.);
#1949 = EDGE_CURVE('',#1950,#1922,#1952,.T.);
#1950 = VERTEX_POINT('',#1951);
#1951 = CARTESIAN_POINT('',(2.715135895883E+04,-8.80155840001E+03,
    3.920397895882E+03));
#1952 = SURFACE_CURVE('',#1953,(#1958,#1969),.PCURVE_S1.);
#1953 = ELLIPSE('',#1954,3.008246261035E+03,3.000000000051E+03);
#1954 = AXIS2_PLACEMENT_3D('',#1955,#1956,#1957);
#1955 = CARTESIAN_POINT('',(2.715364798751E+04,-5.801559268605E+03,
    3.920428126677E+03));
#1956 = DIRECTION('',(1.320567066424E-02,0.,-0.999912801329));
#1957 = DIRECTION('',(-0.999912801329,0.,-1.320567066424E-02));
#1958 = PCURVE('',#1612,#1959);
#1959 = DEFINITIONAL_REPRESENTATION('',(#1960),#1968);
#1960 = ( BOUNDED_CURVE() B_SPLINE_CURVE(2,(#1961,#1962,#1963,#1964,
#1965,#1966,#1967),.UNSPECIFIED.,.T.,.F.) B_SPLINE_CURVE_WITH_KNOTS((1,2
    ,2,2,2,1),(-2.094395102393,0.,2.094395102393,4.188790204786,
6.28318530718,8.377580409573),.UNSPECIFIED.) CURVE() 
GEOMETRIC_REPRESENTATION_ITEM() RATIONAL_B_SPLINE_CURVE((1.,0.5,1.,0.5,
1.,0.5,1.)) REPRESENTATION_ITEM('') );
#1961 = CARTESIAN_POINT('',(1.103594475373E+04,-5.801559268605E+03));
#1962 = CARTESIAN_POINT('',(1.103594475373E+04,-605.4068458102));
#1963 = CARTESIAN_POINT('',(1.554831414528E+04,-3.203483057208E+03));
#1964 = CARTESIAN_POINT('',(2.006068353683E+04,-5.801559268605E+03));
#1965 = CARTESIAN_POINT('',(1.554831414528E+04,-8.399635480003E+03));
#1966 = CARTESIAN_POINT('',(1.103594475373E+04,-1.09977116914E+04));
#1967 = CARTESIAN_POINT('',(1.103594475373E+04,-5.801559268605E+03));
#1968 = ( GEOMETRIC_REPRESENTATION_CONTEXT(2) 
PARAMETRIC_REPRESENTATION_CONTEXT() REPRESENTATION_CONTEXT('2D SPACE',''
  ) );
#1969 = PCURVE('',#1970,#1975);
#1970 = CYLINDRICAL_SURFACE('',#1971,3.000000000051E+03);
#1971 = AXIS2_PLACEMENT_3D('',#1972,#1973,#1974);
#1972 = CARTESIAN_POINT('',(2.728962858662E+04,-5.801559268605E+03,
    2.366162766714E+03));
#1973 = DIRECTION('',(8.715574274766E-02,0.,-0.996194698092));
#1974 = DIRECTION('',(0.,-1.,0.));
#1975 = DEFINITIONAL_REPRESENTATION('',(#1976),#2002);
#1976 = B_SPLINE_CURVE_WITH_KNOTS('',3,(#1977,#1978,#1979,#1980,#1981,
    #1982,#1983,#1984,#1985,#1986,#1987,#1988,#1989,#1990,#1991,#1992,
    #1993,#1994,#1995,#1996,#1997,#1998,#1999,#2000,#2001),
  .UNSPECIFIED.,.F.,.F.,(4,1,1,1,1,1,1,1,1,1,1,1,1,1,1,1,1,1,1,1,1,1,4),
  (4.713149964798,4.727409997671,4.741670030544,4.755930063416,
    4.770190096289,4.784450129161,4.798710162034,4.812970194907,
    4.827230227779,4.841490260652,4.855750293525,4.870010326397,
    4.88427035927,4.898530392142,4.912790425015,4.927050457888,
    4.94131049076,4.955570523633,4.969830556505,4.984090589378,
    4.998350622251,5.012610655123,5.026870687996),
  .QUASI_UNIFORM_KNOTS.);
#1977 = CARTESIAN_POINT('',(7.609844136683E-04,-1.560371787375E+03));
#1978 = CARTESIAN_POINT('',(5.51432870454E-03,-1.561429826072E+03));
#1979 = CARTESIAN_POINT('',(1.502101728628E-02,-1.563545891936E+03));
#1980 = CARTESIAN_POINT('',(2.92810501589E-02,-1.566719310889E+03));
#1981 = CARTESIAN_POINT('',(4.354108303151E-02,-1.56989140465E+03));
#1982 = CARTESIAN_POINT('',(5.780111590413E-02,-1.573061528202E+03));
#1983 = CARTESIAN_POINT('',(7.206114877674E-02,-1.576229036913E+03));
#1984 = CARTESIAN_POINT('',(8.632118164936E-02,-1.579393286687E+03));
#1985 = CARTESIAN_POINT('',(0.100581214522,-1.582553634088E+03));
#1986 = CARTESIAN_POINT('',(0.114841247395,-1.585709436476E+03));
#1987 = CARTESIAN_POINT('',(0.129101280267,-1.588860052133E+03));
#1988 = CARTESIAN_POINT('',(0.14336131314,-1.592004840397E+03));
#1989 = CARTESIAN_POINT('',(0.157621346012,-1.595143161792E+03));
#1990 = CARTESIAN_POINT('',(0.171881378885,-1.598274378155E+03));
#1991 = CARTESIAN_POINT('',(0.186141411758,-1.601397852767E+03));
#1992 = CARTESIAN_POINT('',(0.20040144463,-1.604512950487E+03));
#1993 = CARTESIAN_POINT('',(0.214661477503,-1.607619037874E+03));
#1994 = CARTESIAN_POINT('',(0.228921510376,-1.610715483321E+03));
#1995 = CARTESIAN_POINT('',(0.243181543248,-1.61380165718E+03));
#1996 = CARTESIAN_POINT('',(0.257441576121,-1.616876931897E+03));
#1997 = CARTESIAN_POINT('',(0.271701608993,-1.619940682114E+03));
#1998 = CARTESIAN_POINT('',(0.285961641866,-1.622992284889E+03));
#1999 = CARTESIAN_POINT('',(0.300221674739,-1.626031119482E+03));
#2000 = CARTESIAN_POINT('',(0.30972836332,-1.628048085663E+03));
#2001 = CARTESIAN_POINT('',(0.314481707611,-1.629054234839E+03));
#2002 = ( GEOMETRIC_REPRESENTATION_CONTEXT(2) 
PARAMETRIC_REPRESENTATION_CONTEXT() REPRESENTATION_CONTEXT('2D SPACE',''
  ) );
#2003 = ORIENTED_EDGE('',*,*,#2004,.T.);
#2004 = EDGE_CURVE('',#1950,#2005,#2007,.T.);
#2005 = VERTEX_POINT('',#2006);
#2006 = CARTESIAN_POINT('',(4.667956738006E+04,-1.830082150907E+04,
    4.178303473979E+03));
#2007 = SURFACE_CURVE('',#2008,(#2012,#2019),.PCURVE_S1.);
#2008 = LINE('',#2009,#2010);
#2009 = CARTESIAN_POINT('',(2.950934883836E+04,-9.948574336699E+03,
    3.951539449163E+03));
#2010 = VECTOR('',#2011,1.);
#2011 = DIRECTION('',(0.899188820788,-0.437399632836,1.187542695374E-02)
  );
#2012 = PCURVE('',#1612,#2013);
#2013 = DEFINITIONAL_REPRESENTATION('',(#2014),#2018);
#2014 = LINE('',#2015,#2016);
#2015 = CARTESIAN_POINT('',(1.640009729751E+04,-9.948574336699E+03));
#2016 = VECTOR('',#2017,1.);
#2017 = DIRECTION('',(0.899267235695,-0.437399632836));
#2018 = ( GEOMETRIC_REPRESENTATION_CONTEXT(2) 
PARAMETRIC_REPRESENTATION_CONTEXT() REPRESENTATION_CONTEXT('2D SPACE',''
  ) );
#2019 = PCURVE('',#2020,#2025);
#2020 = PLANE('',#2021);
#2021 = AXIS2_PLACEMENT_3D('',#2022,#2023,#2024);
#2022 = CARTESIAN_POINT('',(4.66866278921E+04,-1.82993583113E+04,
    4.063180312364E+03));
#2023 = DIRECTION('',(0.436703012228,0.898794046299,3.820656289754E-02)
  );
#2024 = DIRECTION('',(-0.8953738636,0.438371146789,-7.833506268238E-02)
  );
#2025 = DEFINITIONAL_REPRESENTATION('',(#2026),#2030);
#2026 = LINE('',#2027,#2028);
#2027 = CARTESIAN_POINT('',(1.904957485403E+04,1.385882478302E+03));
#2028 = VECTOR('',#2029,1.);
#2029 = DIRECTION('',(-0.997783809541,-6.653923217726E-02));
#2030 = ( GEOMETRIC_REPRESENTATION_CONTEXT(2) 
PARAMETRIC_REPRESENTATION_CONTEXT() REPRESENTATION_CONTEXT('2D SPACE',''
  ) );
#2031 = ORIENTED_EDGE('',*,*,#2032,.F.);
#2032 = EDGE_CURVE('',#1716,#2005,#2033,.T.);
#2033 = SURFACE_CURVE('',#2034,(#2039,#2050),.PCURVE_S1.);
#2034 = ELLIPSE('',#2035,1.003751502416E+03,1.001E+03);
#2035 = AXIS2_PLACEMENT_3D('',#2036,#2037,#2038);
#2036 = CARTESIAN_POINT('',(4.711954470849E+04,-1.740112866872E+04,
    4.184114176363E+03));
#2037 = DIRECTION('',(1.320567066424E-02,1.848892746612E-32,
    -0.999912801329));
#2038 = DIRECTION('',(0.999912801329,-2.477604834638E-15,
    1.320567066424E-02));
#2039 = PCURVE('',#1612,#2040);
#2040 = DEFINITIONAL_REPRESENTATION('',(#2041),#2049);
#2041 = ( BOUNDED_CURVE() B_SPLINE_CURVE(2,(#2042,#2043,#2044,#2045,
#2046,#2047,#2048),.UNSPECIFIED.,.T.,.F.) B_SPLINE_CURVE_WITH_KNOTS((1,2
    ,2,2,2,1),(-2.094395102393,0.,2.094395102393,4.188790204786,
6.28318530718,8.377580409573),.UNSPECIFIED.) CURVE() 
GEOMETRIC_REPRESENTATION_ITEM() RATIONAL_B_SPLINE_CURVE((1.,0.5,1.,0.5,
1.,0.5,1.)) REPRESENTATION_ITEM('') );
#2042 = CARTESIAN_POINT('',(3.501558038963E+04,-1.740112866872E+04));
#2043 = CARTESIAN_POINT('',(3.501558038963E+04,-1.91349115271E+04));
#2044 = CARTESIAN_POINT('',(3.350995313601E+04,-1.826802009791E+04));
#2045 = CARTESIAN_POINT('',(3.200432588238E+04,-1.740112866872E+04));
#2046 = CARTESIAN_POINT('',(3.350995313601E+04,-1.653423723954E+04));
#2047 = CARTESIAN_POINT('',(3.501558038963E+04,-1.566734581035E+04));
#2048 = CARTESIAN_POINT('',(3.501558038963E+04,-1.740112866872E+04));
#2049 = ( GEOMETRIC_REPRESENTATION_CONTEXT(2) 
PARAMETRIC_REPRESENTATION_CONTEXT() REPRESENTATION_CONTEXT('2D SPACE',''
  ) );
#2050 = PCURVE('',#1754,#2051);
#2051 = DEFINITIONAL_REPRESENTATION('',(#2052),#2078);
#2052 = B_SPLINE_CURVE_WITH_KNOTS('',3,(#2053,#2054,#2055,#2056,#2057,
    #2058,#2059,#2060,#2061,#2062,#2063,#2064,#2065,#2066,#2067,#2068,
    #2069,#2070,#2071,#2072,#2073,#2074,#2075,#2076,#2077),
  .UNSPECIFIED.,.F.,.F.,(4,1,1,1,1,1,1,1,1,1,1,1,1,1,1,1,1,1,1,1,1,1,4),
  (-2.6645352591E-15,9.202645146879E-02,0.184052902938,0.276079354406,
    0.368105805875,0.460132257344,0.552158708813,0.644185160282,
    0.73621161175,0.828238063219,0.920264514688,1.012290966157,
    1.104317417626,1.196343869094,1.288370320563,1.380396772032,
    1.472423223501,1.56444967497,1.656476126438,1.748502577907,
    1.840529029376,1.932555480845,2.024581932313),.UNSPECIFIED.);
#2053 = CARTESIAN_POINT('',(-1.012290966157,-8.4721797923));
#2054 = CARTESIAN_POINT('',(-0.981615482334,-8.471739019848));
#2055 = CARTESIAN_POINT('',(-0.920264514688,-8.682194168697));
#2056 = CARTESIAN_POINT('',(-0.828238063219,-9.623415555412));
#2057 = CARTESIAN_POINT('',(-0.73621161175,-11.18376420946));
#2058 = CARTESIAN_POINT('',(-0.644185160282,-13.34961865872));
#2059 = CARTESIAN_POINT('',(-0.552158708813,-16.10276108596));
#2060 = CARTESIAN_POINT('',(-0.460132257344,-19.41986204553));
#2061 = CARTESIAN_POINT('',(-0.368105805875,-23.27285727896));
#2062 = CARTESIAN_POINT('',(-0.276079354406,-27.62913715473));
#2063 = CARTESIAN_POINT('',(-0.184052902938,-32.45183551903));
#2064 = CARTESIAN_POINT('',(-9.202645146875E-02,-37.70013823931));
#2065 = CARTESIAN_POINT('',(6.486717690862E-14,-43.32962953409));
#2066 = CARTESIAN_POINT('',(9.202645146884E-02,-49.29266761282));
#2067 = CARTESIAN_POINT('',(0.184052902938,-55.53878792363));
#2068 = CARTESIAN_POINT('',(0.276079354406,-62.01513023399));
#2069 = CARTESIAN_POINT('',(0.368105805875,-68.66688590248));
#2070 = CARTESIAN_POINT('',(0.460132257344,-75.43776202864));
#2071 = CARTESIAN_POINT('',(0.552158708813,-82.27045669166));
#2072 = CARTESIAN_POINT('',(0.644185160282,-89.10714822862));
#2073 = CARTESIAN_POINT('',(0.73621161175,-95.88996838195));
#2074 = CARTESIAN_POINT('',(0.828238063219,-102.5615524585));
#2075 = CARTESIAN_POINT('',(0.920264514688,-109.0652992868));
#2076 = CARTESIAN_POINT('',(0.981615482334,-113.2528943335));
#2077 = CARTESIAN_POINT('',(1.012290966157,-115.3004473997));
#2078 = ( GEOMETRIC_REPRESENTATION_CONTEXT(2) 
PARAMETRIC_REPRESENTATION_CONTEXT() REPRESENTATION_CONTEXT('2D SPACE',''
  ) );
#2079 = ORIENTED_EDGE('',*,*,#1715,.F.);
#2080 = ADVANCED_FACE('',(#2081),#1754,.T.);
#2081 = FACE_BOUND('',#2082,.T.);
#2082 = EDGE_LOOP('',(#2083,#2107,#2108,#2109));
#2083 = ORIENTED_EDGE('',*,*,#2084,.T.);
#2084 = EDGE_CURVE('',#2085,#1739,#2087,.T.);
#2085 = VERTEX_POINT('',#2086);
#2086 = CARTESIAN_POINT('',(4.668970363194E+04,-1.830082150907E+04,
    4.062445584894E+03));
#2087 = SURFACE_CURVE('',#2088,(#2093,#2100),.PCURVE_S1.);
#2088 = CIRCLE('',#2089,1.001E+03);
#2089 = AXIS2_PLACEMENT_3D('',#2090,#2091,#2092);
#2090 = CARTESIAN_POINT('',(4.712684334718E+04,-1.740112866872E+04,
    4.100690354354E+03));
#2091 = DIRECTION('',(-8.715574274766E-02,6.938893903907E-18,
    0.996194698092));
#2092 = DIRECTION('',(0.527902761446,-0.848048096156,4.618550707054E-02)
  );
#2093 = PCURVE('',#1754,#2094);
#2094 = DEFINITIONAL_REPRESENTATION('',(#2095),#2099);
#2095 = LINE('',#2096,#2097);
#2096 = CARTESIAN_POINT('',(6.28318530718,1.));
#2097 = VECTOR('',#2098,1.);
#2098 = DIRECTION('',(-1.,0.));
#2099 = ( GEOMETRIC_REPRESENTATION_CONTEXT(2) 
PARAMETRIC_REPRESENTATION_CONTEXT() REPRESENTATION_CONTEXT('2D SPACE',''
  ) );
#2100 = PCURVE('',#1673,#2101);
#2101 = DEFINITIONAL_REPRESENTATION('',(#2102),#2106);
#2102 = CIRCLE('',#2103,1.001E+03);
#2103 = AXIS2_PLACEMENT_2D('',#2104,#2105);
#2104 = CARTESIAN_POINT('',(2.32251375E+04,-1.740112866872E+04));
#2105 = DIRECTION('',(0.529919264233,-0.848048096156));
#2106 = ( GEOMETRIC_REPRESENTATION_CONTEXT(2) 
PARAMETRIC_REPRESENTATION_CONTEXT() REPRESENTATION_CONTEXT('2D SPACE',''
  ) );
#2107 = ORIENTED_EDGE('',*,*,#1738,.T.);
#2108 = ORIENTED_EDGE('',*,*,#2032,.T.);
#2109 = ORIENTED_EDGE('',*,*,#2110,.T.);
#2110 = EDGE_CURVE('',#2005,#2085,#2111,.T.);
#2111 = SURFACE_CURVE('',#2112,(#2116,#2123),.PCURVE_S1.);
#2112 = LINE('',#2113,#2114);
#2113 = CARTESIAN_POINT('',(4.66896164762E+04,-1.830082150907E+04,
    4.063441779592E+03));
#2114 = VECTOR('',#2115,1.);
#2115 = DIRECTION('',(8.715574274766E-02,0.,-0.996194698092));
#2116 = PCURVE('',#1754,#2117);
#2117 = DEFINITIONAL_REPRESENTATION('',(#2118),#2122);
#2118 = LINE('',#2119,#2120);
#2119 = CARTESIAN_POINT('',(1.012290966157,0.));
#2120 = VECTOR('',#2121,1.);
#2121 = DIRECTION('',(0.,1.));
#2122 = ( GEOMETRIC_REPRESENTATION_CONTEXT(2) 
PARAMETRIC_REPRESENTATION_CONTEXT() REPRESENTATION_CONTEXT('2D SPACE',''
  ) );
#2123 = PCURVE('',#2020,#2124);
#2124 = DEFINITIONAL_REPRESENTATION('',(#2125),#2129);
#2125 = LINE('',#2126,#2127);
#2126 = CARTESIAN_POINT('',(-3.337805821424,1.500466417781E-13));
#2127 = VECTOR('',#2128,1.);
#2128 = DIRECTION('',(0.,-1.));
#2129 = ( GEOMETRIC_REPRESENTATION_CONTEXT(2) 
PARAMETRIC_REPRESENTATION_CONTEXT() REPRESENTATION_CONTEXT('2D SPACE',''
  ) );
#2130 = ADVANCED_FACE('',(#2131),#2020,.F.);
#2131 = FACE_BOUND('',#2132,.T.);
#2132 = EDGE_LOOP('',(#2133,#2134,#2135,#2158));
#2133 = ORIENTED_EDGE('',*,*,#2110,.F.);
#2134 = ORIENTED_EDGE('',*,*,#2004,.F.);
#2135 = ORIENTED_EDGE('',*,*,#2136,.T.);
#2136 = EDGE_CURVE('',#1950,#2137,#2139,.T.);
#2137 = VERTEX_POINT('',#2138);
#2138 = CARTESIAN_POINT('',(2.728744147667E+04,-8.80155840001E+03,
    2.364967599549E+03));
#2139 = SURFACE_CURVE('',#2140,(#2144,#2151),.PCURVE_S1.);
#2140 = LINE('',#2141,#2142);
#2141 = CARTESIAN_POINT('',(2.728735432092E+04,-8.80155840001E+03,
    2.365963794247E+03));
#2142 = VECTOR('',#2143,1.);
#2143 = DIRECTION('',(8.715574274766E-02,0.,-0.996194698092));
#2144 = PCURVE('',#2020,#2145);
#2145 = DEFINITIONAL_REPRESENTATION('',(#2146),#2150);
#2146 = LINE('',#2147,#2148);
#2147 = CARTESIAN_POINT('',(2.166611552987E+04,2.273736754432E-13));
#2148 = VECTOR('',#2149,1.);
#2149 = DIRECTION('',(0.,-1.));
#2150 = ( GEOMETRIC_REPRESENTATION_CONTEXT(2) 
PARAMETRIC_REPRESENTATION_CONTEXT() REPRESENTATION_CONTEXT('2D SPACE',''
  ) );
#2151 = PCURVE('',#1970,#2152);
#2152 = DEFINITIONAL_REPRESENTATION('',(#2153),#2157);
#2153 = LINE('',#2154,#2155);
#2154 = CARTESIAN_POINT('',(7.609844136683E-04,0.));
#2155 = VECTOR('',#2156,1.);
#2156 = DIRECTION('',(0.,1.));
#2157 = ( GEOMETRIC_REPRESENTATION_CONTEXT(2) 
PARAMETRIC_REPRESENTATION_CONTEXT() REPRESENTATION_CONTEXT('2D SPACE',''
  ) );
#2158 = ORIENTED_EDGE('',*,*,#2159,.T.);
#2159 = EDGE_CURVE('',#2137,#2085,#2160,.T.);
#2160 = SURFACE_CURVE('',#2161,(#2165,#2172),.PCURVE_S1.);
#2161 = LINE('',#2162,#2163);
#2162 = CARTESIAN_POINT('',(3.392789256852E+04,-1.205269435414E+04,
    2.945931790785E+03));
#2163 = VECTOR('',#2164,1.);
#2164 = DIRECTION('',(0.8953738636,-0.438371146789,7.833506268238E-02));
#2165 = PCURVE('',#2020,#2166);
#2166 = DEFINITIONAL_REPRESENTATION('',(#2167),#2171);
#2167 = LINE('',#2168,#2169);
#2168 = CARTESIAN_POINT('',(1.42497151168E+04,-1.));
#2169 = VECTOR('',#2170,1.);
#2170 = DIRECTION('',(-1.,0.));
#2171 = ( GEOMETRIC_REPRESENTATION_CONTEXT(2) 
PARAMETRIC_REPRESENTATION_CONTEXT() REPRESENTATION_CONTEXT('2D SPACE',''
  ) );
#2172 = PCURVE('',#1673,#2173);
#2173 = DEFINITIONAL_REPRESENTATION('',(#2174),#2178);
#2174 = LINE('',#2175,#2176);
#2175 = CARTESIAN_POINT('',(9.975768873629E+03,-1.205269435414E+04));
#2176 = VECTOR('',#2177,1.);
#2177 = DIRECTION('',(0.898794046299,-0.438371146789));
#2178 = ( GEOMETRIC_REPRESENTATION_CONTEXT(2) 
PARAMETRIC_REPRESENTATION_CONTEXT() REPRESENTATION_CONTEXT('2D SPACE',''
  ) );
#2179 = ADVANCED_FACE('',(#2180),#1699,.T.);
#2180 = FACE_BOUND('',#2181,.T.);
#2181 = EDGE_LOOP('',(#2182,#2183,#2206,#2227));
#2182 = ORIENTED_EDGE('',*,*,#1685,.F.);
#2183 = ORIENTED_EDGE('',*,*,#2184,.F.);
#2184 = EDGE_CURVE('',#2185,#1657,#2187,.T.);
#2185 = VERTEX_POINT('',#2186);
#2186 = CARTESIAN_POINT('',(2.728744147667E+04,8.80155840001E+03,
    2.364967599549E+03));
#2187 = SURFACE_CURVE('',#2188,(#2192,#2199),.PCURVE_S1.);
#2188 = LINE('',#2189,#2190);
#2189 = CARTESIAN_POINT('',(3.392789256852E+04,1.205269435414E+04,
    2.945931790785E+03));
#2190 = VECTOR('',#2191,1.);
#2191 = DIRECTION('',(0.8953738636,0.438371146789,7.833506268238E-02));
#2192 = PCURVE('',#1699,#2193);
#2193 = DEFINITIONAL_REPRESENTATION('',(#2194),#2198);
#2194 = LINE('',#2195,#2196);
#2195 = CARTESIAN_POINT('',(1.42497151168E+04,-1.));
#2196 = VECTOR('',#2197,1.);
#2197 = DIRECTION('',(-1.,0.));
#2198 = ( GEOMETRIC_REPRESENTATION_CONTEXT(2) 
PARAMETRIC_REPRESENTATION_CONTEXT() REPRESENTATION_CONTEXT('2D SPACE',''
  ) );
#2199 = PCURVE('',#1673,#2200);
#2200 = DEFINITIONAL_REPRESENTATION('',(#2201),#2205);
#2201 = LINE('',#2202,#2203);
#2202 = CARTESIAN_POINT('',(9.975768873629E+03,1.205269435414E+04));
#2203 = VECTOR('',#2204,1.);
#2204 = DIRECTION('',(0.898794046299,0.438371146789));
#2205 = ( GEOMETRIC_REPRESENTATION_CONTEXT(2) 
PARAMETRIC_REPRESENTATION_CONTEXT() REPRESENTATION_CONTEXT('2D SPACE',''
  ) );
#2206 = ORIENTED_EDGE('',*,*,#2207,.F.);
#2207 = EDGE_CURVE('',#1792,#2185,#2208,.T.);
#2208 = SURFACE_CURVE('',#2209,(#2213,#2220),.PCURVE_S1.);
#2209 = LINE('',#2210,#2211);
#2210 = CARTESIAN_POINT('',(2.728735432092E+04,8.80155840001E+03,
    2.365963794247E+03));
#2211 = VECTOR('',#2212,1.);
#2212 = DIRECTION('',(8.715574274766E-02,0.,-0.996194698092));
#2213 = PCURVE('',#1699,#2214);
#2214 = DEFINITIONAL_REPRESENTATION('',(#2215),#2219);
#2215 = LINE('',#2216,#2217);
#2216 = CARTESIAN_POINT('',(2.166611552987E+04,2.273736754432E-13));
#2217 = VECTOR('',#2218,1.);
#2218 = DIRECTION('',(0.,-1.));
#2219 = ( GEOMETRIC_REPRESENTATION_CONTEXT(2) 
PARAMETRIC_REPRESENTATION_CONTEXT() REPRESENTATION_CONTEXT('2D SPACE',''
  ) );
#2220 = PCURVE('',#1831,#2221);
#2221 = DEFINITIONAL_REPRESENTATION('',(#2222),#2226);
#2222 = LINE('',#2223,#2224);
#2223 = CARTESIAN_POINT('',(7.609844136683E-04,0.));
#2224 = VECTOR('',#2225,1.);
#2225 = DIRECTION('',(0.,-1.));
#2226 = ( GEOMETRIC_REPRESENTATION_CONTEXT(2) 
PARAMETRIC_REPRESENTATION_CONTEXT() REPRESENTATION_CONTEXT('2D SPACE',''
  ) );
#2227 = ORIENTED_EDGE('',*,*,#1791,.T.);
#2228 = ADVANCED_FACE('',(#2229),#1673,.F.);
#2229 = FACE_BOUND('',#2230,.T.);
#2230 = EDGE_LOOP('',(#2231,#2232,#2233,#2234,#2235,#2263,#2286,#2314,
    #2337,#2359));
#2231 = ORIENTED_EDGE('',*,*,#1656,.F.);
#2232 = ORIENTED_EDGE('',*,*,#1766,.T.);
#2233 = ORIENTED_EDGE('',*,*,#2084,.F.);
#2234 = ORIENTED_EDGE('',*,*,#2159,.F.);
#2235 = ORIENTED_EDGE('',*,*,#2236,.T.);
#2236 = EDGE_CURVE('',#2137,#2237,#2239,.T.);
#2237 = VERTEX_POINT('',#2238);
#2238 = CARTESIAN_POINT('',(2.636527603452E+04,-8.654429748817E+03,
    2.284288577466E+03));
#2239 = SURFACE_CURVE('',#2240,(#2245,#2256),.PCURVE_S1.);
#2240 = CIRCLE('',#2241,3.000000000051E+03);
#2241 = AXIS2_PLACEMENT_3D('',#2242,#2243,#2244);
#2242 = CARTESIAN_POINT('',(2.728971574236E+04,-5.801559268605E+03,
    2.365166572015E+03));
#2243 = DIRECTION('',(8.715574274766E-02,0.,-0.996194698092));
#2244 = DIRECTION('',(0.,-1.,0.));
#2245 = PCURVE('',#1673,#2246);
#2246 = DEFINITIONAL_REPRESENTATION('',(#2247),#2255);
#2247 = ( BOUNDED_CURVE() B_SPLINE_CURVE(2,(#2248,#2249,#2250,#2251,
#2252,#2253,#2254),.UNSPECIFIED.,.T.,.F.) B_SPLINE_CURVE_WITH_KNOTS((1,2
    ,2,2,2,1),(-2.094395102393,0.,2.094395102393,4.188790204786,
6.28318530718,8.377580409573),.UNSPECIFIED.) CURVE() 
GEOMETRIC_REPRESENTATION_ITEM() RATIONAL_B_SPLINE_CURVE((1.,0.5,1.,0.5,
1.,0.5,1.)) REPRESENTATION_ITEM('') );
#2248 = CARTESIAN_POINT('',(3.312235290406E+03,-8.801559268656E+03));
#2249 = CARTESIAN_POINT('',(-1.883917132389E+03,-8.801559268656E+03));
#2250 = CARTESIAN_POINT('',(714.15907900825,-4.30155926858E+03));
#2251 = CARTESIAN_POINT('',(3.312235290406E+03,198.44073149677));
#2252 = CARTESIAN_POINT('',(5.910311501803E+03,-4.30155926858E+03));
#2253 = CARTESIAN_POINT('',(8.508387713201E+03,-8.801559268656E+03));
#2254 = CARTESIAN_POINT('',(3.312235290406E+03,-8.801559268656E+03));
#2255 = ( GEOMETRIC_REPRESENTATION_CONTEXT(2) 
PARAMETRIC_REPRESENTATION_CONTEXT() REPRESENTATION_CONTEXT('2D SPACE',''
  ) );
#2256 = PCURVE('',#1970,#2257);
#2257 = DEFINITIONAL_REPRESENTATION('',(#2258),#2262);
#2258 = LINE('',#2259,#2260);
#2259 = CARTESIAN_POINT('',(-1.51788304148E-18,1.));
#2260 = VECTOR('',#2261,1.);
#2261 = DIRECTION('',(1.,0.));
#2262 = ( GEOMETRIC_REPRESENTATION_CONTEXT(2) 
PARAMETRIC_REPRESENTATION_CONTEXT() REPRESENTATION_CONTEXT('2D SPACE',''
  ) );
#2263 = ORIENTED_EDGE('',*,*,#2264,.T.);
#2264 = EDGE_CURVE('',#2237,#2265,#2267,.T.);
#2265 = VERTEX_POINT('',#2266);
#2266 = CARTESIAN_POINT('',(85.064394500817,-73.44870146706,
    -14.93201609758));
#2267 = SURFACE_CURVE('',#2268,(#2272,#2279),.PCURVE_S1.);
#2268 = LINE('',#2269,#2270);
#2269 = CARTESIAN_POINT('',(2.402328931055E+04,-7.889727243115E+03,
    2.079391288991E+03));
#2270 = VECTOR('',#2271,1.);
#2271 = DIRECTION('',(-0.947338148894,0.309323639111,-8.288134855383E-02
    ));
#2272 = PCURVE('',#1673,#2273);
#2273 = DEFINITIONAL_REPRESENTATION('',(#2274),#2278);
#2274 = LINE('',#2275,#2276);
#2275 = CARTESIAN_POINT('',(33.331640278498,-7.889727243115E+03));
#2276 = VECTOR('',#2277,1.);
#2277 = DIRECTION('',(-0.950956826721,0.309323639111));
#2278 = ( GEOMETRIC_REPRESENTATION_CONTEXT(2) 
PARAMETRIC_REPRESENTATION_CONTEXT() REPRESENTATION_CONTEXT('2D SPACE',''
  ) );
#2279 = PCURVE('',#1937,#2280);
#2280 = DEFINITIONAL_REPRESENTATION('',(#2281),#2285);
#2281 = LINE('',#2282,#2283);
#2282 = CARTESIAN_POINT('',(2.472176093299E+03,-1.));
#2283 = VECTOR('',#2284,1.);
#2284 = DIRECTION('',(1.,0.));
#2285 = ( GEOMETRIC_REPRESENTATION_CONTEXT(2) 
PARAMETRIC_REPRESENTATION_CONTEXT() REPRESENTATION_CONTEXT('2D SPACE',''
  ) );
#2286 = ORIENTED_EDGE('',*,*,#2287,.F.);
#2287 = EDGE_CURVE('',#2288,#2265,#2290,.T.);
#2288 = VERTEX_POINT('',#2289);
#2289 = CARTESIAN_POINT('',(85.064394500817,73.448701467062,
    -14.93201609758));
#2290 = SURFACE_CURVE('',#2291,(#2295,#2302),.PCURVE_S1.);
#2291 = LINE('',#2292,#2293);
#2292 = CARTESIAN_POINT('',(85.06439450082,2.259099189432E-11,
    -14.93201609758));
#2293 = VECTOR('',#2294,1.);
#2294 = DIRECTION('',(0.,-1.,0.));
#2295 = PCURVE('',#1673,#2296);
#2296 = DEFINITIONAL_REPRESENTATION('',(#2297),#2301);
#2297 = LINE('',#2298,#2299);
#2298 = CARTESIAN_POINT('',(-2.399633340603E+04,-2.259099189432E-11));
#2299 = VECTOR('',#2300,1.);
#2300 = DIRECTION('',(0.,-1.));
#2301 = ( GEOMETRIC_REPRESENTATION_CONTEXT(2) 
PARAMETRIC_REPRESENTATION_CONTEXT() REPRESENTATION_CONTEXT('2D SPACE',''
  ) );
#2302 = PCURVE('',#2303,#2308);
#2303 = CYLINDRICAL_SURFACE('',#2304,20.);
#2304 = AXIS2_PLACEMENT_3D('',#2305,#2306,#2307);
#2305 = CARTESIAN_POINT('',(83.321279645866,2.259099189432E-11,
    4.991877864253));
#2306 = DIRECTION('',(0.,-1.,0.));
#2307 = DIRECTION('',(-0.981138127971,-0.,-0.193307976663));
#2308 = DEFINITIONAL_REPRESENTATION('',(#2309),#2313);
#2309 = LINE('',#2310,#2311);
#2310 = CARTESIAN_POINT('',(7.746715491958,0.));
#2311 = VECTOR('',#2312,1.);
#2312 = DIRECTION('',(0.,1.));
#2313 = ( GEOMETRIC_REPRESENTATION_CONTEXT(2) 
PARAMETRIC_REPRESENTATION_CONTEXT() REPRESENTATION_CONTEXT('2D SPACE',''
  ) );
#2314 = ORIENTED_EDGE('',*,*,#2315,.F.);
#2315 = EDGE_CURVE('',#2316,#2288,#2318,.T.);
#2316 = VERTEX_POINT('',#2317);
#2317 = CARTESIAN_POINT('',(2.636527603452E+04,8.654429748817E+03,
    2.284288577466E+03));
#2318 = SURFACE_CURVE('',#2319,(#2323,#2330),.PCURVE_S1.);
#2319 = LINE('',#2320,#2321);
#2320 = CARTESIAN_POINT('',(2.402328931055E+04,7.889727243115E+03,
    2.079391288991E+03));
#2321 = VECTOR('',#2322,1.);
#2322 = DIRECTION('',(-0.947338148894,-0.309323639111,
    -8.288134855383E-02));
#2323 = PCURVE('',#1673,#2324);
#2324 = DEFINITIONAL_REPRESENTATION('',(#2325),#2329);
#2325 = LINE('',#2326,#2327);
#2326 = CARTESIAN_POINT('',(33.331640278498,7.889727243115E+03));
#2327 = VECTOR('',#2328,1.);
#2328 = DIRECTION('',(-0.950956826721,-0.309323639111));
#2329 = ( GEOMETRIC_REPRESENTATION_CONTEXT(2) 
PARAMETRIC_REPRESENTATION_CONTEXT() REPRESENTATION_CONTEXT('2D SPACE',''
  ) );
#2330 = PCURVE('',#1881,#2331);
#2331 = DEFINITIONAL_REPRESENTATION('',(#2332),#2336);
#2332 = LINE('',#2333,#2334);
#2333 = CARTESIAN_POINT('',(2.472176093299E+03,-1.));
#2334 = VECTOR('',#2335,1.);
#2335 = DIRECTION('',(1.,0.));
#2336 = ( GEOMETRIC_REPRESENTATION_CONTEXT(2) 
PARAMETRIC_REPRESENTATION_CONTEXT() REPRESENTATION_CONTEXT('2D SPACE',''
  ) );
#2337 = ORIENTED_EDGE('',*,*,#2338,.F.);
#2338 = EDGE_CURVE('',#2185,#2316,#2339,.T.);
#2339 = SURFACE_CURVE('',#2340,(#2345,#2352),.PCURVE_S1.);
#2340 = CIRCLE('',#2341,3.000000000051E+03);
#2341 = AXIS2_PLACEMENT_3D('',#2342,#2343,#2344);
#2342 = CARTESIAN_POINT('',(2.728971574236E+04,5.801559268605E+03,
    2.365166572015E+03));
#2343 = DIRECTION('',(-8.715574274766E-02,0.,0.996194698092));
#2344 = DIRECTION('',(0.,1.,0.));
#2345 = PCURVE('',#1673,#2346);
#2346 = DEFINITIONAL_REPRESENTATION('',(#2347),#2351);
#2347 = CIRCLE('',#2348,3.000000000051E+03);
#2348 = AXIS2_PLACEMENT_2D('',#2349,#2350);
#2349 = CARTESIAN_POINT('',(3.312235290406E+03,5.801559268605E+03));
#2350 = DIRECTION('',(0.,1.));
#2351 = ( GEOMETRIC_REPRESENTATION_CONTEXT(2) 
PARAMETRIC_REPRESENTATION_CONTEXT() REPRESENTATION_CONTEXT('2D SPACE',''
  ) );
#2352 = PCURVE('',#1831,#2353);
#2353 = DEFINITIONAL_REPRESENTATION('',(#2354),#2358);
#2354 = LINE('',#2355,#2356);
#2355 = CARTESIAN_POINT('',(-1.51788304148E-18,-1.));
#2356 = VECTOR('',#2357,1.);
#2357 = DIRECTION('',(1.,0.));
#2358 = ( GEOMETRIC_REPRESENTATION_CONTEXT(2) 
PARAMETRIC_REPRESENTATION_CONTEXT() REPRESENTATION_CONTEXT('2D SPACE',''
  ) );
#2359 = ORIENTED_EDGE('',*,*,#2184,.T.);
#2360 = ADVANCED_FACE('',(#2361),#1937,.F.);
#2361 = FACE_BOUND('',#2362,.T.);
#2362 = EDGE_LOOP('',(#2363,#2413,#2414,#2435,#2436,#2486));
#2363 = ORIENTED_EDGE('',*,*,#2364,.T.);
#2364 = EDGE_CURVE('',#2365,#2265,#2367,.T.);
#2365 = VERTEX_POINT('',#2366);
#2366 = CARTESIAN_POINT('',(77.376516926829,-72.06373741396,
    24.087945423159));
#2367 = SURFACE_CURVE('',#2368,(#2373,#2384),.PCURVE_S1.);
#2368 = ELLIPSE('',#2369,21.031448997492,20.);
#2369 = AXIS2_PLACEMENT_3D('',#2370,#2371,#2372);
#2370 = CARTESIAN_POINT('',(83.321279645866,-73.44870146706,
    4.991877864253));
#2371 = DIRECTION('',(-0.308146569276,-0.950956826721,-2.69593315161E-02
    ));
#2372 = DIRECTION('',(-0.947338148894,0.309323639111,-8.288134855383E-02
    ));
#2373 = PCURVE('',#1937,#2374);
#2374 = DEFINITIONAL_REPRESENTATION('',(#2375),#2383);
#2375 = ( BOUNDED_CURVE() B_SPLINE_CURVE(2,(#2376,#2377,#2378,#2379,
#2380,#2381,#2382),.UNSPECIFIED.,.T.,.F.) B_SPLINE_CURVE_WITH_KNOTS((1,2
    ,2,2,2,1),(-2.094395102393,0.,2.094395102393,4.188790204786,
6.28318530718,8.377580409573),.UNSPECIFIED.) CURVE() 
GEOMETRIC_REPRESENTATION_ITEM() RATIONAL_B_SPLINE_CURVE((1.,0.5,1.,0.5,
1.,0.5,1.)) REPRESENTATION_ITEM('') );
#2376 = CARTESIAN_POINT('',(2.776214128471E+04,19.));
#2377 = CARTESIAN_POINT('',(2.776214128471E+04,-15.64101615137));
#2378 = CARTESIAN_POINT('',(2.773059411121E+04,1.679491924311));
#2379 = CARTESIAN_POINT('',(2.769904693771E+04,19.));
#2380 = CARTESIAN_POINT('',(2.773059411121E+04,36.320508075688));
#2381 = CARTESIAN_POINT('',(2.776214128471E+04,53.641016151377));
#2382 = CARTESIAN_POINT('',(2.776214128471E+04,19.));
#2383 = ( GEOMETRIC_REPRESENTATION_CONTEXT(2) 
PARAMETRIC_REPRESENTATION_CONTEXT() REPRESENTATION_CONTEXT('2D SPACE',''
  ) );
#2384 = PCURVE('',#2303,#2385);
#2385 = DEFINITIONAL_REPRESENTATION('',(#2386),#2412);
#2386 = B_SPLINE_CURVE_WITH_KNOTS('',3,(#2387,#2388,#2389,#2390,#2391,
    #2392,#2393,#2394,#2395,#2396,#2397,#2398,#2399,#2400,#2401,#2402,
    #2403,#2404,#2405,#2406,#2407,#2408,#2409,#2410,#2411),
  .UNSPECIFIED.,.F.,.F.,(4,1,1,1,1,1,1,1,1,1,1,1,1,1,1,1,1,1,1,1,1,1,4),
  (4.926921264418,5.059969463034,5.193017661651,5.326065860267,
    5.459114058883,5.592162257499,5.725210456115,5.858258654731,
    5.991306853348,6.124355051964,6.25740325058,6.390451449196,
    6.523499647812,6.656547846429,6.789596045045,6.922644243661,
    7.055692442277,7.188740640893,7.32178883951,7.454837038126,
    7.587885236742,7.720933435358,7.853981633974),
  .QUASI_UNIFORM_KNOTS.);
#2387 = CARTESIAN_POINT('',(4.819655122401,72.063737413983));
#2388 = CARTESIAN_POINT('',(4.86400452194,71.781773270277));
#2389 = CARTESIAN_POINT('',(4.952703321017,71.226245539757));
#2390 = CARTESIAN_POINT('',(5.085751519634,70.432064053114));
#2391 = CARTESIAN_POINT('',(5.21879971825,69.691250287527));
#2392 = CARTESIAN_POINT('',(5.351847916866,69.016839747811));
#2393 = CARTESIAN_POINT('',(5.484896115482,68.420768916179));
#2394 = CARTESIAN_POINT('',(5.617944314098,67.913569547152));
#2395 = CARTESIAN_POINT('',(5.750992512714,67.504207891063));
#2396 = CARTESIAN_POINT('',(5.884040711331,67.199919408549));
#2397 = CARTESIAN_POINT('',(6.017088909947,67.006082700733));
#2398 = CARTESIAN_POINT('',(6.150137108563,66.926123950273));
#2399 = CARTESIAN_POINT('',(6.283185307179,66.961456491998));
#2400 = CARTESIAN_POINT('',(6.416233505795,67.111455795844));
#2401 = CARTESIAN_POINT('',(6.549281704412,67.373470516372));
#2402 = CARTESIAN_POINT('',(6.682329903028,67.742869350576));
#2403 = CARTESIAN_POINT('',(6.815378101644,68.213122915611));
#2404 = CARTESIAN_POINT('',(6.94842630026,68.775919102685));
#2405 = CARTESIAN_POINT('',(7.081474498876,69.421310214277));
#2406 = CARTESIAN_POINT('',(7.214522697493,70.137887995935));
#2407 = CARTESIAN_POINT('',(7.347570896109,70.912988274698));
#2408 = CARTESIAN_POINT('',(7.480619094725,71.732903651524));
#2409 = CARTESIAN_POINT('',(7.613667293341,72.583167424363));
#2410 = CARTESIAN_POINT('',(7.702366092419,73.160158417604));
#2411 = CARTESIAN_POINT('',(7.746715491957,73.448701467084));
#2412 = ( GEOMETRIC_REPRESENTATION_CONTEXT(2) 
PARAMETRIC_REPRESENTATION_CONTEXT() REPRESENTATION_CONTEXT('2D SPACE',''
  ) );
#2413 = ORIENTED_EDGE('',*,*,#2264,.F.);
#2414 = ORIENTED_EDGE('',*,*,#2415,.T.);
#2415 = EDGE_CURVE('',#2237,#1922,#2416,.T.);
#2416 = SURFACE_CURVE('',#2417,(#2421,#2428),.PCURVE_S1.);
#2417 = LINE('',#2418,#2419);
#2418 = CARTESIAN_POINT('',(2.636518887877E+04,-8.654429748817E+03,
    2.285284772164E+03));
#2419 = VECTOR('',#2420,1.);
#2420 = DIRECTION('',(-8.715574274766E-02,0.,0.996194698092));
#2421 = PCURVE('',#1937,#2422);
#2422 = DEFINITIONAL_REPRESENTATION('',(#2423),#2427);
#2423 = LINE('',#2424,#2425);
#2424 = CARTESIAN_POINT('',(0.,0.));
#2425 = VECTOR('',#2426,1.);
#2426 = DIRECTION('',(0.,1.));
#2427 = ( GEOMETRIC_REPRESENTATION_CONTEXT(2) 
PARAMETRIC_REPRESENTATION_CONTEXT() REPRESENTATION_CONTEXT('2D SPACE',''
  ) );
#2428 = PCURVE('',#1970,#2429);
#2429 = DEFINITIONAL_REPRESENTATION('',(#2430),#2434);
#2430 = LINE('',#2431,#2432);
#2431 = CARTESIAN_POINT('',(0.314481707611,0.));
#2432 = VECTOR('',#2433,1.);
#2433 = DIRECTION('',(0.,-1.));
#2434 = ( GEOMETRIC_REPRESENTATION_CONTEXT(2) 
PARAMETRIC_REPRESENTATION_CONTEXT() REPRESENTATION_CONTEXT('2D SPACE',''
  ) );
#2435 = ORIENTED_EDGE('',*,*,#1921,.T.);
#2436 = ORIENTED_EDGE('',*,*,#2437,.T.);
#2437 = EDGE_CURVE('',#1894,#2438,#2440,.T.);
#2438 = VERTEX_POINT('',#2439);
#2439 = CARTESIAN_POINT('',(1.083842188523E+04,-3.654027635617E+03,
    3.374089778318E+03));
#2440 = SURFACE_CURVE('',#2441,(#2446,#2457),.PCURVE_S1.);
#2441 = ELLIPSE('',#2442,8.412579598997E+03,8.E+03);
#2442 = AXIS2_PLACEMENT_3D('',#2443,#2444,#2445);
#2443 = CARTESIAN_POINT('',(1.321632697285E+04,-4.208013256858E+03,
    -4.264337245245E+03));
#2444 = DIRECTION('',(-0.308146569276,-0.950956826721,-2.69593315161E-02
    ));
#2445 = DIRECTION('',(-0.947338148894,0.309323639111,-8.288134855383E-02
    ));
#2446 = PCURVE('',#1937,#2447);
#2447 = DEFINITIONAL_REPRESENTATION('',(#2448),#2456);
#2448 = ( BOUNDED_CURVE() B_SPLINE_CURVE(2,(#2449,#2450,#2451,#2452,
#2453,#2454,#2455),.UNSPECIFIED.,.T.,.F.) B_SPLINE_CURVE_WITH_KNOTS((1,2
    ,2,2,2,1),(-2.094395102393,0.,2.094395102393,4.188790204786,
6.28318530718,8.377580409573),.UNSPECIFIED.) CURVE() 
GEOMETRIC_REPRESENTATION_ITEM() RATIONAL_B_SPLINE_CURVE((1.,0.5,1.,0.5,
1.,0.5,1.)) REPRESENTATION_ITEM('') );
#2449 = CARTESIAN_POINT('',(2.278722133263E+04,-5.37869990255E+03));
#2450 = CARTESIAN_POINT('',(2.278722133263E+04,-1.92351063631E+04));
#2451 = CARTESIAN_POINT('',(1.016835193413E+04,-1.230690313283E+04));
#2452 = CARTESIAN_POINT('',(-2.450517464361E+03,-5.37869990255E+03));
#2453 = CARTESIAN_POINT('',(1.016835193413E+04,1.549503327725E+03));
#2454 = CARTESIAN_POINT('',(2.278722133263E+04,8.477706558001E+03));
#2455 = CARTESIAN_POINT('',(2.278722133263E+04,-5.37869990255E+03));
#2456 = ( GEOMETRIC_REPRESENTATION_CONTEXT(2) 
PARAMETRIC_REPRESENTATION_CONTEXT() REPRESENTATION_CONTEXT('2D SPACE',''
  ) );
#2457 = PCURVE('',#1909,#2458);
#2458 = DEFINITIONAL_REPRESENTATION('',(#2459),#2485);
#2459 = B_SPLINE_CURVE_WITH_KNOTS('',3,(#2460,#2461,#2462,#2463,#2464,
    #2465,#2466,#2467,#2468,#2469,#2470,#2471,#2472,#2473,#2474,#2475,
    #2476,#2477,#2478,#2479,#2480,#2481,#2482,#2483,#2484),
  .UNSPECIFIED.,.F.,.F.,(4,1,1,1,1,1,1,1,1,1,1,1,1,1,1,1,1,1,1,1,1,1,4),
  (4.638328572302,4.651446421943,4.664564271585,4.677682121227,
    4.690799970868,4.70391782051,4.717035670152,4.730153519793,
    4.743271369435,4.756389219077,4.769507068718,4.78262491836,
    4.795742768002,4.808860617643,4.821978467285,4.835096316927,
    4.848214166568,4.86133201621,4.874449865852,4.887567715493,
    4.900685565135,4.913803414777,4.926921264418),
  .QUASI_UNIFORM_KNOTS.);
#2460 = CARTESIAN_POINT('',(0.288592692117,-4.400557843068E+03));
#2461 = CARTESIAN_POINT('',(0.284220075569,-4.389210568954E+03));
#2462 = CARTESIAN_POINT('',(0.275474842475,-4.36650497505E+03));
#2463 = CARTESIAN_POINT('',(0.262356992833,-4.332419312688E+03));
#2464 = CARTESIAN_POINT('',(0.249239143192,-4.298312242812E+03));
#2465 = CARTESIAN_POINT('',(0.23612129355,-4.264189634766E+03));
#2466 = CARTESIAN_POINT('',(0.223003443908,-4.230057360121E+03));
#2467 = CARTESIAN_POINT('',(0.209885594267,-4.195921292232E+03));
#2468 = CARTESIAN_POINT('',(0.196767744625,-4.161787305072E+03));
#2469 = CARTESIAN_POINT('',(0.183649894983,-4.127661272267E+03));
#2470 = CARTESIAN_POINT('',(0.170532045342,-4.09354906607E+03));
#2471 = CARTESIAN_POINT('',(0.1574141957,-4.059456556358E+03));
#2472 = CARTESIAN_POINT('',(0.144296346058,-4.025389609616E+03));
#2473 = CARTESIAN_POINT('',(0.131178496417,-3.991354087931E+03));
#2474 = CARTESIAN_POINT('',(0.118060646775,-3.957355847984E+03));
#2475 = CARTESIAN_POINT('',(0.104942797133,-3.923400740038E+03));
#2476 = CARTESIAN_POINT('',(9.182494749167E-02,-3.889494606938E+03));
#2477 = CARTESIAN_POINT('',(7.870709785001E-02,-3.855643283096E+03));
#2478 = CARTESIAN_POINT('',(6.558924820834E-02,-3.821852593502E+03));
#2479 = CARTESIAN_POINT('',(5.247139856667E-02,-3.788128352683E+03));
#2480 = CARTESIAN_POINT('',(3.9353548925E-02,-3.754476363843E+03));
#2481 = CARTESIAN_POINT('',(2.623569928333E-02,-3.720902417342E+03));
#2482 = CARTESIAN_POINT('',(1.311784964166E-02,-3.687412291633E+03));
#2483 = CARTESIAN_POINT('',(4.372616547217E-03,-3.665145260594E+03));
#2484 = CARTESIAN_POINT('',(-6.217248937901E-15,-3.654027635617E+03));
#2485 = ( GEOMETRIC_REPRESENTATION_CONTEXT(2) 
PARAMETRIC_REPRESENTATION_CONTEXT() REPRESENTATION_CONTEXT('2D SPACE',''
  ) );
#2486 = ORIENTED_EDGE('',*,*,#2487,.T.);
#2487 = EDGE_CURVE('',#2438,#2365,#2488,.T.);
#2488 = SURFACE_CURVE('',#2489,(#2493,#2500),.PCURVE_S1.);
#2489 = LINE('',#2490,#2491);
#2490 = CARTESIAN_POINT('',(1.234641286215E+04,-4.155983445044E+03,
    3.843539758664E+03));
#2491 = VECTOR('',#2492,1.);
#2492 = DIRECTION('',(-0.909951933985,0.302890180747,-0.28327551296));
#2493 = PCURVE('',#1937,#2494);
#2494 = DEFINITIONAL_REPRESENTATION('',(#2495),#2499);
#2495 = LINE('',#2496,#2497);
#2496 = CARTESIAN_POINT('',(1.45428468277E+04,2.774142191969E+03));
#2497 = VECTOR('',#2498,1.);
#2498 = DIRECTION('',(0.97920153021,-0.202890027439));
#2499 = ( GEOMETRIC_REPRESENTATION_CONTEXT(2) 
PARAMETRIC_REPRESENTATION_CONTEXT() REPRESENTATION_CONTEXT('2D SPACE',''
  ) );
#2500 = PCURVE('',#2501,#2506);
#2501 = PLANE('',#2502);
#2502 = AXIS2_PLACEMENT_3D('',#2503,#2504,#2505);
#2503 = CARTESIAN_POINT('',(-95.48033779453,0.,-29.7238135952));
#2504 = DIRECTION('',(-0.297238135952,0.,0.954803377945));
#2505 = DIRECTION('',(0.954803377945,0.,0.297238135952));
#2506 = DEFINITIONAL_REPRESENTATION('',(#2507),#2511);
#2507 = LINE('',#2508,#2509);
#2508 = CARTESIAN_POINT('',(1.303084329961E+04,-4.155983445044E+03));
#2509 = VECTOR('',#2510,1.);
#2510 = DIRECTION('',(-0.95302546577,0.302890180747));
#2511 = ( GEOMETRIC_REPRESENTATION_CONTEXT(2) 
PARAMETRIC_REPRESENTATION_CONTEXT() REPRESENTATION_CONTEXT('2D SPACE',''
  ) );
#2512 = ADVANCED_FACE('',(#2513),#1970,.T.);
#2513 = FACE_BOUND('',#2514,.T.);
#2514 = EDGE_LOOP('',(#2515,#2516,#2517,#2518));
#2515 = ORIENTED_EDGE('',*,*,#1949,.T.);
#2516 = ORIENTED_EDGE('',*,*,#2415,.F.);
#2517 = ORIENTED_EDGE('',*,*,#2236,.F.);
#2518 = ORIENTED_EDGE('',*,*,#2136,.F.);
#2519 = ADVANCED_FACE('',(#2520),#2501,.T.);
#2520 = FACE_BOUND('',#2521,.T.);
#2521 = EDGE_LOOP('',(#2522,#2545,#2568,#2589));
#2522 = ORIENTED_EDGE('',*,*,#2523,.T.);
#2523 = EDGE_CURVE('',#2438,#2524,#2526,.T.);
#2524 = VERTEX_POINT('',#2525);
#2525 = CARTESIAN_POINT('',(1.083842188523E+04,3.654027635617E+03,
    3.374089778318E+03));
#2526 = SURFACE_CURVE('',#2527,(#2531,#2538),.PCURVE_S1.);
#2527 = LINE('',#2528,#2529);
#2528 = CARTESIAN_POINT('',(1.083842188523E+04,0.,3.374089778318E+03));
#2529 = VECTOR('',#2530,1.);
#2530 = DIRECTION('',(0.,1.,0.));
#2531 = PCURVE('',#2501,#2532);
#2532 = DEFINITIONAL_REPRESENTATION('',(#2533),#2537);
#2533 = LINE('',#2534,#2535);
#2534 = CARTESIAN_POINT('',(1.145146998386E+04,0.));
#2535 = VECTOR('',#2536,1.);
#2536 = DIRECTION('',(0.,1.));
#2537 = ( GEOMETRIC_REPRESENTATION_CONTEXT(2) 
PARAMETRIC_REPRESENTATION_CONTEXT() REPRESENTATION_CONTEXT('2D SPACE',''
  ) );
#2538 = PCURVE('',#1909,#2539);
#2539 = DEFINITIONAL_REPRESENTATION('',(#2540),#2544);
#2540 = LINE('',#2541,#2542);
#2541 = CARTESIAN_POINT('',(-6.217248937901E-15,0.));
#2542 = VECTOR('',#2543,1.);
#2543 = DIRECTION('',(0.,1.));
#2544 = ( GEOMETRIC_REPRESENTATION_CONTEXT(2) 
PARAMETRIC_REPRESENTATION_CONTEXT() REPRESENTATION_CONTEXT('2D SPACE',''
  ) );
#2545 = ORIENTED_EDGE('',*,*,#2546,.T.);
#2546 = EDGE_CURVE('',#2524,#2547,#2549,.T.);
#2547 = VERTEX_POINT('',#2548);
#2548 = CARTESIAN_POINT('',(77.376516926829,72.063737413961,
    24.087945423159));
#2549 = SURFACE_CURVE('',#2550,(#2554,#2561),.PCURVE_S1.);
#2550 = LINE('',#2551,#2552);
#2551 = CARTESIAN_POINT('',(1.234641286215E+04,4.155983445044E+03,
    3.843539758664E+03));
#2552 = VECTOR('',#2553,1.);
#2553 = DIRECTION('',(-0.909951933985,-0.302890180747,-0.28327551296));
#2554 = PCURVE('',#2501,#2555);
#2555 = DEFINITIONAL_REPRESENTATION('',(#2556),#2560);
#2556 = LINE('',#2557,#2558);
#2557 = CARTESIAN_POINT('',(1.303084329961E+04,4.155983445044E+03));
#2558 = VECTOR('',#2559,1.);
#2559 = DIRECTION('',(-0.95302546577,-0.302890180747));
#2560 = ( GEOMETRIC_REPRESENTATION_CONTEXT(2) 
PARAMETRIC_REPRESENTATION_CONTEXT() REPRESENTATION_CONTEXT('2D SPACE',''
  ) );
#2561 = PCURVE('',#1881,#2562);
#2562 = DEFINITIONAL_REPRESENTATION('',(#2563),#2567);
#2563 = LINE('',#2564,#2565);
#2564 = CARTESIAN_POINT('',(1.45428468277E+04,2.774142191969E+03));
#2565 = VECTOR('',#2566,1.);
#2566 = DIRECTION('',(0.97920153021,-0.202890027439));
#2567 = ( GEOMETRIC_REPRESENTATION_CONTEXT(2) 
PARAMETRIC_REPRESENTATION_CONTEXT() REPRESENTATION_CONTEXT('2D SPACE',''
  ) );
#2568 = ORIENTED_EDGE('',*,*,#2569,.T.);
#2569 = EDGE_CURVE('',#2547,#2365,#2570,.T.);
#2570 = SURFACE_CURVE('',#2571,(#2575,#2582),.PCURVE_S1.);
#2571 = LINE('',#2572,#2573);
#2572 = CARTESIAN_POINT('',(77.376516926826,-2.259099189432E-11,
    24.087945423157));
#2573 = VECTOR('',#2574,1.);
#2574 = DIRECTION('',(0.,-1.,0.));
#2575 = PCURVE('',#2501,#2576);
#2576 = DEFINITIONAL_REPRESENTATION('',(#2577),#2581);
#2577 = LINE('',#2578,#2579);
#2578 = CARTESIAN_POINT('',(181.03921573186,-2.259099189432E-11));
#2579 = VECTOR('',#2580,1.);
#2580 = DIRECTION('',(0.,-1.));
#2581 = ( GEOMETRIC_REPRESENTATION_CONTEXT(2) 
PARAMETRIC_REPRESENTATION_CONTEXT() REPRESENTATION_CONTEXT('2D SPACE',''
  ) );
#2582 = PCURVE('',#2303,#2583);
#2583 = DEFINITIONAL_REPRESENTATION('',(#2584),#2588);
#2584 = LINE('',#2585,#2586);
#2585 = CARTESIAN_POINT('',(4.819655122401,4.519051799434E-11));
#2586 = VECTOR('',#2587,1.);
#2587 = DIRECTION('',(0.,1.));
#2588 = ( GEOMETRIC_REPRESENTATION_CONTEXT(2) 
PARAMETRIC_REPRESENTATION_CONTEXT() REPRESENTATION_CONTEXT('2D SPACE',''
  ) );
#2589 = ORIENTED_EDGE('',*,*,#2487,.F.);
#2590 = ADVANCED_FACE('',(#2591),#1909,.T.);
#2591 = FACE_BOUND('',#2592,.T.);
#2592 = EDGE_LOOP('',(#2593,#2594,#2642,#2643));
#2593 = ORIENTED_EDGE('',*,*,#1893,.T.);
#2594 = ORIENTED_EDGE('',*,*,#2595,.T.);
#2595 = EDGE_CURVE('',#1866,#2524,#2596,.T.);
#2596 = SURFACE_CURVE('',#2597,(#2602,#2631),.PCURVE_S1.);
#2597 = ELLIPSE('',#2598,8.412579598997E+03,8.E+03);
#2598 = AXIS2_PLACEMENT_3D('',#2599,#2600,#2601);
#2599 = CARTESIAN_POINT('',(1.321632697285E+04,4.208013256858E+03,
    -4.264337245245E+03));
#2600 = DIRECTION('',(0.308146569276,-0.950956826721,2.69593315161E-02)
  );
#2601 = DIRECTION('',(-0.947338148894,-0.309323639111,
    -8.288134855383E-02));
#2602 = PCURVE('',#1909,#2603);
#2603 = DEFINITIONAL_REPRESENTATION('',(#2604),#2630);
#2604 = B_SPLINE_CURVE_WITH_KNOTS('',3,(#2605,#2606,#2607,#2608,#2609,
    #2610,#2611,#2612,#2613,#2614,#2615,#2616,#2617,#2618,#2619,#2620,
    #2621,#2622,#2623,#2624,#2625,#2626,#2627,#2628,#2629),
  .UNSPECIFIED.,.F.,.F.,(4,1,1,1,1,1,1,1,1,1,1,1,1,1,1,1,1,1,1,1,1,1,4),
  (4.638328572302,4.651446421943,4.664564271585,4.677682121227,
    4.690799970868,4.70391782051,4.717035670152,4.730153519793,
    4.743271369435,4.756389219077,4.769507068718,4.78262491836,
    4.795742768002,4.808860617643,4.821978467285,4.835096316927,
    4.848214166568,4.86133201621,4.874449865852,4.887567715493,
    4.900685565135,4.913803414777,4.926921264418),
  .QUASI_UNIFORM_KNOTS.);
#2605 = CARTESIAN_POINT('',(0.288592692117,4.400557843068E+03));
#2606 = CARTESIAN_POINT('',(0.284220075569,4.389210568954E+03));
#2607 = CARTESIAN_POINT('',(0.275474842475,4.36650497505E+03));
#2608 = CARTESIAN_POINT('',(0.262356992833,4.332419312688E+03));
#2609 = CARTESIAN_POINT('',(0.249239143192,4.298312242812E+03));
#2610 = CARTESIAN_POINT('',(0.23612129355,4.264189634766E+03));
#2611 = CARTESIAN_POINT('',(0.223003443908,4.230057360121E+03));
#2612 = CARTESIAN_POINT('',(0.209885594267,4.195921292232E+03));
#2613 = CARTESIAN_POINT('',(0.196767744625,4.161787305072E+03));
#2614 = CARTESIAN_POINT('',(0.183649894983,4.127661272267E+03));
#2615 = CARTESIAN_POINT('',(0.170532045342,4.09354906607E+03));
#2616 = CARTESIAN_POINT('',(0.1574141957,4.059456556358E+03));
#2617 = CARTESIAN_POINT('',(0.144296346058,4.025389609616E+03));
#2618 = CARTESIAN_POINT('',(0.131178496417,3.991354087931E+03));
#2619 = CARTESIAN_POINT('',(0.118060646775,3.957355847984E+03));
#2620 = CARTESIAN_POINT('',(0.104942797133,3.923400740038E+03));
#2621 = CARTESIAN_POINT('',(9.182494749167E-02,3.889494606938E+03));
#2622 = CARTESIAN_POINT('',(7.870709785001E-02,3.855643283096E+03));
#2623 = CARTESIAN_POINT('',(6.558924820834E-02,3.821852593502E+03));
#2624 = CARTESIAN_POINT('',(5.247139856667E-02,3.788128352683E+03));
#2625 = CARTESIAN_POINT('',(3.9353548925E-02,3.754476363843E+03));
#2626 = CARTESIAN_POINT('',(2.623569928333E-02,3.720902417342E+03));
#2627 = CARTESIAN_POINT('',(1.311784964166E-02,3.687412291633E+03));
#2628 = CARTESIAN_POINT('',(4.372616547217E-03,3.665145260594E+03));
#2629 = CARTESIAN_POINT('',(-6.217248937901E-15,3.654027635617E+03));
#2630 = ( GEOMETRIC_REPRESENTATION_CONTEXT(2) 
PARAMETRIC_REPRESENTATION_CONTEXT() REPRESENTATION_CONTEXT('2D SPACE',''
  ) );
#2631 = PCURVE('',#1881,#2632);
#2632 = DEFINITIONAL_REPRESENTATION('',(#2633),#2641);
#2633 = ( BOUNDED_CURVE() B_SPLINE_CURVE(2,(#2634,#2635,#2636,#2637,
#2638,#2639,#2640),.UNSPECIFIED.,.T.,.F.) B_SPLINE_CURVE_WITH_KNOTS((1,2
    ,2,2,2,1),(-2.094395102393,0.,2.094395102393,4.188790204786,
6.28318530718,8.377580409573),.UNSPECIFIED.) CURVE() 
GEOMETRIC_REPRESENTATION_ITEM() RATIONAL_B_SPLINE_CURVE((1.,0.5,1.,0.5,
1.,0.5,1.)) REPRESENTATION_ITEM('') );
#2634 = CARTESIAN_POINT('',(2.278722133263E+04,-5.37869990255E+03));
#2635 = CARTESIAN_POINT('',(2.278722133263E+04,-1.92351063631E+04));
#2636 = CARTESIAN_POINT('',(1.016835193413E+04,-1.230690313283E+04));
#2637 = CARTESIAN_POINT('',(-2.450517464361E+03,-5.37869990255E+03));
#2638 = CARTESIAN_POINT('',(1.016835193413E+04,1.549503327725E+03));
#2639 = CARTESIAN_POINT('',(2.278722133263E+04,8.477706558001E+03));
#2640 = CARTESIAN_POINT('',(2.278722133263E+04,-5.37869990255E+03));
#2641 = ( GEOMETRIC_REPRESENTATION_CONTEXT(2) 
PARAMETRIC_REPRESENTATION_CONTEXT() REPRESENTATION_CONTEXT('2D SPACE',''
  ) );
#2642 = ORIENTED_EDGE('',*,*,#2523,.F.);
#2643 = ORIENTED_EDGE('',*,*,#2437,.F.);
#2644 = ADVANCED_FACE('',(#2645),#2303,.T.);
#2645 = FACE_BOUND('',#2646,.T.);
#2646 = EDGE_LOOP('',(#2647,#2648,#2696,#2697));
#2647 = ORIENTED_EDGE('',*,*,#2569,.F.);
#2648 = ORIENTED_EDGE('',*,*,#2649,.T.);
#2649 = EDGE_CURVE('',#2547,#2288,#2650,.T.);
#2650 = SURFACE_CURVE('',#2651,(#2656,#2685),.PCURVE_S1.);
#2651 = ELLIPSE('',#2652,21.031448997492,20.);
#2652 = AXIS2_PLACEMENT_3D('',#2653,#2654,#2655);
#2653 = CARTESIAN_POINT('',(83.321279645866,73.448701467062,
    4.991877864253));
#2654 = DIRECTION('',(0.308146569276,-0.950956826721,2.69593315161E-02)
  );
#2655 = DIRECTION('',(-0.947338148894,-0.309323639111,
    -8.288134855383E-02));
#2656 = PCURVE('',#2303,#2657);
#2657 = DEFINITIONAL_REPRESENTATION('',(#2658),#2684);
#2658 = B_SPLINE_CURVE_WITH_KNOTS('',3,(#2659,#2660,#2661,#2662,#2663,
    #2664,#2665,#2666,#2667,#2668,#2669,#2670,#2671,#2672,#2673,#2674,
    #2675,#2676,#2677,#2678,#2679,#2680,#2681,#2682,#2683),
  .UNSPECIFIED.,.F.,.F.,(4,1,1,1,1,1,1,1,1,1,1,1,1,1,1,1,1,1,1,1,1,1,4),
  (4.926921264418,5.059969463034,5.193017661651,5.326065860267,
    5.459114058883,5.592162257499,5.725210456115,5.858258654731,
    5.991306853348,6.124355051964,6.25740325058,6.390451449196,
    6.523499647812,6.656547846429,6.789596045045,6.922644243661,
    7.055692442277,7.188740640893,7.32178883951,7.454837038126,
    7.587885236742,7.720933435358,7.853981633974),
  .QUASI_UNIFORM_KNOTS.);
#2659 = CARTESIAN_POINT('',(4.819655122401,-72.06373741393));
#2660 = CARTESIAN_POINT('',(4.86400452194,-71.78177327023));
#2661 = CARTESIAN_POINT('',(4.952703321017,-71.22624553971));
#2662 = CARTESIAN_POINT('',(5.085751519634,-70.43206405306));
#2663 = CARTESIAN_POINT('',(5.21879971825,-69.69125028748));
#2664 = CARTESIAN_POINT('',(5.351847916866,-69.01683974776));
#2665 = CARTESIAN_POINT('',(5.484896115482,-68.42076891613));
#2666 = CARTESIAN_POINT('',(5.617944314098,-67.9135695471));
#2667 = CARTESIAN_POINT('',(5.750992512714,-67.50420789101));
#2668 = CARTESIAN_POINT('',(5.884040711331,-67.1999194085));
#2669 = CARTESIAN_POINT('',(6.017088909947,-67.00608270068));
#2670 = CARTESIAN_POINT('',(6.150137108563,-66.92612395022));
#2671 = CARTESIAN_POINT('',(6.283185307179,-66.96145649195));
#2672 = CARTESIAN_POINT('',(6.416233505795,-67.11145579579));
#2673 = CARTESIAN_POINT('',(6.549281704412,-67.37347051632));
#2674 = CARTESIAN_POINT('',(6.682329903028,-67.74286935053));
#2675 = CARTESIAN_POINT('',(6.815378101644,-68.21312291556));
#2676 = CARTESIAN_POINT('',(6.94842630026,-68.77591910264));
#2677 = CARTESIAN_POINT('',(7.081474498876,-69.42131021423));
#2678 = CARTESIAN_POINT('',(7.214522697493,-70.13788799589));
#2679 = CARTESIAN_POINT('',(7.347570896109,-70.91298827465));
#2680 = CARTESIAN_POINT('',(7.480619094725,-71.73290365147));
#2681 = CARTESIAN_POINT('',(7.613667293341,-72.58316742431));
#2682 = CARTESIAN_POINT('',(7.702366092419,-73.16015841755));
#2683 = CARTESIAN_POINT('',(7.746715491957,-73.44870146703));
#2684 = ( GEOMETRIC_REPRESENTATION_CONTEXT(2) 
PARAMETRIC_REPRESENTATION_CONTEXT() REPRESENTATION_CONTEXT('2D SPACE',''
  ) );
#2685 = PCURVE('',#1881,#2686);
#2686 = DEFINITIONAL_REPRESENTATION('',(#2687),#2695);
#2687 = ( BOUNDED_CURVE() B_SPLINE_CURVE(2,(#2688,#2689,#2690,#2691,
#2692,#2693,#2694),.UNSPECIFIED.,.T.,.F.) B_SPLINE_CURVE_WITH_KNOTS((1,2
    ,2,2,2,1),(-2.094395102393,0.,2.094395102393,4.188790204786,
6.28318530718,8.377580409573),.UNSPECIFIED.) CURVE() 
GEOMETRIC_REPRESENTATION_ITEM() RATIONAL_B_SPLINE_CURVE((1.,0.5,1.,0.5,
1.,0.5,1.)) REPRESENTATION_ITEM('') );
#2688 = CARTESIAN_POINT('',(2.776214128471E+04,19.));
#2689 = CARTESIAN_POINT('',(2.776214128471E+04,-15.64101615137));
#2690 = CARTESIAN_POINT('',(2.773059411121E+04,1.679491924311));
#2691 = CARTESIAN_POINT('',(2.769904693771E+04,19.));
#2692 = CARTESIAN_POINT('',(2.773059411121E+04,36.320508075688));
#2693 = CARTESIAN_POINT('',(2.776214128471E+04,53.641016151377));
#2694 = CARTESIAN_POINT('',(2.776214128471E+04,19.));
#2695 = ( GEOMETRIC_REPRESENTATION_CONTEXT(2) 
PARAMETRIC_REPRESENTATION_CONTEXT() REPRESENTATION_CONTEXT('2D SPACE',''
  ) );
#2696 = ORIENTED_EDGE('',*,*,#2287,.T.);
#2697 = ORIENTED_EDGE('',*,*,#2364,.F.);
#2698 = ADVANCED_FACE('',(#2699),#1881,.T.);
#2699 = FACE_BOUND('',#2700,.T.);
#2700 = EDGE_LOOP('',(#2701,#2702,#2703,#2704,#2705,#2726));
#2701 = ORIENTED_EDGE('',*,*,#2649,.F.);
#2702 = ORIENTED_EDGE('',*,*,#2546,.F.);
#2703 = ORIENTED_EDGE('',*,*,#2595,.F.);
#2704 = ORIENTED_EDGE('',*,*,#1865,.F.);
#2705 = ORIENTED_EDGE('',*,*,#2706,.F.);
#2706 = EDGE_CURVE('',#2316,#1815,#2707,.T.);
#2707 = SURFACE_CURVE('',#2708,(#2712,#2719),.PCURVE_S1.);
#2708 = LINE('',#2709,#2710);
#2709 = CARTESIAN_POINT('',(2.636518887877E+04,8.654429748817E+03,
    2.285284772164E+03));
#2710 = VECTOR('',#2711,1.);
#2711 = DIRECTION('',(-8.715574274766E-02,0.,0.996194698092));
#2712 = PCURVE('',#1881,#2713);
#2713 = DEFINITIONAL_REPRESENTATION('',(#2714),#2718);
#2714 = LINE('',#2715,#2716);
#2715 = CARTESIAN_POINT('',(-0.,0.));
#2716 = VECTOR('',#2717,1.);
#2717 = DIRECTION('',(0.,1.));
#2718 = ( GEOMETRIC_REPRESENTATION_CONTEXT(2) 
PARAMETRIC_REPRESENTATION_CONTEXT() REPRESENTATION_CONTEXT('2D SPACE',''
  ) );
#2719 = PCURVE('',#1831,#2720);
#2720 = DEFINITIONAL_REPRESENTATION('',(#2721),#2725);
#2721 = LINE('',#2722,#2723);
#2722 = CARTESIAN_POINT('',(0.314481707611,0.));
#2723 = VECTOR('',#2724,1.);
#2724 = DIRECTION('',(0.,1.));
#2725 = ( GEOMETRIC_REPRESENTATION_CONTEXT(2) 
PARAMETRIC_REPRESENTATION_CONTEXT() REPRESENTATION_CONTEXT('2D SPACE',''
  ) );
#2726 = ORIENTED_EDGE('',*,*,#2315,.T.);
#2727 = ADVANCED_FACE('',(#2728),#1831,.T.);
#2728 = FACE_BOUND('',#2729,.T.);
#2729 = EDGE_LOOP('',(#2730,#2731,#2732,#2733));
#2730 = ORIENTED_EDGE('',*,*,#1814,.F.);
#2731 = ORIENTED_EDGE('',*,*,#2207,.T.);
#2732 = ORIENTED_EDGE('',*,*,#2338,.T.);
#2733 = ORIENTED_EDGE('',*,*,#2706,.T.);
#2734 = ( GEOMETRIC_REPRESENTATION_CONTEXT(3) 
GLOBAL_UNCERTAINTY_ASSIGNED_CONTEXT((#2738)) 
GLOBAL_UNIT_ASSIGNED_CONTEXT((#2735,#2736,#2737)) REPRESENTATION_CONTEXT
('Context #1','3D Context with UNIT and UNCERTAINTY') );
#2735 = ( LENGTH_UNIT() NAMED_UNIT(*) SI_UNIT(.MILLI.,.METRE.) );
#2736 = ( NAMED_UNIT(*) PLANE_ANGLE_UNIT() SI_UNIT($,.RADIAN.) );
#2737 = ( NAMED_UNIT(*) SI_UNIT($,.STERADIAN.) SOLID_ANGLE_UNIT() );
#2738 = UNCERTAINTY_MEASURE_WITH_UNIT(LENGTH_MEASURE(1.E-07),#2735,
  'distance_accuracy_value','confusion accuracy');
#2739 = CONTEXT_DEPENDENT_SHAPE_REPRESENTATION(#2740,#2742);
#2740 = ( REPRESENTATION_RELATIONSHIP('','',#1559,#10) 
REPRESENTATION_RELATIONSHIP_WITH_TRANSFORMATION(#2741) 
SHAPE_REPRESENTATION_RELATIONSHIP() );
#2741 = ITEM_DEFINED_TRANSFORMATION('','',#11,#19);
#2742 = PRODUCT_DEFINITION_SHAPE('Placement','Placement of an item',
  #2743);
#2743 = NEXT_ASSEMBLY_USAGE_OCCURRENCE('6','','',#5,#1554,$);
#2744 = PRODUCT_RELATED_PRODUCT_CATEGORY('part',$,(#1556));
ENDSEC;
END-ISO-10303-21;
