cavity_id,group_id,local_member_id,symmetry_operation,x,y,z,normal_x,normal_y,normal_z,streamwise_x,streamwise_y,streamwise_z,rotation_angle,accepted,rejection_reason,nearest_face_distance_mm
0,0,0,C4_rot_0deg,16666.763663,2004.550104,2334.684779,0.073993,0.000000,0.997259,0.997259,0.000000,-0.073993,4.243349,yes,,0.000000
1,0,1,C4_rot_90deg,16646.818488,2024.550104,2336.164634,0.073993,0.000000,0.997259,0.997259,0.000000,-0.073993,4.243349,yes,,0.000000
2,0,2,C4_rot_180deg,16626.873312,2004.550104,2337.644488,0.073993,0.000000,0.997259,0.997259,0.000000,-0.073993,4.243349,yes,,0.000000
3,0,3,C4_rot_270deg,16646.818488,1984.550104,2336.164634,0.073993,0.000000,0.997259,0.997259,0.000000,-0.073993,4.243349,yes,,0.000000
4,1,0,C4_rot_0deg,16965.941298,2004.550104,2312.486962,0.073993,0.000000,0.997259,0.997259,0.000000,-0.073993,4.243349,yes,,0.000000
5,1,1,C4_rot_90deg,16945.996122,2024.550104,2313.966817,0.073993,0.000000,0.997259,0.997259,0.000000,-0.073993,4.243349,yes,,0.000000
6,1,2,C4_rot_180deg,16926.050946,2004.550104,2315.446671,0.073993,0.000000,0.997259,0.997259,0.000000,-0.073993,4.243349,yes,,0.000000
7,1,3,C4_rot_270deg,16945.996122,1984.550104,2313.966817,0.073993,0.000000,0.997259,0.997259,0.000000,-0.073993,4.243349,yes,,0.000000
8,2,0,C4_rot_0deg,17265.118932,2004.550104,2290.289145,0.073993,0.000000,0.997259,0.997259,0.000000,-0.073993,4.243349,yes,,0.000000
9,2,1,C4_rot_90deg,17245.173756,2024.550104,2291.769000,0.073993,0.000000,0.997259,0.997259,0.000000,-0.073993,4.243349,yes,,0.000000
10,2,2,C4_rot_180deg,17225.228581,2004.550104,2293.248854,0.073993,0.000000,0.997259,0.997259,0.000000,-0.073993,4.243349,yes,,0.000000
11,2,3,C4_rot_270deg,17245.173756,1984.550104,2291.769000,0.073993,0.000000,0.997259,0.997259,0.000000,-0.073993,4.243349,yes,,0.000000
12,3,0,C4_rot_0deg,17564.296566,2004.550104,2268.091328,0.073993,0.000000,0.997259,0.997259,0.000000,-0.073993,4.243349,yes,,0.000000
13,3,1,C4_rot_90deg,17544.351391,2024.550104,2269.571183,0.073993,0.000000,0.997259,0.997259,0.000000,-0.073993,4.243349,yes,,0.000000
14,3,2,C4_rot_180deg,17524.406215,2004.550104,2271.051037,0.073993,0.000000,0.997259,0.997259,0.000000,-0.073993,4.243349,yes,,0.000000
15,3,3,C4_rot_270deg,17544.351391,1984.550104,2269.571183,0.073993,0.000000,0.997259,0.997259,0.000000,-0.073993,4.243349,yes,,0.000000
16,4,0,C4_rot_0deg,17863.474201,2004.550104,2245.893511,0.073993,0.000000,0.997259,0.997259,0.000000,-0.073993,4.243349,yes,,0.000000
17,4,1,C4_rot_90deg,17843.529025,2024.550104,2247.373365,0.073993,0.000000,0.997259,0.997259,0.000000,-0.073993,4.243349,yes,,0.000000
18,4,2,C4_rot_180deg,17823.583849,2004.550104,2248.853220,0.073993,0.000000,0.997259,0.997259,0.000000,-0.073993,4.243349,yes,,0.000000
19,4,3,C4_rot_270deg,17843.529025,1984.550104,2247.373365,0.073993,0.000000,0.997259,0.997259,0.000000,-0.073993,4.243349,yes,,0.000000
20,5,0,C4_rot_0deg,18162.651835,2004.550104,2223.695694,0.073993,0.000000,0.997259,0.997259,0.000000,-0.073993,4.243349,yes,,0.000000
21,5,1,C4_rot_90deg,18142.706660,2024.550104,2225.175548,0.073993,0.000000,0.997259,0.997259,0.000000,-0.073993,4.243349,yes,,0.000000
22,5,2,C4_rot_180deg,18122.761484,2004.550104,2226.655403,0.073993,0.000000,0.997259,0.997259,0.000000,-0.073993,4.243349,yes,,0.000000
23,5,3,C4_rot_270deg,18142.706660,1984.550104,2225.175548,0.073993,0.000000,0.997259,0.997259,0.000000,-0.073993,4.243349,yes,,0.000000
24,6,0,C4_rot_0deg,18461.829470,2004.550104,2201.497877,0.073993,0.000000,0.997259,0.997259,0.000000,-0.073993,4.243349,yes,,0.000000
25,6,1,C4_rot_90deg,18441.884294,2024.550104,2202.977731,0.073993,0.000000,0.997259,0.997259,0.000000,-0.073993,4.243349,yes,,0.000000
26,6,2,C4_rot_180deg,18421.939118,2004.550104,2204.457586,0.073993,0.000000,0.997259,0.997259,0.000000,-0.073993,4.243349,yes,,0.000000
27,6,3,C4_rot_270deg,18441.884294,1984.550104,2202.977731,0.073993,0.000000,0.997259,0.997259,0.000000,-0.073993,4.243349,yes,,0.000000
28,7,0,C4_rot_0deg,18761.007104,2004.550104,2179.300060,0.073993,0.000000,0.997259,0.997259,0.000000,-0.073993,4.243349,yes,,0.000000
29,7,1,C4_rot_90deg,18741.061928,2024.550104,2180.779914,0.073993,0.000000,0.997259,0.997259,0.000000,-0.073993,4.243349,yes,,0.000000
30,7,2,C4_rot_180deg,18721.116753,2004.550104,2182.259768,0.073993,0.000000,0.997259,0.997259,0.000000,-0.073993,4.243349,yes,,0.000000
31,7,3,C4_rot_270deg,18741.061928,1984.550104,2180.779914,0.073993,0.000000,0.997259,0.997259,0.000000,-0.073993,4.243349,yes,,0.000000
32,8,0,C4_rot_0deg,19060.184738,2004.550104,2157.102242,0.073993,0.000000,0.997259,0.997259,0.000000,-0.073993,4.243349,yes,,0.000000
33,8,1,C4_rot_90deg,19040.239563,2024.550104,2158.582097,0.073993,0.000000,0.997259,0.997259,0.000000,-0.073993,4.243349,yes,,0.000000
34,8,2,C4_rot_180deg,19020.294387,2004.550104,2160.061951,0.073993,0.000000,0.997259,0.997259,0.000000,-0.073993,4.243349,yes,,0.000000
35,8,3,C4_rot_270deg,19040.239563,1984.550104,2158.582097,0.073993,0.000000,0.997259,0.997259,0.000000,-0.073993,4.243349,yes,,0.000000
36,9,0,C4_rot_0deg,19359.362373,2004.550104,2134.904425,0.073993,0.000000,0.997259,0.997259,0.000000,-0.073993,4.243349,yes,,0.000000
37,9,1,C4_rot_90deg,19339.417197,2024.550104,2136.384280,0.073993,0.000000,0.997259,0.997259,0.000000,-0.073993,4.243349,yes,,0.000000
38,9,2,C4_rot_180deg,19319.472021,2004.550104,2137.864134,0.073993,0.000000,0.997259,0.997259,0.000000,-0.073993,4.243349,yes,,0.000000
39,9,3,C4_rot_270deg,19339.417197,1984.550104,2136.384280,0.073993,0.000000,0.997259,0.997259,0.000000,-0.073993,4.243349,yes,,0.000000
40,10,0,C4_rot_0deg,19658.540007,2004.550104,2112.706608,0.073993,0.000000,0.997259,0.997259,0.000000,-0.073993,4.243349,yes,,0.000000
41,10,1,C4_rot_90deg,19638.594831,2024.550104,2114.186463,0.073993,0.000000,0.997259,0.997259,0.000000,-0.073993,4.243349,yes,,0.000000
42,10,2,C4_rot_180deg,19618.649656,2004.550104,2115.666317,0.073993,0.000000,0.997259,0.997259,0.000000,-0.073993,4.243349,yes,,0.000000
43,10,3,C4_rot_270deg,19638.594831,1984.550104,2114.186463,0.073993,0.000000,0.997259,0.997259,0.000000,-0.073993,4.243349,yes,,0.000000
44,11,0,C4_rot_0deg,19957.717641,2004.550104,2090.508791,0.073993,0.000000,0.997259,0.997259,0.000000,-0.073993,4.243349,yes,,0.000000
45,11,1,C4_rot_90deg,19937.772466,2024.550104,2091.988645,0.073993,0.000000,0.997259,0.997259,0.000000,-0.073993,4.243349,yes,,0.000000
46,11,2,C4_rot_180deg,19917.827290,2004.550104,2093.468500,0.073993,0.000000,0.997259,0.997259,0.000000,-0.073993,4.243349,yes,,0.000000
47,11,3,C4_rot_270deg,19937.772466,1984.550104,2091.988645,0.073993,0.000000,0.997259,0.997259,0.000000,-0.073993,4.243349,yes,,0.000000
48,12,0,C4_rot_0deg,20256.895276,2004.550104,2068.310974,0.073993,0.000000,0.997259,0.997259,0.000000,-0.073993,4.243349,yes,,0.000000
49,12,1,C4_rot_90deg,20236.950100,2024.550104,2069.790828,0.073993,0.000000,0.997259,0.997259,0.000000,-0.073993,4.243349,yes,,0.000000
50,12,2,C4_rot_180deg,20217.004925,2004.550104,2071.270683,0.073993,0.000000,0.997259,0.997259,0.000000,-0.073993,4.243349,yes,,0.000000
51,12,3,C4_rot_270deg,20236.950100,1984.550104,2069.790828,0.073993,0.000000,0.997259,0.997259,0.000000,-0.073993,4.243349,yes,,0.000000
52,13,0,C4_rot_0deg,20556.072910,2004.550104,2046.113157,0.073993,0.000000,0.997259,0.997259,0.000000,-0.073993,4.243349,yes,,0.000000
53,13,1,C4_rot_90deg,20536.127735,2024.550104,2047.593011,0.073993,0.000000,0.997259,0.997259,0.000000,-0.073993,4.243349,yes,,0.000000
54,13,2,C4_rot_180deg,20516.182559,2004.550104,2049.072866,0.073993,0.000000,0.997259,0.997259,0.000000,-0.073993,4.243349,yes,,0.000000
55,13,3,C4_rot_270deg,20536.127735,1984.550104,2047.593011,0.073993,0.000000,0.997259,0.997259,0.000000,-0.073993,4.243349,yes,,0.000000
56,14,0,C4_rot_0deg,20855.250545,2004.550104,2023.915340,0.073993,0.000000,0.997259,0.997259,0.000000,-0.073993,4.243349,yes,,0.000000
57,14,1,C4_rot_90deg,20835.305369,2024.550104,2025.395194,0.073993,0.000000,0.997259,0.997259,0.000000,-0.073993,4.243349,yes,,0.000000
58,14,2,C4_rot_180deg,20815.360193,2004.550104,2026.875049,0.073993,0.000000,0.997259,0.997259,0.000000,-0.073993,4.243349,yes,,0.000000
59,14,3,C4_rot_270deg,20835.305369,1984.550104,2025.395194,0.073993,0.000000,0.997259,0.997259,0.000000,-0.073993,4.243349,yes,,0.000000
60,15,0,C4_rot_0deg,21154.428179,2004.550104,2001.717522,0.073993,0.000000,0.997259,0.997259,0.000000,-0.073993,4.243349,yes,,0.000000
61,15,1,C4_rot_90deg,21134.483003,2024.550104,2003.197377,0.073993,0.000000,0.997259,0.997259,0.000000,-0.073993,4.243349,yes,,0.000000
62,15,2,C4_rot_180deg,21114.537828,2004.550104,2004.677231,0.073993,0.000000,0.997259,0.997259,0.000000,-0.073993,4.243349,yes,,0.000000
63,15,3,C4_rot_270deg,21134.483003,1984.550104,2003.197377,0.073993,0.000000,0.997259,0.997259,0.000000,-0.073993,4.243349,yes,,0.000000
64,16,0,C4_rot_0deg,21453.605813,2004.550104,1979.519705,0.073993,0.000000,0.997259,0.997259,0.000000,-0.073993,4.243349,yes,,0.000000
65,16,1,C4_rot_90deg,21433.660638,2024.550104,1980.999560,0.073993,0.000000,0.997259,0.997259,0.000000,-0.073993,4.243349,yes,,0.000000
66,16,2,C4_rot_180deg,21413.715462,2004.550104,1982.479414,0.073993,0.000000,0.997259,0.997259,0.000000,-0.073993,4.243349,yes,,0.000000
67,16,3,C4_rot_270deg,21433.660638,1984.550104,1980.999560,0.073993,0.000000,0.997259,0.997259,0.000000,-0.073993,4.243349,yes,,0.000000
68,17,0,C4_rot_0deg,21752.783448,2004.550104,1957.321888,0.073993,0.000000,0.997259,0.997259,0.000000,-0.073993,4.243349,yes,,0.000000
69,17,1,C4_rot_90deg,21732.838272,2024.550104,1958.801743,0.073993,0.000000,0.997259,0.997259,0.000000,-0.073993,4.243349,yes,,0.000000
70,17,2,C4_rot_180deg,21712.893096,2004.550104,1960.281597,0.073993,0.000000,0.997259,0.997259,0.000000,-0.073993,4.243349,yes,,0.000000
71,17,3,C4_rot_270deg,21732.838272,1984.550104,1958.801743,0.073993,0.000000,0.997259,0.997259,0.000000,-0.073993,4.243349,yes,,0.000000
72,18,0,C4_rot_0deg,22051.961082,2004.550104,1935.124071,0.073993,0.000000,0.997259,0.997259,0.000000,-0.073993,4.243349,yes,,0.000000
73,18,1,C4_rot_90deg,22032.015906,2024.550104,1936.603926,0.073993,0.000000,0.997259,0.997259,0.000000,-0.073993,4.243349,yes,,0.000000
74,18,2,C4_rot_180deg,22012.070731,2004.550104,1938.083780,0.073993,0.000000,0.997259,0.997259,0.000000,-0.073993,4.243349,yes,,0.000000
75,18,3,C4_rot_270deg,22032.015906,1984.550104,1936.603926,0.073993,0.000000,0.997259,0.997259,0.000000,-0.073993,4.243349,yes,,0.000000
76,19,0,C4_rot_0deg,22351.138716,2004.550104,1912.926254,0.073993,0.000000,0.997259,0.997259,0.000000,-0.073993,4.243349,yes,,0.000000
77,19,1,C4_rot_90deg,22331.193541,2024.550104,1914.406108,0.073993,0.000000,0.997259,0.997259,0.000000,-0.073993,4.243349,yes,,0.000000
78,19,2,C4_rot_180deg,22311.248365,2004.550104,1915.885963,0.073993,0.000000,0.997259,0.997259,0.000000,-0.073993,4.243349,yes,,0.000000
79,19,3,C4_rot_270deg,22331.193541,1984.550104,1914.406108,0.073993,0.000000,0.997259,0.997259,0.000000,-0.073993,4.243349,yes,,0.000000
80,20,0,C4_rot_0deg,22650.316351,2004.550104,1890.728437,0.073993,0.000000,0.997259,0.997259,0.000000,-0.073993,4.243349,yes,,0.000000
81,20,1,C4_rot_90deg,22630.371175,2024.550104,1892.208291,0.073993,0.000000,0.997259,0.997259,0.000000,-0.073993,4.243349,yes,,0.000000
82,20,2,C4_rot_180deg,22610.426000,2004.550104,1893.688146,0.073993,0.000000,0.997259,0.997259,0.000000,-0.073993,4.243349,yes,,0.000000
83,20,3,C4_rot_270deg,22630.371175,1984.550104,1892.208291,0.073993,0.000000,0.997259,0.997259,0.000000,-0.073993,4.243349,yes,,0.000000
84,21,0,C4_rot_0deg,22949.493985,2004.550104,1868.530620,0.073993,0.000000,0.997259,0.997259,0.000000,-0.073993,4.243349,yes,,0.000000
85,21,1,C4_rot_90deg,22929.548810,2024.550104,1870.010474,0.073993,0.000000,0.997259,0.997259,0.000000,-0.073993,4.243349,yes,,0.000000
86,21,2,C4_rot_180deg,22909.603634,2004.550104,1871.490329,0.073993,0.000000,0.997259,0.997259,0.000000,-0.073993,4.243349,yes,,0.000000
87,21,3,C4_rot_270deg,22929.548810,1984.550104,1870.010474,0.073993,0.000000,0.997259,0.997259,0.000000,-0.073993,4.243349,yes,,0.000000
88,22,0,C4_rot_0deg,23248.671620,2004.550104,1846.332802,0.073993,0.000000,0.997259,0.997259,0.000000,-0.073993,4.243349,yes,,0.000000
89,22,1,C4_rot_90deg,23228.726444,2024.550104,1847.812657,0.073993,0.000000,0.997259,0.997259,0.000000,-0.073993,4.243349,yes,,0.000000
90,22,2,C4_rot_180deg,23208.781268,2004.550104,1849.292511,0.073993,0.000000,0.997259,0.997259,0.000000,-0.073993,4.243349,yes,,0.000000
91,22,3,C4_rot_270deg,23228.726444,1984.550104,1847.812657,0.073993,0.000000,0.997259,0.997259,0.000000,-0.073993,4.243349,yes,,0.000000
92,23,0,C4_rot_0deg,23547.849254,2004.550104,1824.134985,0.073993,0.000000,0.997259,0.997259,0.000000,-0.073993,4.243349,yes,,0.000000
93,23,1,C4_rot_90deg,23527.904078,2024.550104,1825.614840,0.073993,0.000000,0.997259,0.997259,0.000000,-0.073993,4.243349,yes,,0.000000
94,23,2,C4_rot_180deg,23507.958903,2004.550104,1827.094694,0.073993,0.000000,0.997259,0.997259,0.000000,-0.073993,4.243349,yes,,0.000000
95,23,3,C4_rot_270deg,23527.904078,1984.550104,1825.614840,0.073993,0.000000,0.997259,0.997259,0.000000,-0.073993,4.243349,yes,,0.000000
96,24,0,C4_rot_0deg,23847.026888,2004.550104,1801.937168,0.073993,0.000000,0.997259,0.997259,0.000000,-0.073993,4.243349,yes,,0.000000
97,24,1,C4_rot_90deg,23827.081713,2024.550104,1803.417023,0.073993,0.000000,0.997259,0.997259,0.000000,-0.073993,4.243349,yes,,0.000000
98,24,2,C4_rot_180deg,23807.136537,2004.550104,1804.896877,0.073993,0.000000,0.997259,0.997259,0.000000,-0.073993,4.243349,yes,,0.000000
99,24,3,C4_rot_270deg,23827.081713,1984.550104,1803.417023,0.073993,0.000000,0.997259,0.997259,0.000000,-0.073993,4.243349,yes,,0.000000
100,25,0,C4_rot_0deg,24146.204523,2004.550104,1779.739351,0.073993,0.000000,0.997259,0.997259,0.000000,-0.073993,4.243349,yes,,0.000000
101,25,1,C4_rot_90deg,24126.259347,2024.550104,1781.219206,0.073993,0.000000,0.997259,0.997259,0.000000,-0.073993,4.243349,yes,,0.000000
102,25,2,C4_rot_180deg,24106.314172,2004.550104,1782.699060,0.073993,0.000000,0.997259,0.997259,0.000000,-0.073993,4.243349,yes,,0.000000
103,25,3,C4_rot_270deg,24126.259347,1984.550104,1781.219206,0.073993,0.000000,0.997259,0.997259,0.000000,-0.073993,4.243349,yes,,0.000000
104,26,0,C4_rot_0deg,24445.382157,2004.550104,1757.541534,0.073993,0.000000,0.997259,0.997259,0.000000,-0.073993,4.243349,yes,,0.000000
105,26,1,C4_rot_90deg,24425.436982,2024.550104,1759.021388,0.073993,0.000000,0.997259,0.997259,0.000000,-0.073993,4.243349,yes,,0.000000
106,26,2,C4_rot_180deg,24405.491806,2004.550104,1760.501243,0.073993,0.000000,0.997259,0.997259,0.000000,-0.073993,4.243349,yes,,0.000000
107,26,3,C4_rot_270deg,24425.436982,1984.550104,1759.021388,0.073993,0.000000,0.997259,0.997259,0.000000,-0.073993,4.243349,yes,,0.000000
108,27,0,C4_rot_0deg,24744.559792,2004.550104,1735.343717,0.073993,0.000000,0.997259,0.997259,0.000000,-0.073993,4.243349,yes,,0.000000
109,27,1,C4_rot_90deg,24724.614616,2024.550104,1736.823571,0.073993,0.000000,0.997259,0.997259,0.000000,-0.073993,4.243349,yes,,0.000000
110,27,2,C4_rot_180deg,24704.669440,2004.550104,1738.303426,0.073993,0.000000,0.997259,0.997259,0.000000,-0.073993,4.243349,yes,,0.000000
111,27,3,C4_rot_270deg,24724.614616,1984.550104,1736.823571,0.073993,0.000000,0.997259,0.997259,0.000000,-0.073993,4.243349,yes,,0.000000
112,28,0,C4_rot_0deg,25043.737426,2004.550104,1713.145900,0.073993,0.000000,0.997259,0.997259,0.000000,-0.073993,4.243349,yes,,0.000000
113,28,1,C4_rot_90deg,25023.792250,2024.550104,1714.625754,0.073993,0.000000,0.997259,0.997259,0.000000,-0.073993,4.243349,yes,,0.000000
114,28,2,C4_rot_180deg,25003.847075,2004.550104,1716.105609,0.073993,0.000000,0.997259,0.997259,0.000000,-0.073993,4.243349,yes,,0.000000
115,28,3,C4_rot_270deg,25023.792250,1984.550104,1714.625754,0.073993,0.000000,0.997259,0.997259,0.000000,-0.073993,4.243349,yes,,0.000000
116,29,0,C4_rot_0deg,25342.915060,2004.550104,1690.948083,0.073993,0.000000,0.997259,0.997259,0.000000,-0.073993,4.243349,yes,,0.000000
117,29,1,C4_rot_90deg,25322.969885,2024.550104,1692.427937,0.073993,0.000000,0.997259,0.997259,0.000000,-0.073993,4.243349,yes,,0.000000
118,29,2,C4_rot_180deg,25303.024709,2004.550104,1693.907792,0.073993,0.000000,0.997259,0.997259,0.000000,-0.073993,4.243349,yes,,0.000000
119,29,3,C4_rot_270deg,25322.969885,1984.550104,1692.427937,0.073993,0.000000,0.997259,0.997259,0.000000,-0.073993,4.243349,yes,,0.000000
120,30,0,C4_rot_0deg,25642.092695,2004.550104,1668.750265,0.073993,0.000000,0.997259,0.997259,0.000000,-0.073993,4.243349,yes,,0.000000
121,30,1,C4_rot_90deg,25622.147519,2024.550104,1670.230120,0.073993,0.000000,0.997259,0.997259,0.000000,-0.073993,4.243349,yes,,0.000000
122,30,2,C4_rot_180deg,25602.202343,2004.550104,1671.709974,0.073993,0.000000,0.997259,0.997259,0.000000,-0.073993,4.243349,yes,,0.000000
123,30,3,C4_rot_270deg,25622.147519,1984.550104,1670.230120,0.073993,0.000000,0.997259,0.997259,0.000000,-0.073993,4.243349,yes,,0.000000
124,31,0,C4_rot_0deg,25941.270329,2004.550104,1646.552448,0.073993,0.000000,0.997259,0.997259,0.000000,-0.073993,4.243349,yes,,0.000000
125,31,1,C4_rot_90deg,25921.325153,2024.550104,1648.032303,0.073993,0.000000,0.997259,0.997259,0.000000,-0.073993,4.243349,yes,,0.000000
126,31,2,C4_rot_180deg,25901.379978,2004.550104,1649.512157,0.073993,0.000000,0.997259,0.997259,0.000000,-0.073993,4.243349,yes,,0.000000
127,31,3,C4_rot_270deg,25921.325153,1984.550104,1648.032303,0.073993,0.000000,0.997259,0.997259,0.000000,-0.073993,4.243349,yes,,0.000000
128,32,0,C4_rot_0deg,26240.447963,2004.550104,1624.354631,0.073993,0.000000,0.997259,0.997259,0.000000,-0.073993,4.243349,yes,,0.000000
129,32,1,C4_rot_90deg,26220.502788,2024.550104,1625.834486,0.073993,0.000000,0.997259,0.997259,0.000000,-0.073993,4.243349,yes,,0.000000
130,32,2,C4_rot_180deg,26200.557612,2004.550104,1627.314340,0.073993,0.000000,0.997259,0.997259,0.000000,-0.073993,4.243349,yes,,0.000000
131,32,3,C4_rot_270deg,26220.502788,1984.550104,1625.834486,0.073993,0.000000,0.997259,0.997259,0.000000,-0.073993,4.243349,yes,,0.000000
132,33,0,C4_rot_0deg,26539.625598,2004.550104,1602.156814,0.073993,0.000000,0.997259,0.997259,0.000000,-0.073993,4.243349,yes,,0.000000
133,33,1,C4_rot_90deg,26519.680422,2024.550104,1603.636668,0.073993,0.000000,0.997259,0.997259,0.000000,-0.073993,4.243349,yes,,0.000000
134,33,2,C4_rot_180deg,26499.735247,2004.550104,1605.116523,0.073993,0.000000,0.997259,0.997259,0.000000,-0.073993,4.243349,yes,,0.000000
135,33,3,C4_rot_270deg,26519.680422,1984.550104,1603.636668,0.073993,0.000000,0.997259,0.997259,0.000000,-0.073993,4.243349,yes,,0.000000
136,34,0,C4_rot_0deg,26838.803232,2004.550104,1579.958997,0.073993,0.000000,0.997259,0.997259,0.000000,-0.073993,4.243349,yes,,0.000000
137,34,1,C4_rot_90deg,26818.858057,2024.550104,1581.438851,0.073993,0.000000,0.997259,0.997259,0.000000,-0.073993,4.243349,yes,,0.000000
138,34,2,C4_rot_180deg,26798.912881,2004.550104,1582.918706,0.073993,0.000000,0.997259,0.997259,0.000000,-0.073993,4.243349,yes,,0.000000
139,34,3,C4_rot_270deg,26818.858057,1984.550104,1581.438851,0.073993,0.000000,0.997259,0.997259,0.000000,-0.073993,4.243349,yes,,0.000000
140,35,0,C4_rot_0deg,27137.980867,2004.550104,1557.761180,0.073993,0.000000,0.997259,0.997259,0.000000,-0.073993,4.243349,yes,,0.000000
141,35,1,C4_rot_90deg,27118.035691,2024.550104,1559.241034,0.073993,0.000000,0.997259,0.997259,0.000000,-0.073993,4.243349,yes,,0.000000
142,35,2,C4_rot_180deg,27098.090515,2004.550104,1560.720889,0.073993,0.000000,0.997259,0.997259,0.000000,-0.073993,4.243349,yes,,0.000000
143,35,3,C4_rot_270deg,27118.035691,1984.550104,1559.241034,0.073993,0.000000,0.997259,0.997259,0.000000,-0.073993,4.243349,yes,,0.000000
144,36,0,C4_rot_0deg,27437.158501,2004.550104,1535.563363,0.073993,0.000000,0.997259,0.997259,0.000000,-0.073993,4.243349,yes,,0.000000
145,36,1,C4_rot_90deg,27417.213325,2024.550104,1537.043217,0.073993,0.000000,0.997259,0.997259,0.000000,-0.073993,4.243349,yes,,0.000000
146,36,2,C4_rot_180deg,27397.268150,2004.550104,1538.523072,0.073993,0.000000,0.997259,0.997259,0.000000,-0.073993,4.243349,yes,,0.000000
147,36,3,C4_rot_270deg,27417.213325,1984.550104,1537.043217,0.073993,0.000000,0.997259,0.997259,0.000000,-0.073993,4.243349,yes,,0.000000
148,37,0,C4_rot_0deg,27736.336135,2004.550104,1513.365545,0.073993,0.000000,0.997259,0.997259,0.000000,-0.073993,4.243349,yes,,0.000000
149,37,1,C4_rot_90deg,27716.390960,2024.550104,1514.845400,0.073993,0.000000,0.997259,0.997259,0.000000,-0.073993,4.243349,yes,,0.000000
150,37,2,C4_rot_180deg,27696.445784,2004.550104,1516.325254,0.073993,0.000000,0.997259,0.997259,0.000000,-0.073993,4.243349,yes,,0.000000
151,37,3,C4_rot_270deg,27716.390960,1984.550104,1514.845400,0.073993,0.000000,0.997259,0.997259,0.000000,-0.073993,4.243349,yes,,0.000000
152,38,0,C4_rot_0deg,28035.513770,2004.550104,1491.167728,0.073993,0.000000,0.997259,0.997259,0.000000,-0.073993,4.243349,yes,,0.000000
153,38,1,C4_rot_90deg,28015.568594,2024.550104,1492.647583,0.073993,0.000000,0.997259,0.997259,0.000000,-0.073993,4.243349,yes,,0.000000
154,38,2,C4_rot_180deg,27995.623418,2004.550104,1494.127437,0.073993,0.000000,0.997259,0.997259,0.000000,-0.073993,4.243349,yes,,0.000000
155,38,3,C4_rot_270deg,28015.568594,1984.550104,1492.647583,0.073993,0.000000,0.997259,0.997259,0.000000,-0.073993,4.243349,yes,,0.000000
156,39,0,C4_rot_0deg,16666.763663,-2500.000000,2334.684779,0.073993,0.000000,0.997259,0.997259,0.000000,-0.073993,4.243349,yes,,0.000000
157,39,1,C4_rot_90deg,16646.818488,-2480.000000,2336.164634,0.073993,0.000000,0.997259,0.997259,0.000000,-0.073993,4.243349,yes,,0.000000
158,39,2,C4_rot_180deg,16626.873312,-2500.000000,2337.644488,0.073993,0.000000,0.997259,0.997259,0.000000,-0.073993,4.243349,yes,,0.000000
159,39,3,C4_rot_270deg,16646.818488,-2520.000000,2336.164634,0.073993,0.000000,0.997259,0.997259,0.000000,-0.073993,4.243349,yes,,0.000000
160,40,0,C4_rot_0deg,16666.763663,-2200.000000,2334.684779,0.073993,0.000000,0.997259,0.997259,0.000000,-0.073993,4.243349,yes,,0.000000
161,40,1,C4_rot_90deg,16646.818488,-2180.000000,2336.164634,0.073993,0.000000,0.997259,0.997259,0.000000,-0.073993,4.243349,yes,,0.000000
162,40,2,C4_rot_180deg,16626.873312,-2200.000000,2337.644488,0.073993,0.000000,0.997259,0.997259,0.000000,-0.073993,4.243349,yes,,0.000000
163,40,3,C4_rot_270deg,16646.818488,-2220.000000,2336.164634,0.073993,0.000000,0.997259,0.997259,0.000000,-0.073993,4.243349,yes,,0.000000
164,41,0,C4_rot_0deg,16666.763663,-1900.000000,2334.684779,0.073993,0.000000,0.997259,0.997259,0.000000,-0.073993,4.243349,yes,,0.000000
165,41,1,C4_rot_90deg,16646.818488,-1880.000000,2336.164634,0.073993,0.000000,0.997259,0.997259,0.000000,-0.073993,4.243349,yes,,0.000000
166,41,2,C4_rot_180deg,16626.873312,-1900.000000,2337.644488,0.073993,0.000000,0.997259,0.997259,0.000000,-0.073993,4.243349,yes,,0.000000
167,41,3,C4_rot_270deg,16646.818488,-1920.000000,2336.164634,0.073993,0.000000,0.997259,0.997259,0.000000,-0.073993,4.243349,yes,,0.000000
168,42,0,C4_rot_0deg,16666.763663,-1600.000000,2334.684779,0.073993,0.000000,0.997259,0.997259,0.000000,-0.073993,4.243349,yes,,0.000000
169,42,1,C4_rot_90deg,16646.818488,-1580.000000,2336.164634,0.073993,0.000000,0.997259,0.997259,0.000000,-0.073993,4.243349,yes,,0.000000
170,42,2,C4_rot_180deg,16626.873312,-1600.000000,2337.644488,0.073993,0.000000,0.997259,0.997259,0.000000,-0.073993,4.243349,yes,,0.000000
171,42,3,C4_rot_270deg,16646.818488,-1620.000000,2336.164634,0.073993,0.000000,0.997259,0.997259,0.000000,-0.073993,4.243349,yes,,0.000000
172,43,0,C4_rot_0deg,16666.763663,-1300.000000,2334.684779,0.073993,0.000000,0.997259,0.997259,0.000000,-0.073993,4.243349,yes,,0.000000
173,43,1,C4_rot_90deg,16646.818488,-1280.000000,2336.164634,0.073993,0.000000,0.997259,0.997259,0.000000,-0.073993,4.243349,yes,,0.000000
174,43,2,C4_rot_180deg,16626.873312,-1300.000000,2337.644488,0.073993,0.000000,0.997259,0.997259,0.000000,-0.073993,4.243349,yes,,0.000000
175,43,3,C4_rot_270deg,16646.818488,-1320.000000,2336.164634,0.073993,0.000000,0.997259,0.997259,0.000000,-0.073993,4.243349,yes,,0.000000
176,44,0,C4_rot_0deg,16666.763663,-1000.000000,2334.684779,0.073993,0.000000,0.997259,0.997259,0.000000,-0.073993,4.243349,yes,,0.000000
177,44,1,C4_rot_90deg,16646.818488,-980.000000,2336.164634,0.073993,0.000000,0.997259,0.997259,0.000000,-0.073993,4.243349,yes,,0.000000
178,44,2,C4_rot_180deg,16626.873312,-1000.000000,2337.644488,0.073993,0.000000,0.997259,0.997259,0.000000,-0.073993,4.243349,yes,,0.000000
179,44,3,C4_rot_270deg,16646.818488,-1020.000000,2336.164634,0.073993,0.000000,0.997259,0.997259,0.000000,-0.073993,4.243349,yes,,0.000000
180,45,0,C4_rot_0deg,16666.763663,-700.000000,2334.684779,0.073993,0.000000,0.997259,0.997259,0.000000,-0.073993,4.243349,yes,,0.000000
181,45,1,C4_rot_90deg,16646.818488,-680.000000,2336.164634,0.073993,0.000000,0.997259,0.997259,0.000000,-0.073993,4.243349,yes,,0.000000
182,45,2,C4_rot_180deg,16626.873312,-700.000000,2337.644488,0.073993,0.000000,0.997259,0.997259,0.000000,-0.073993,4.243349,yes,,0.000000
183,45,3,C4_rot_270deg,16646.818488,-720.000000,2336.164634,0.073993,0.000000,0.997259,0.997259,0.000000,-0.073993,4.243349,yes,,0.000000
184,46,0,C4_rot_0deg,16666.763663,-400.000000,2334.684779,0.073993,0.000000,0.997259,0.997259,0.000000,-0.073993,4.243349,yes,,0.000000
185,46,1,C4_rot_90deg,16646.818488,-380.000000,2336.164634,0.073993,0.000000,0.997259,0.997259,0.000000,-0.073993,4.243349,yes,,0.000000
186,46,2,C4_rot_180deg,16626.873312,-400.000000,2337.644488,0.073993,0.000000,0.997259,0.997259,0.000000,-0.073993,4.243349,yes,,0.000000
187,46,3,C4_rot_270deg,16646.818488,-420.000000,2336.164634,0.073993,0.000000,0.997259,0.997259,0.000000,-0.073993,4.243349,yes,,0.000000
188,47,0,C4_rot_0deg,16666.763663,-100.000000,2334.684779,0.073993,0.000000,0.997259,0.997259,0.000000,-0.073993,4.243349,yes,,0.000000
189,47,1,C4_rot_90deg,16646.818488,-80.000000,2336.164634,0.073993,0.000000,0.997259,0.997259,0.000000,-0.073993,4.243349,yes,,0.000000
190,47,2,C4_rot_180deg,16626.873312,-100.000000,2337.644488,0.073993,0.000000,0.997259,0.997259,0.000000,-0.073993,4.243349,yes,,0.000000
191,47,3,C4_rot_270deg,16646.818488,-120.000000,2336.164634,0.073993,0.000000,0.997259,0.997259,0.000000,-0.073993,4.243349,yes,,0.000000
192,48,0,C4_rot_0deg,16666.763663,200.000000,2334.684779,0.073993,0.000000,0.997259,0.997259,0.000000,-0.073993,4.243349,yes,,0.000000
193,48,1,C4_rot_90deg,16646.818488,220.000000,2336.164634,0.073993,0.000000,0.997259,0.997259,0.000000,-0.073993,4.243349,yes,,0.000000
194,48,2,C4_rot_180deg,16626.873312,200.000000,2337.644488,0.073993,0.000000,0.997259,0.997259,0.000000,-0.073993,4.243349,yes,,0.000000
195,48,3,C4_rot_270deg,16646.818488,180.000000,2336.164634,0.073993,0.000000,0.997259,0.997259,0.000000,-0.073993,4.243349,yes,,0.000000
196,49,0,C4_rot_0deg,16666.763663,500.000000,2334.684779,0.073993,0.000000,0.997259,0.997259,0.000000,-0.073993,4.243349,yes,,0.000000
197,49,1,C4_rot_90deg,16646.818488,520.000000,2336.164634,0.073993,0.000000,0.997259,0.997259,0.000000,-0.073993,4.243349,yes,,0.000000
198,49,2,C4_rot_180deg,16626.873312,500.000000,2337.644488,0.073993,0.000000,0.997259,0.997259,0.000000,-0.073993,4.243349,yes,,0.000000
199,49,3,C4_rot_270deg,16646.818488,480.000000,2336.164634,0.073993,0.000000,0.997259,0.997259,0.000000,-0.073993,4.243349,yes,,0.000000
200,50,0,C4_rot_0deg,16666.763663,800.000000,2334.684779,0.073993,0.000000,0.997259,0.997259,0.000000,-0.073993,4.243349,yes,,0.000000
201,50,1,C4_rot_90deg,16646.818488,820.000000,2336.164634,0.073993,0.000000,0.997259,0.997259,0.000000,-0.073993,4.243349,yes,,0.000000
202,50,2,C4_rot_180deg,16626.873312,800.000000,2337.644488,0.073993,0.000000,0.997259,0.997259,0.000000,-0.073993,4.243349,yes,,0.000000
203,50,3,C4_rot_270deg,16646.818488,780.000000,2336.164634,0.073993,0.000000,0.997259,0.997259,0.000000,-0.073993,4.243349,yes,,0.000000
204,51,0,C4_rot_0deg,16666.763663,1100.000000,2334.684779,0.073993,0.000000,0.997259,0.997259,0.000000,-0.073993,4.243349,yes,,0.000000
205,51,1,C4_rot_90deg,16646.818488,1120.000000,2336.164634,0.073993,0.000000,0.997259,0.997259,0.000000,-0.073993,4.243349,yes,,0.000000
206,51,2,C4_rot_180deg,16626.873312,1100.000000,2337.644488,0.073993,0.000000,0.997259,0.997259,0.000000,-0.073993,4.243349,yes,,0.000000
207,51,3,C4_rot_270deg,16646.818488,1080.000000,2336.164634,0.073993,0.000000,0.997259,0.997259,0.000000,-0.073993,4.243349,yes,,0.000000
208,52,0,C4_rot_0deg,16666.763663,1400.000000,2334.684779,0.073993,0.000000,0.997259,0.997259,0.000000,-0.073993,4.243349,yes,,0.000000
209,52,1,C4_rot_90deg,16646.818488,1420.000000,2336.164634,0.073993,0.000000,0.997259,0.997259,0.000000,-0.073993,4.243349,yes,,0.000000
210,52,2,C4_rot_180deg,16626.873312,1400.000000,2337.644488,0.073993,0.000000,0.997259,0.997259,0.000000,-0.073993,4.243349,yes,,0.000000
211,52,3,C4_rot_270deg,16646.818488,1380.000000,2336.164634,0.073993,0.000000,0.997259,0.997259,0.000000,-0.073993,4.243349,yes,,0.000000
212,53,0,C4_rot_0deg,16666.763663,1700.000000,2334.684779,0.073993,0.000000,0.997259,0.997259,0.000000,-0.073993,4.243349,yes,,0.000000
213,53,1,C4_rot_90deg,16646.818488,1720.000000,2336.164634,0.073993,0.000000,0.997259,0.997259,0.000000,-0.073993,4.243349,yes,,0.000000
214,53,2,C4_rot_180deg,16626.873312,1700.000000,2337.644488,0.073993,0.000000,0.997259,0.997259,0.000000,-0.073993,4.243349,yes,,0.000000
215,53,3,C4_rot_270deg,16646.818488,1680.000000,2336.164634,0.073993,0.000000,0.997259,0.997259,0.000000,-0.073993,4.243349,yes,,0.000000
216,54,0,C4_rot_0deg,28130.172719,-2500.000000,1484.144402,0.073993,0.000000,0.997259,0.997259,0.000000,-0.073993,4.243349,yes,,0.000000
217,54,1,C4_rot_90deg,28110.227543,-2480.000000,1485.624257,0.073993,0.000000,0.997259,0.997259,0.000000,-0.073993,4.243349,yes,,0.000000
218,54,2,C4_rot_180deg,28090.282367,-2500.000000,1487.104111,0.073993,0.000000,0.997259,0.997259,0.000000,-0.073993,4.243349,yes,,0.000000
219,54,3,C4_rot_270deg,28110.227543,-2520.000000,1485.624257,0.073993,0.000000,0.997259,0.997259,0.000000,-0.073993,4.243349,yes,,0.000000
220,55,0,C4_rot_0deg,27830.995084,-2500.000000,1506.342220,0.073993,0.000000,0.997259,0.997259,0.000000,-0.073993,4.243349,yes,,0.000000
221,55,1,C4_rot_90deg,27811.049909,-2480.000000,1507.822074,0.073993,0.000000,0.997259,0.997259,0.000000,-0.073993,4.243349,yes,,0.000000
222,55,2,C4_rot_180deg,27791.104733,-2500.000000,1509.301928,0.073993,0.000000,0.997259,0.997259,0.000000,-0.073993,4.243349,yes,,0.000000
223,55,3,C4_rot_270deg,27811.049909,-2520.000000,1507.822074,0.073993,0.000000,0.997259,0.997259,0.000000,-0.073993,4.243349,yes,,0.000000
224,56,0,C4_rot_0deg,27531.817450,-2500.000000,1528.540037,0.073993,0.000000,0.997259,0.997259,0.000000,-0.073993,4.243349,yes,,0.000000
225,56,1,C4_rot_90deg,27511.872274,-2480.000000,1530.019891,0.073993,0.000000,0.997259,0.997259,0.000000,-0.073993,4.243349,yes,,0.000000
226,56,2,C4_rot_180deg,27491.927099,-2500.000000,1531.499746,0.073993,0.000000,0.997259,0.997259,0.000000,-0.073993,4.243349,yes,,0.000000
227,56,3,C4_rot_270deg,27511.872274,-2520.000000,1530.019891,0.073993,0.000000,0.997259,0.997259,0.000000,-0.073993,4.243349,yes,,0.000000
228,57,0,C4_rot_0deg,27232.639816,-2500.000000,1550.737854,0.073993,0.000000,0.997259,0.997259,0.000000,-0.073993,4.243349,yes,,0.000000
229,57,1,C4_rot_90deg,27212.694640,-2480.000000,1552.217708,0.073993,0.000000,0.997259,0.997259,0.000000,-0.073993,4.243349,yes,,0.000000
230,57,2,C4_rot_180deg,27192.749464,-2500.000000,1553.697563,0.073993,0.000000,0.997259,0.997259,0.000000,-0.073993,4.243349,yes,,0.000000
231,57,3,C4_rot_270deg,27212.694640,-2520.000000,1552.217708,0.073993,0.000000,0.997259,0.997259,0.000000,-0.073993,4.243349,yes,,0.000000
232,58,0,C4_rot_0deg,26933.462181,-2500.000000,1572.935671,0.073993,0.000000,0.997259,0.997259,0.000000,-0.073993,4.243349,yes,,0.000000
233,58,1,C4_rot_90deg,26913.517006,-2480.000000,1574.415525,0.073993,0.000000,0.997259,0.997259,0.000000,-0.073993,4.243349,yes,,0.000000
234,58,2,C4_rot_180deg,26893.571830,-2500.000000,1575.895380,0.073993,0.000000,0.997259,0.997259,0.000000,-0.073993,4.243349,yes,,0.000000
235,58,3,C4_rot_270deg,26913.517006,-2520.000000,1574.415525,0.073993,0.000000,0.997259,0.997259,0.000000,-0.073993,4.243349,yes,,0.000000
236,59,0,C4_rot_0deg,26634.284547,-2500.000000,1595.133488,0.073993,0.000000,0.997259,0.997259,0.000000,-0.073993,4.243349,yes,,0.000000
237,59,1,C4_rot_90deg,26614.339371,-2480.000000,1596.613343,0.073993,0.000000,0.997259,0.997259,0.000000,-0.073993,4.243349,yes,,0.000000
238,59,2,C4_rot_180deg,26594.394196,-2500.000000,1598.093197,0.073993,0.000000,0.997259,0.997259,0.000000,-0.073993,4.243349,yes,,0.000000
239,59,3,C4_rot_270deg,26614.339371,-2520.000000,1596.613343,0.073993,0.000000,0.997259,0.997259,0.000000,-0.073993,4.243349,yes,,0.000000
240,60,0,C4_rot_0deg,26335.106912,-2500.000000,1617.331305,0.073993,0.000000,0.997259,0.997259,0.000000,-0.073993,4.243349,yes,,0.000000
241,60,1,C4_rot_90deg,26315.161737,-2480.000000,1618.811160,0.073993,0.000000,0.997259,0.997259,0.000000,-0.073993,4.243349,yes,,0.000000
242,60,2,C4_rot_180deg,26295.216561,-2500.000000,1620.291014,0.073993,0.000000,0.997259,0.997259,0.000000,-0.073993,4.243349,yes,,0.000000
243,60,3,C4_rot_270deg,26315.161737,-2520.000000,1618.811160,0.073993,0.000000,0.997259,0.997259,0.000000,-0.073993,4.243349,yes,,0.000000
244,61,0,C4_rot_0deg,26035.929278,-2500.000000,1639.529122,0.073993,0.000000,0.997259,0.997259,0.000000,-0.073993,4.243349,yes,,0.000000
245,61,1,C4_rot_90deg,26015.984102,-2480.000000,1641.008977,0.073993,0.000000,0.997259,0.997259,0.000000,-0.073993,4.243349,yes,,0.000000
246,61,2,C4_rot_180deg,25996.038927,-2500.000000,1642.488831,0.073993,0.000000,0.997259,0.997259,0.000000,-0.073993,4.243349,yes,,0.000000
247,61,3,C4_rot_270deg,26015.984102,-2520.000000,1641.008977,0.073993,0.000000,0.997259,0.997259,0.000000,-0.073993,4.243349,yes,,0.000000
248,62,0,C4_rot_0deg,25736.751644,-2500.000000,1661.726939,0.073993,0.000000,0.997259,0.997259,0.000000,-0.073993,4.243349,yes,,0.000000
249,62,1,C4_rot_90deg,25716.806468,-2480.000000,1663.206794,0.073993,0.000000,0.997259,0.997259,0.000000,-0.073993,4.243349,yes,,0.000000
250,62,2,C4_rot_180deg,25696.861292,-2500.000000,1664.686648,0.073993,0.000000,0.997259,0.997259,0.000000,-0.073993,4.243349,yes,,0.000000
251,62,3,C4_rot_270deg,25716.806468,-2520.000000,1663.206794,0.073993,0.000000,0.997259,0.997259,0.000000,-0.073993,4.243349,yes,,0.000000
252,63,0,C4_rot_0deg,25437.574009,-2500.000000,1683.924757,0.073993,0.000000,0.997259,0.997259,0.000000,-0.073993,4.243349,yes,,0.000000
253,63,1,C4_rot_90deg,25417.628834,-2480.000000,1685.404611,0.073993,0.000000,0.997259,0.997259,0.000000,-0.073993,4.243349,yes,,0.000000
254,63,2,C4_rot_180deg,25397.683658,-2500.000000,1686.884466,0.073993,0.000000,0.997259,0.997259,0.000000,-0.073993,4.243349,yes,,0.000000
255,63,3,C4_rot_270deg,25417.628834,-2520.000000,1685.404611,0.073993,0.000000,0.997259,0.997259,0.000000,-0.073993,4.243349,yes,,0.000000
256,64,0,C4_rot_0deg,25138.396375,-2500.000000,1706.122574,0.073993,0.000000,0.997259,0.997259,0.000000,-0.073993,4.243349,yes,,0.000000
257,64,1,C4_rot_90deg,25118.451199,-2480.000000,1707.602428,0.073993,0.000000,0.997259,0.997259,0.000000,-0.073993,4.243349,yes,,0.000000
258,64,2,C4_rot_180deg,25098.506024,-2500.000000,1709.082283,0.073993,0.000000,0.997259,0.997259,0.000000,-0.073993,4.243349,yes,,0.000000
259,64,3,C4_rot_270deg,25118.451199,-2520.000000,1707.602428,0.073993,0.000000,0.997259,0.997259,0.000000,-0.073993,4.243349,yes,,0.000000
260,65,0,C4_rot_0deg,24839.218741,-2500.000000,1728.320391,0.073993,0.000000,0.997259,0.997259,0.000000,-0.073993,4.243349,yes,,0.000000
261,65,1,C4_rot_90deg,24819.273565,-2480.000000,1729.800245,0.073993,0.000000,0.997259,0.997259,0.000000,-0.073993,4.243349,yes,,0.000000
262,65,2,C4_rot_180deg,24799.328389,-2500.000000,1731.280100,0.073993,0.000000,0.997259,0.997259,0.000000,-0.073993,4.243349,yes,,0.000000
263,65,3,C4_rot_270deg,24819.273565,-2520.000000,1729.800245,0.073993,0.000000,0.997259,0.997259,0.000000,-0.073993,4.243349,yes,,0.000000
264,66,0,C4_rot_0deg,24540.041106,-2500.000000,1750.518208,0.073993,0.000000,0.997259,0.997259,0.000000,-0.073993,4.243349,yes,,0.000000
265,66,1,C4_rot_90deg,24520.095931,-2480.000000,1751.998062,0.073993,0.000000,0.997259,0.997259,0.000000,-0.073993,4.243349,yes,,0.000000
266,66,2,C4_rot_180deg,24500.150755,-2500.000000,1753.477917,0.073993,0.000000,0.997259,0.997259,0.000000,-0.073993,4.243349,yes,,0.000000
267,66,3,C4_rot_270deg,24520.095931,-2520.000000,1751.998062,0.073993,0.000000,0.997259,0.997259,0.000000,-0.073993,4.243349,yes,,0.000000
268,67,0,C4_rot_0deg,24240.863472,-2500.000000,1772.716025,0.073993,0.000000,0.997259,0.997259,0.000000,-0.073993,4.243349,yes,,0.000000
269,67,1,C4_rot_90deg,24220.918296,-2480.000000,1774.195880,0.073993,0.000000,0.997259,0.997259,0.000000,-0.073993,4.243349,yes,,0.000000
270,67,2,C4_rot_180deg,24200.973120,-2500.000000,1775.675734,0.073993,0.000000,0.997259,0.997259,0.000000,-0.073993,4.243349,yes,,0.000000
271,67,3,C4_rot_270deg,24220.918296,-2520.000000,1774.195880,0.073993,0.000000,0.997259,0.997259,0.000000,-0.073993,4.243349,yes,,0.000000
272,68,0,C4_rot_0deg,23941.685837,-2500.000000,1794.913842,0.073993,0.000000,0.997259,0.997259,0.000000,-0.073993,4.243349,yes,,0.000000
273,68,1,C4_rot_90deg,23921.740662,-2480.000000,1796.393697,0.073993,0.000000,0.997259,0.997259,0.000000,-0.073993,4.243349,yes,,0.000000
274,68,2,C4_rot_180deg,23901.795486,-2500.000000,1797.873551,0.073993,0.000000,0.997259,0.997259,0.000000,-0.073993,4.243349,yes,,0.000000
275,68,3,C4_rot_270deg,23921.740662,-2520.000000,1796.393697,0.073993,0.000000,0.997259,0.997259,0.000000,-0.073993,4.243349,yes,,0.000000
276,69,0,C4_rot_0deg,23642.508203,-2500.000000,1817.111659,0.073993,0.000000,0.997259,0.997259,0.000000,-0.073993,4.243349,yes,,0.000000
277,69,1,C4_rot_90deg,23622.563027,-2480.000000,1818.591514,0.073993,0.000000,0.997259,0.997259,0.000000,-0.073993,4.243349,yes,,0.000000
278,69,2,C4_rot_180deg,23602.617852,-2500.000000,1820.071368,0.073993,0.000000,0.997259,0.997259,0.000000,-0.073993,4.243349,yes,,0.000000
279,69,3,C4_rot_270deg,23622.563027,-2520.000000,1818.591514,0.073993,0.000000,0.997259,0.997259,0.000000,-0.073993,4.243349,yes,,0.000000
280,70,0,C4_rot_0deg,23343.330569,-2500.000000,1839.309477,0.073993,0.000000,0.997259,0.997259,0.000000,-0.073993,4.243349,yes,,0.000000
281,70,1,C4_rot_90deg,23323.385393,-2480.000000,1840.789331,0.073993,0.000000,0.997259,0.997259,0.000000,-0.073993,4.243349,yes,,0.000000
282,70,2,C4_rot_180deg,23303.440217,-2500.000000,1842.269186,0.073993,0.000000,0.997259,0.997259,0.000000,-0.073993,4.243349,yes,,0.000000
283,70,3,C4_rot_270deg,23323.385393,-2520.000000,1840.789331,0.073993,0.000000,0.997259,0.997259,0.000000,-0.073993,4.243349,yes,,0.000000
284,71,0,C4_rot_0deg,23044.152934,-2500.000000,1861.507294,0.073993,0.000000,0.997259,0.997259,0.000000,-0.073993,4.243349,yes,,0.000000
285,71,1,C4_rot_90deg,23024.207759,-2480.000000,1862.987148,0.073993,0.000000,0.997259,0.997259,0.000000,-0.073993,4.243349,yes,,0.000000
286,71,2,C4_rot_180deg,23004.262583,-2500.000000,1864.467003,0.073993,0.000000,0.997259,0.997259,0.000000,-0.073993,4.243349,yes,,0.000000
287,71,3,C4_rot_270deg,23024.207759,-2520.000000,1862.987148,0.073993,0.000000,0.997259,0.997259,0.000000,-0.073993,4.243349,yes,,0.000000
288,72,0,C4_rot_0deg,22744.975300,-2500.000000,1883.705111,0.073993,0.000000,0.997259,0.997259,0.000000,-0.073993,4.243349,yes,,0.000000
289,72,1,C4_rot_90deg,22725.030124,-2480.000000,1885.184965,0.073993,0.000000,0.997259,0.997259,0.000000,-0.073993,4.243349,yes,,0.000000
290,72,2,C4_rot_180deg,22705.084949,-2500.000000,1886.664820,0.073993,0.000000,0.997259,0.997259,0.000000,-0.073993,4.243349,yes,,0.000000
291,72,3,C4_rot_270deg,22725.030124,-2520.000000,1885.184965,0.073993,0.000000,0.997259,0.997259,0.000000,-0.073993,4.243349,yes,,0.000000
292,73,0,C4_rot_0deg,22445.797665,-2500.000000,1905.902928,0.073993,0.000000,0.997259,0.997259,0.000000,-0.073993,4.243349,yes,,0.000000
293,73,1,C4_rot_90deg,22425.852490,-2480.000000,1907.382782,0.073993,0.000000,0.997259,0.997259,0.000000,-0.073993,4.243349,yes,,0.000000
294,73,2,C4_rot_180deg,22405.907314,-2500.000000,1908.862637,0.073993,0.000000,0.997259,0.997259,0.000000,-0.073993,4.243349,yes,,0.000000
295,73,3,C4_rot_270deg,22425.852490,-2520.000000,1907.382782,0.073993,0.000000,0.997259,0.997259,0.000000,-0.073993,4.243349,yes,,0.000000
296,74,0,C4_rot_0deg,22146.620031,-2500.000000,1928.100745,0.073993,0.000000,0.997259,0.997259,0.000000,-0.073993,4.243349,yes,,0.000000
297,74,1,C4_rot_90deg,22126.674855,-2480.000000,1929.580600,0.073993,0.000000,0.997259,0.997259,0.000000,-0.073993,4.243349,yes,,0.000000
298,74,2,C4_rot_180deg,22106.729680,-2500.000000,1931.060454,0.073993,0.000000,0.997259,0.997259,0.000000,-0.073993,4.243349,yes,,0.000000
299,74,3,C4_rot_270deg,22126.674855,-2520.000000,1929.580600,0.073993,0.000000,0.997259,0.997259,0.000000,-0.073993,4.243349,yes,,0.000000
300,75,0,C4_rot_0deg,21847.442397,-2500.000000,1950.298562,0.073993,0.000000,0.997259,0.997259,0.000000,-0.073993,4.243349,yes,,0.000000
301,75,1,C4_rot_90deg,21827.497221,-2480.000000,1951.778417,0.073993,0.000000,0.997259,0.997259,0.000000,-0.073993,4.243349,yes,,0.000000
302,75,2,C4_rot_180deg,21807.552045,-2500.000000,1953.258271,0.073993,0.000000,0.997259,0.997259,0.000000,-0.073993,4.243349,yes,,0.000000
303,75,3,C4_rot_270deg,21827.497221,-2520.000000,1951.778417,0.073993,0.000000,0.997259,0.997259,0.000000,-0.073993,4.243349,yes,,0.000000
304,76,0,C4_rot_0deg,21548.264762,-2500.000000,1972.496379,0.073993,0.000000,0.997259,0.997259,0.000000,-0.073993,4.243349,yes,,0.000000
305,76,1,C4_rot_90deg,21528.319587,-2480.000000,1973.976234,0.073993,0.000000,0.997259,0.997259,0.000000,-0.073993,4.243349,yes,,0.000000
306,76,2,C4_rot_180deg,21508.374411,-2500.000000,1975.456088,0.073993,0.000000,0.997259,0.997259,0.000000,-0.073993,4.243349,yes,,0.000000
307,76,3,C4_rot_270deg,21528.319587,-2520.000000,1973.976234,0.073993,0.000000,0.997259,0.997259,0.000000,-0.073993,4.243349,yes,,0.000000
308,77,0,C4_rot_0deg,21249.087128,-2500.000000,1994.694197,0.073993,0.000000,0.997259,0.997259,0.000000,-0.073993,4.243349,yes,,0.000000
309,77,1,C4_rot_90deg,21229.141952,-2480.000000,1996.174051,0.073993,0.000000,0.997259,0.997259,0.000000,-0.073993,4.243349,yes,,0.000000
310,77,2,C4_rot_180deg,21209.196777,-2500.000000,1997.653905,0.073993,0.000000,0.997259,0.997259,0.000000,-0.073993,4.243349,yes,,0.000000
311,77,3,C4_rot_270deg,21229.141952,-2520.000000,1996.174051,0.073993,0.000000,0.997259,0.997259,0.000000,-0.073993,4.243349,yes,,0.000000
312,78,0,C4_rot_0deg,20949.909494,-2500.000000,2016.892014,0.073993,0.000000,0.997259,0.997259,0.000000,-0.073993,4.243349,yes,,0.000000
313,78,1,C4_rot_90deg,20929.964318,-2480.000000,2018.371868,0.073993,0.000000,0.997259,0.997259,0.000000,-0.073993,4.243349,yes,,0.000000
314,78,2,C4_rot_180deg,20910.019142,-2500.000000,2019.851723,0.073993,0.000000,0.997259,0.997259,0.000000,-0.073993,4.243349,yes,,0.000000
315,78,3,C4_rot_270deg,20929.964318,-2520.000000,2018.371868,0.073993,0.000000,0.997259,0.997259,0.000000,-0.073993,4.243349,yes,,0.000000
316,79,0,C4_rot_0deg,20650.731859,-2500.000000,2039.089831,0.073993,0.000000,0.997259,0.997259,0.000000,-0.073993,4.243349,yes,,0.000000
317,79,1,C4_rot_90deg,20630.786684,-2480.000000,2040.569685,0.073993,0.000000,0.997259,0.997259,0.000000,-0.073993,4.243349,yes,,0.000000
318,79,2,C4_rot_180deg,20610.841508,-2500.000000,2042.049540,0.073993,0.000000,0.997259,0.997259,0.000000,-0.073993,4.243349,yes,,0.000000
319,79,3,C4_rot_270deg,20630.786684,-2520.000000,2040.569685,0.073993,0.000000,0.997259,0.997259,0.000000,-0.073993,4.243349,yes,,0.000000
320,80,0,C4_rot_0deg,20351.554225,-2500.000000,2061.287648,0.073993,0.000000,0.997259,0.997259,0.000000,-0.073993,4.243349,yes,,0.000000
321,80,1,C4_rot_90deg,20331.609049,-2480.000000,2062.767502,0.073993,0.000000,0.997259,0.997259,0.000000,-0.073993,4.243349,yes,,0.000000
322,80,2,C4_rot_180deg,20311.663874,-2500.000000,2064.247357,0.073993,0.000000,0.997259,0.997259,0.000000,-0.073993,4.243349,yes,,0.000000
323,80,3,C4_rot_270deg,20331.609049,-2520.000000,2062.767502,0.073993,0.000000,0.997259,0.997259,0.000000,-0.073993,4.243349,yes,,0.000000
324,81,0,C4_rot_0deg,20052.376590,-2500.000000,2083.485465,0.073993,0.000000,0.997259,0.997259,0.000000,-0.073993,4.243349,yes,,0.000000
325,81,1,C4_rot_90deg,20032.431415,-2480.000000,2084.965320,0.073993,0.000000,0.997259,0.997259,0.000000,-0.073993,4.243349,yes,,0.000000
326,81,2,C4_rot_180deg,20012.486239,-2500.000000,2086.445174,0.073993,0.000000,0.997259,0.997259,0.000000,-0.073993,4.243349,yes,,0.000000
327,81,3,C4_rot_270deg,20032.431415,-2520.000000,2084.965320,0.073993,0.000000,0.997259,0.997259,0.000000,-0.073993,4.243349,yes,,0.000000
328,82,0,C4_rot_0deg,19753.198956,-2500.000000,2105.683282,0.073993,0.000000,0.997259,0.997259,0.000000,-0.073993,4.243349,yes,,0.000000
329,82,1,C4_rot_90deg,19733.253780,-2480.000000,2107.163137,0.073993,0.000000,0.997259,0.997259,0.000000,-0.073993,4.243349,yes,,0.000000
330,82,2,C4_rot_180deg,19713.308605,-2500.000000,2108.642991,0.073993,0.000000,0.997259,0.997259,0.000000,-0.073993,4.243349,yes,,0.000000
331,82,3,C4_rot_270deg,19733.253780,-2520.000000,2107.163137,0.073993,0.000000,0.997259,0.997259,0.000000,-0.073993,4.243349,yes,,0.000000
332,83,0,C4_rot_0deg,19454.021322,-2500.000000,2127.881099,0.073993,0.000000,0.997259,0.997259,0.000000,-0.073993,4.243349,yes,,0.000000
333,83,1,C4_rot_90deg,19434.076146,-2480.000000,2129.360954,0.073993,0.000000,0.997259,0.997259,0.000000,-0.073993,4.243349,yes,,0.000000
334,83,2,C4_rot_180deg,19414.130970,-2500.000000,2130.840808,0.073993,0.000000,0.997259,0.997259,0.000000,-0.073993,4.243349,yes,,0.000000
335,83,3,C4_rot_270deg,19434.076146,-2520.000000,2129.360954,0.073993,0.000000,0.997259,0.997259,0.000000,-0.073993,4.243349,yes,,0.000000
336,84,0,C4_rot_0deg,19154.843687,-2500.000000,2150.078916,0.073993,0.000000,0.997259,0.997259,0.000000,-0.073993,4.243349,yes,,0.000000
337,84,1,C4_rot_90deg,19134.898512,-2480.000000,2151.558771,0.073993,0.000000,0.997259,0.997259,0.000000,-0.073993,4.243349,yes,,0.000000
338,84,2,C4_rot_180deg,19114.953336,-2500.000000,2153.038625,0.073993,0.000000,0.997259,0.997259,0.000000,-0.073993,4.243349,yes,,0.000000
339,84,3,C4_rot_270deg,19134.898512,-2520.000000,2151.558771,0.073993,0.000000,0.997259,0.997259,0.000000,-0.073993,4.243349,yes,,0.000000
340,85,0,C4_rot_0deg,18855.666053,-2500.000000,2172.276734,0.073993,0.000000,0.997259,0.997259,0.000000,-0.073993,4.243349,yes,,0.000000
341,85,1,C4_rot_90deg,18835.720877,-2480.000000,2173.756588,0.073993,0.000000,0.997259,0.997259,0.000000,-0.073993,4.243349,yes,,0.000000
342,85,2,C4_rot_180deg,18815.775702,-2500.000000,2175.236443,0.073993,0.000000,0.997259,0.997259,0.000000,-0.073993,4.243349,yes,,0.000000
343,85,3,C4_rot_270deg,18835.720877,-2520.000000,2173.756588,0.073993,0.000000,0.997259,0.997259,0.000000,-0.073993,4.243349,yes,,0.000000
344,86,0,C4_rot_0deg,18556.488418,-2500.000000,2194.474551,0.073993,0.000000,0.997259,0.997259,0.000000,-0.073993,4.243349,yes,,0.000000
345,86,1,C4_rot_90deg,18536.543243,-2480.000000,2195.954405,0.073993,0.000000,0.997259,0.997259,0.000000,-0.073993,4.243349,yes,,0.000000
346,86,2,C4_rot_180deg,18516.598067,-2500.000000,2197.434260,0.073993,0.000000,0.997259,0.997259,0.000000,-0.073993,4.243349,yes,,0.000000
347,86,3,C4_rot_270deg,18536.543243,-2520.000000,2195.954405,0.073993,0.000000,0.997259,0.997259,0.000000,-0.073993,4.243349,yes,,0.000000
348,87,0,C4_rot_0deg,18257.310784,-2500.000000,2216.672368,0.073993,0.000000,0.997259,0.997259,0.000000,-0.073993,4.243349,yes,,0.000000
349,87,1,C4_rot_90deg,18237.365608,-2480.000000,2218.152222,0.073993,0.000000,0.997259,0.997259,0.000000,-0.073993,4.243349,yes,,0.000000
350,87,2,C4_rot_180deg,18217.420433,-2500.000000,2219.632077,0.073993,0.000000,0.997259,0.997259,0.000000,-0.073993,4.243349,yes,,0.000000
351,87,3,C4_rot_270deg,18237.365608,-2520.000000,2218.152222,0.073993,0.000000,0.997259,0.997259,0.000000,-0.073993,4.243349,yes,,0.000000
352,88,0,C4_rot_0deg,17958.133150,-2500.000000,2238.870185,0.073993,0.000000,0.997259,0.997259,0.000000,-0.073993,4.243349,yes,,0.000000
353,88,1,C4_rot_90deg,17938.187974,-2480.000000,2240.350039,0.073993,0.000000,0.997259,0.997259,0.000000,-0.073993,4.243349,yes,,0.000000
354,88,2,C4_rot_180deg,17918.242798,-2500.000000,2241.829894,0.073993,0.000000,0.997259,0.997259,0.000000,-0.073993,4.243349,yes,,0.000000
355,88,3,C4_rot_270deg,17938.187974,-2520.000000,2240.350039,0.073993,0.000000,0.997259,0.997259,0.000000,-0.073993,4.243349,yes,,0.000000
356,89,0,C4_rot_0deg,17658.955515,-2500.000000,2261.068002,0.073993,0.000000,0.997259,0.997259,0.000000,-0.073993,4.243349,yes,,0.000000
357,89,1,C4_rot_90deg,17639.010340,-2480.000000,2262.547857,0.073993,0.000000,0.997259,0.997259,0.000000,-0.073993,4.243349,yes,,0.000000
358,89,2,C4_rot_180deg,17619.065164,-2500.000000,2264.027711,0.073993,0.000000,0.997259,0.997259,0.000000,-0.073993,4.243349,yes,,0.000000
359,89,3,C4_rot_270deg,17639.010340,-2520.000000,2262.547857,0.073993,0.000000,0.997259,0.997259,0.000000,-0.073993,4.243349,yes,,0.000000
360,90,0,C4_rot_0deg,17359.777881,-2500.000000,2283.265819,0.073993,0.000000,0.997259,0.997259,0.000000,-0.073993,4.243349,yes,,0.000000
361,90,1,C4_rot_90deg,17339.832705,-2480.000000,2284.745674,0.073993,0.000000,0.997259,0.997259,0.000000,-0.073993,4.243349,yes,,0.000000
362,90,2,C4_rot_180deg,17319.887530,-2500.000000,2286.225528,0.073993,0.000000,0.997259,0.997259,0.000000,-0.073993,4.243349,yes,,0.000000
363,90,3,C4_rot_270deg,17339.832705,-2520.000000,2284.745674,0.073993,0.000000,0.997259,0.997259,0.000000,-0.073993,4.243349,yes,,0.000000
364,91,0,C4_rot_0deg,17060.600247,-2500.000000,2305.463636,0.073993,0.000000,0.997259,0.997259,0.000000,-0.073993,4.243349,yes,,0.000000
365,91,1,C4_rot_90deg,17040.655071,-2480.000000,2306.943491,0.073993,0.000000,0.997259,0.997259,0.000000,-0.073993,4.243349,yes,,0.000000
366,91,2,C4_rot_180deg,17020.709895,-2500.000000,2308.423345,0.073993,0.000000,0.997259,0.997259,0.000000,-0.073993,4.243349,yes,,0.000000
367,91,3,C4_rot_270deg,17040.655071,-2520.000000,2306.943491,0.073993,0.000000,0.997259,0.997259,0.000000,-0.073993,4.243349,yes,,0.000000
368,92,0,C4_rot_0deg,16761.422612,-2500.000000,2327.661454,0.073993,0.000000,0.997259,0.997259,0.000000,-0.073993,4.243349,yes,,0.000000
369,92,1,C4_rot_90deg,16741.477437,-2480.000000,2329.141308,0.073993,0.000000,0.997259,0.997259,0.000000,-0.073993,4.243349,yes,,0.000000
370,92,2,C4_rot_180deg,16721.532261,-2500.000000,2330.621162,0.073993,0.000000,0.997259,0.997259,0.000000,-0.073993,4.243349,yes,,0.000000
371,92,3,C4_rot_270deg,16741.477437,-2520.000000,2329.141308,0.073993,0.000000,0.997259,0.997259,0.000000,-0.073993,4.243349,yes,,0.000000
372,93,0,C4_rot_0deg,26789.768657,6366.849045,1583.597172,0.073993,0.000000,0.997259,0.997259,0.000000,-0.073993,4.243349,yes,,0.000000
373,93,1,C4_rot_90deg,26769.823481,6386.849045,1585.077026,0.073993,0.000000,0.997259,0.997259,0.000000,-0.073993,4.243349,yes,,0.000000
374,93,2,C4_rot_180deg,26749.878306,6366.849045,1586.556881,0.073993,0.000000,0.997259,0.997259,0.000000,-0.073993,4.243349,yes,,0.000000
375,93,3,C4_rot_270deg,26769.823481,6346.849045,1585.077026,0.073993,0.000000,0.997259,0.997259,0.000000,-0.073993,4.243349,yes,,0.000000
376,94,0,C4_rot_0deg,27062.475818,6490.224071,1563.363361,0.073993,0.000000,0.997259,0.997259,0.000000,-0.073993,4.243349,yes,,0.000000
377,94,1,C4_rot_90deg,27042.530643,6510.224071,1564.843215,0.073993,0.000000,0.997259,0.997259,0.000000,-0.073993,4.243349,yes,,0.000000
378,94,2,C4_rot_180deg,27022.585467,6490.224071,1566.323070,0.073993,0.000000,0.997259,0.997259,0.000000,-0.073993,4.243349,yes,,0.000000
379,94,3,C4_rot_270deg,27042.530643,6470.224071,1564.843215,0.073993,0.000000,0.997259,0.997259,0.000000,-0.073993,4.243349,yes,,0.000000
380,95,0,C4_rot_0deg,27335.182980,6613.599097,1543.129550,0.073993,0.000000,0.997259,0.997259,0.000000,-0.073993,4.243349,yes,,0.000000
381,95,1,C4_rot_90deg,27315.237804,6633.599097,1544.609404,0.073993,0.000000,0.997259,0.997259,0.000000,-0.073993,4.243349,yes,,0.000000
382,95,2,C4_rot_180deg,27295.292628,6613.599097,1546.089259,0.073993,0.000000,0.997259,0.997259,0.000000,-0.073993,4.243349,yes,,0.000000
383,95,3,C4_rot_270deg,27315.237804,6593.599097,1544.609404,0.073993,0.000000,0.997259,0.997259,0.000000,-0.073993,4.243349,yes,,0.000000
384,96,0,C4_rot_0deg,27607.890141,6736.974123,1522.895739,0.073993,0.000000,0.997259,0.997259,0.000000,-0.073993,4.243349,yes,,0.000000
385,96,1,C4_rot_90deg,27587.944965,6756.974123,1524.375593,0.073993,0.000000,0.997259,0.997259,0.000000,-0.073993,4.243349,yes,,0.000000
386,96,2,C4_rot_180deg,27567.999790,6736.974123,1525.855448,0.073993,0.000000,0.997259,0.997259,0.000000,-0.073993,4.243349,yes,,0.000000
387,96,3,C4_rot_270deg,27587.944965,6716.974123,1524.375593,0.073993,0.000000,0.997259,0.997259,0.000000,-0.073993,4.243349,yes,,0.000000
388,97,0,C4_rot_0deg,27880.597302,6860.349149,1502.661928,0.073993,0.000000,0.997259,0.997259,0.000000,-0.073993,4.243349,yes,,0.000000
389,97,1,C4_rot_90deg,27860.652127,6880.349149,1504.141782,0.073993,0.000000,0.997259,0.997259,0.000000,-0.073993,4.243349,yes,,0.000000
390,97,2,C4_rot_180deg,27840.706951,6860.349149,1505.621637,0.073993,0.000000,0.997259,0.997259,0.000000,-0.073993,4.243349,yes,,0.000000
391,97,3,C4_rot_270deg,27860.652127,6840.349149,1504.141782,0.073993,0.000000,0.997259,0.997259,0.000000,-0.073993,4.243349,yes,,0.000000
392,98,0,C4_rot_0deg,28153.304464,6983.724175,1482.428117,0.073993,0.000000,0.997259,0.997259,0.000000,-0.073993,4.243349,yes,,0.000000
393,98,1,C4_rot_90deg,28133.359288,7003.724175,1483.907971,0.073993,0.000000,0.997259,0.997259,0.000000,-0.073993,4.243349,yes,,0.000000
394,98,2,C4_rot_180deg,28113.414113,6983.724175,1485.387826,0.073993,0.000000,0.997259,0.997259,0.000000,-0.073993,4.243349,yes,,0.000000
395,98,3,C4_rot_270deg,28133.359288,6963.724175,1483.907971,0.073993,0.000000,0.997259,0.997259,0.000000,-0.073993,4.243349,yes,,0.000000
396,99,0,C4_rot_0deg,28426.011625,7107.099201,1462.194306,0.073993,0.000000,0.997259,0.997259,0.000000,-0.073993,4.243349,yes,,0.000000
397,99,1,C4_rot_90deg,28406.066450,7127.099201,1463.674160,0.073993,0.000000,0.997259,0.997259,0.000000,-0.073993,4.243349,yes,,0.000000
398,99,2,C4_rot_180deg,28386.121274,7107.099201,1465.154015,0.073993,0.000000,0.997259,0.997259,0.000000,-0.073993,4.243349,yes,,0.000000
399,99,3,C4_rot_270deg,28406.066450,7087.099201,1463.674160,0.073993,0.000000,0.997259,0.997259,0.000000,-0.073993,4.243349,yes,,0.000000
400,100,0,C4_rot_0deg,28698.718787,7230.474227,1441.960495,0.073993,0.000000,0.997259,0.997259,0.000000,-0.073993,4.243349,yes,,0.000000
401,100,1,C4_rot_90deg,28678.773611,7250.474227,1443.440349,0.073993,0.000000,0.997259,0.997259,0.000000,-0.073993,4.243349,yes,,0.000000
402,100,2,C4_rot_180deg,28658.828435,7230.474227,1444.920204,0.073993,0.000000,0.997259,0.997259,0.000000,-0.073993,4.243349,yes,,0.000000
403,100,3,C4_rot_270deg,28678.773611,7210.474227,1443.440349,0.073993,0.000000,0.997259,0.997259,0.000000,-0.073993,4.243349,yes,,0.000000
404,101,0,C4_rot_0deg,28971.425948,7353.849253,1421.726684,0.073993,0.000000,0.997259,0.997259,0.000000,-0.073993,4.243349,yes,,0.000000
405,101,1,C4_rot_90deg,28951.480772,7373.849253,1423.206538,0.073993,0.000000,0.997259,0.997259,0.000000,-0.073993,4.243349,yes,,0.000000
406,101,2,C4_rot_180deg,28931.535597,7353.849253,1424.686393,0.073993,0.000000,0.997259,0.997259,0.000000,-0.073993,4.243349,yes,,0.000000
407,101,3,C4_rot_270deg,28951.480772,7333.849253,1423.206538,0.073993,0.000000,0.997259,0.997259,0.000000,-0.073993,4.243349,yes,,0.000000
408,102,0,C4_rot_0deg,29244.133109,7477.224279,1401.492873,0.073993,0.000000,0.997259,0.997259,0.000000,-0.073993,4.243349,yes,,0.000000
409,102,1,C4_rot_90deg,29224.187934,7497.224279,1402.972727,0.073993,0.000000,0.997259,0.997259,0.000000,-0.073993,4.243349,yes,,0.000000
410,102,2,C4_rot_180deg,29204.242758,7477.224279,1404.452582,0.073993,0.000000,0.997259,0.997259,0.000000,-0.073993,4.243349,yes,,0.000000
411,102,3,C4_rot_270deg,29224.187934,7457.224279,1402.972727,0.073993,0.000000,0.997259,0.997259,0.000000,-0.073993,4.243349,yes,,0.000000
412,103,0,C4_rot_0deg,29516.840271,7600.599305,1381.259062,0.073993,0.000000,0.997259,0.997259,0.000000,-0.073993,4.243349,yes,,0.000000
413,103,1,C4_rot_90deg,29496.895095,7620.599305,1382.738917,0.073993,0.000000,0.997259,0.997259,0.000000,-0.073993,4.243349,yes,,0.000000
414,103,2,C4_rot_180deg,29476.949920,7600.599305,1384.218771,0.073993,0.000000,0.997259,0.997259,0.000000,-0.073993,4.243349,yes,,0.000000
415,103,3,C4_rot_270deg,29496.895095,7580.599305,1382.738917,0.073993,0.000000,0.997259,0.997259,0.000000,-0.073993,4.243349,yes,,0.000000
416,104,0,C4_rot_0deg,29789.547432,7723.974331,1361.025251,0.073993,0.000000,0.997259,0.997259,0.000000,-0.073993,4.243349,yes,,0.000000
417,104,1,C4_rot_90deg,29769.602257,7743.974331,1362.505106,0.073993,0.000000,0.997259,0.997259,0.000000,-0.073993,4.243349,yes,,0.000000
418,104,2,C4_rot_180deg,29749.657081,7723.974331,1363.984960,0.073993,0.000000,0.997259,0.997259,0.000000,-0.073993,4.243349,yes,,0.000000
419,104,3,C4_rot_270deg,29769.602257,7703.974331,1362.505106,0.073993,0.000000,0.997259,0.997259,0.000000,-0.073993,4.243349,yes,,0.000000
420,105,0,C4_rot_0deg,30062.254594,7847.349357,1340.791440,0.073993,0.000000,0.997259,0.997259,0.000000,-0.073993,4.243349,yes,,0.000000
421,105,1,C4_rot_90deg,30042.309418,7867.349357,1342.271295,0.073993,0.000000,0.997259,0.997259,0.000000,-0.073993,4.243349,yes,,0.000000
422,105,2,C4_rot_180deg,30022.364242,7847.349357,1343.751149,0.073993,0.000000,0.997259,0.997259,0.000000,-0.073993,4.243349,yes,,0.000000
423,105,3,C4_rot_270deg,30042.309418,7827.349357,1342.271295,0.073993,0.000000,0.997259,0.997259,0.000000,-0.073993,4.243349,yes,,0.000000
424,106,0,C4_rot_0deg,30334.961755,7970.724383,1320.557629,0.073993,0.000000,0.997259,0.997259,0.000000,-0.073993,4.243349,yes,,0.000000
425,106,1,C4_rot_90deg,30315.016579,7990.724383,1322.037484,0.073993,0.000000,0.997259,0.997259,0.000000,-0.073993,4.243349,yes,,0.000000
426,106,2,C4_rot_180deg,30295.071404,7970.724383,1323.517338,0.073993,0.000000,0.997259,0.997259,0.000000,-0.073993,4.243349,yes,,0.000000
427,106,3,C4_rot_270deg,30315.016579,7950.724383,1322.037484,0.073993,0.000000,0.997259,0.997259,0.000000,-0.073993,4.243349,yes,,0.000000
428,107,0,C4_rot_0deg,30607.668916,8094.099409,1300.323818,0.073993,0.000000,0.997259,0.997259,0.000000,-0.073993,4.243349,yes,,0.000000
429,107,1,C4_rot_90deg,30587.723741,8114.099409,1301.803673,0.073993,0.000000,0.997259,0.997259,0.000000,-0.073993,4.243349,yes,,0.000000
430,107,2,C4_rot_180deg,30567.778565,8094.099409,1303.283527,0.073993,0.000000,0.997259,0.997259,0.000000,-0.073993,4.243349,yes,,0.000000
431,107,3,C4_rot_270deg,30587.723741,8074.099409,1301.803673,0.073993,0.000000,0.997259,0.997259,0.000000,-0.073993,4.243349,yes,,0.000000
432,108,0,C4_rot_0deg,30880.376078,8217.474435,1280.090007,0.073993,0.000000,0.997259,0.997259,0.000000,-0.073993,4.243349,yes,,0.000000
433,108,1,C4_rot_90deg,30860.430902,8237.474435,1281.569862,0.073993,0.000000,0.997259,0.997259,0.000000,-0.073993,4.243349,yes,,0.000000
434,108,2,C4_rot_180deg,30840.485726,8217.474435,1283.049716,0.073993,0.000000,0.997259,0.997259,0.000000,-0.073993,4.243349,yes,,0.000000
435,108,3,C4_rot_270deg,30860.430902,8197.474435,1281.569862,0.073993,0.000000,0.997259,0.997259,0.000000,-0.073993,4.243349,yes,,0.000000
436,109,0,C4_rot_0deg,31153.083239,8340.849461,1259.856196,0.073993,0.000000,0.997259,0.997259,0.000000,-0.073993,4.243349,yes,,0.000000
437,109,1,C4_rot_90deg,31133.138063,8360.849461,1261.336051,0.073993,0.000000,0.997259,0.997259,0.000000,-0.073993,4.243349,yes,,0.000000
438,109,2,C4_rot_180deg,31113.192888,8340.849461,1262.815905,0.073993,0.000000,0.997259,0.997259,0.000000,-0.073993,4.243349,yes,,0.000000
439,109,3,C4_rot_270deg,31133.138063,8320.849461,1261.336051,0.073993,0.000000,0.997259,0.997259,0.000000,-0.073993,4.243349,yes,,0.000000
440,110,0,C4_rot_0deg,31425.790400,8464.224487,1239.622385,0.073993,0.000000,0.997259,0.997259,0.000000,-0.073993,4.243349,yes,,0.000000
441,110,1,C4_rot_90deg,31405.845225,8484.224487,1241.102240,0.073993,0.000000,0.997259,0.997259,0.000000,-0.073993,4.243349,yes,,0.000000
442,110,2,C4_rot_180deg,31385.900049,8464.224487,1242.582094,0.073993,0.000000,0.997259,0.997259,0.000000,-0.073993,4.243349,yes,,0.000000
443,110,3,C4_rot_270deg,31405.845225,8444.224487,1241.102240,0.073993,0.000000,0.997259,0.997259,0.000000,-0.073993,4.243349,yes,,0.000000
444,111,0,C4_rot_0deg,31698.497562,8587.599513,1219.388574,0.073993,0.000000,0.997259,0.997259,0.000000,-0.073993,4.243349,yes,,0.000000
445,111,1,C4_rot_90deg,31678.552386,8607.599513,1220.868429,0.073993,0.000000,0.997259,0.997259,0.000000,-0.073993,4.243349,yes,,0.000000
446,111,2,C4_rot_180deg,31658.607211,8587.599513,1222.348283,0.073993,0.000000,0.997259,0.997259,0.000000,-0.073993,4.243349,yes,,0.000000
447,111,3,C4_rot_270deg,31678.552386,8567.599513,1220.868429,0.073993,0.000000,0.997259,0.997259,0.000000,-0.073993,4.243349,yes,,0.000000
448,112,0,C4_rot_0deg,31971.204723,8710.974538,1199.154763,0.073993,0.000000,0.997259,0.997259,0.000000,-0.073993,4.243349,yes,,0.000000
449,112,1,C4_rot_90deg,31951.259548,8730.974538,1200.634618,0.073993,0.000000,0.997259,0.997259,0.000000,-0.073993,4.243349,yes,,0.000000
450,112,2,C4_rot_180deg,31931.314372,8710.974538,1202.114472,0.073993,0.000000,0.997259,0.997259,0.000000,-0.073993,4.243349,yes,,0.000000
451,112,3,C4_rot_270deg,31951.259548,8690.974538,1200.634618,0.073993,0.000000,0.997259,0.997259,0.000000,-0.073993,4.243349,yes,,0.000000
452,113,0,C4_rot_0deg,32243.911885,8834.349564,1178.920952,0.073993,0.000000,0.997259,0.997259,0.000000,-0.073993,4.243349,yes,,0.000000
453,113,1,C4_rot_90deg,32223.966709,8854.349564,1180.400807,0.073993,0.000000,0.997259,0.997259,0.000000,-0.073993,4.243349,yes,,0.000000
454,113,2,C4_rot_180deg,32204.021533,8834.349564,1181.880661,0.073993,0.000000,0.997259,0.997259,0.000000,-0.073993,4.243349,yes,,0.000000
455,113,3,C4_rot_270deg,32223.966709,8814.349564,1180.400807,0.073993,0.000000,0.997259,0.997259,0.000000,-0.073993,4.243349,yes,,0.000000
456,114,0,C4_rot_0deg,32516.619046,8957.724590,1158.687141,0.073993,0.000000,0.997259,0.997259,0.000000,-0.073993,4.243349,yes,,0.000000
457,114,1,C4_rot_90deg,32496.673870,8977.724590,1160.166996,0.073993,0.000000,0.997259,0.997259,0.000000,-0.073993,4.243349,yes,,0.000000
458,114,2,C4_rot_180deg,32476.728695,8957.724590,1161.646850,0.073993,0.000000,0.997259,0.997259,0.000000,-0.073993,4.243349,yes,,0.000000
459,114,3,C4_rot_270deg,32496.673870,8937.724590,1160.166996,0.073993,0.000000,0.997259,0.997259,0.000000,-0.073993,4.243349,yes,,0.000000
460,115,0,C4_rot_0deg,32789.326207,9081.099616,1138.453330,0.073993,0.000000,0.997259,0.997259,0.000000,-0.073993,4.243349,yes,,0.000000
461,115,1,C4_rot_90deg,32769.381032,9101.099616,1139.933185,0.073993,0.000000,0.997259,0.997259,0.000000,-0.073993,4.243349,yes,,0.000000
462,115,2,C4_rot_180deg,32749.435856,9081.099616,1141.413039,0.073993,0.000000,0.997259,0.997259,0.000000,-0.073993,4.243349,yes,,0.000000
463,115,3,C4_rot_270deg,32769.381032,9061.099616,1139.933185,0.073993,0.000000,0.997259,0.997259,0.000000,-0.073993,4.243349,yes,,0.000000
464,116,0,C4_rot_0deg,33062.033369,9204.474642,1118.219519,0.073993,0.000000,0.997259,0.997259,0.000000,-0.073993,4.243349,yes,,0.000000
465,116,1,C4_rot_90deg,33042.088193,9224.474642,1119.699374,0.073993,0.000000,0.997259,0.997259,0.000000,-0.073993,4.243349,yes,,0.000000
466,116,2,C4_rot_180deg,33022.143017,9204.474642,1121.179228,0.073993,0.000000,0.997259,0.997259,0.000000,-0.073993,4.243349,yes,,0.000000
467,116,3,C4_rot_270deg,33042.088193,9184.474642,1119.699374,0.073993,0.000000,0.997259,0.997259,0.000000,-0.073993,4.243349,yes,,0.000000
468,117,0,C4_rot_0deg,33334.740530,9327.849668,1097.985708,0.073993,0.000000,0.997259,0.997259,0.000000,-0.073993,4.243349,yes,,0.000000
469,117,1,C4_rot_90deg,33314.795354,9347.849668,1099.465563,0.073993,0.000000,0.997259,0.997259,0.000000,-0.073993,4.243349,yes,,0.000000
470,117,2,C4_rot_180deg,33294.850179,9327.849668,1100.945417,0.073993,0.000000,0.997259,0.997259,0.000000,-0.073993,4.243349,yes,,0.000000
471,117,3,C4_rot_270deg,33314.795354,9307.849668,1099.465563,0.073993,0.000000,0.997259,0.997259,0.000000,-0.073993,4.243349,yes,,0.000000
472,118,0,C4_rot_0deg,33607.447691,9451.224694,1077.751898,0.073993,0.000000,0.997259,0.997259,0.000000,-0.073993,4.243349,yes,,0.000000
473,118,1,C4_rot_90deg,33587.502516,9471.224694,1079.231752,0.073993,0.000000,0.997259,0.997259,0.000000,-0.073993,4.243349,yes,,0.000000
474,118,2,C4_rot_180deg,33567.557340,9451.224694,1080.711606,0.073993,0.000000,0.997259,0.997259,0.000000,-0.073993,4.243349,yes,,0.000000
475,118,3,C4_rot_270deg,33587.502516,9431.224694,1079.231752,0.073993,0.000000,0.997259,0.997259,0.000000,-0.073993,4.243349,yes,,0.000000
476,119,0,C4_rot_0deg,33880.154853,9574.599720,1057.518087,0.073993,0.000000,0.997259,0.997259,0.000000,-0.073993,4.243349,yes,,0.000000
477,119,1,C4_rot_90deg,33860.209677,9594.599720,1058.997941,0.073993,0.000000,0.997259,0.997259,0.000000,-0.073993,4.243349,yes,,0.000000
478,119,2,C4_rot_180deg,33840.264502,9574.599720,1060.477796,0.073993,0.000000,0.997259,0.997259,0.000000,-0.073993,4.243349,yes,,0.000000
479,119,3,C4_rot_270deg,33860.209677,9554.599720,1058.997941,0.073993,0.000000,0.997259,0.997259,0.000000,-0.073993,4.243349,yes,,0.000000
480,120,0,C4_rot_0deg,34152.862014,9697.974746,1037.284276,0.073993,0.000000,0.997259,0.997259,0.000000,-0.073993,4.243349,yes,,0.000000
481,120,1,C4_rot_90deg,34132.916839,9717.974746,1038.764130,0.073993,0.000000,0.997259,0.997259,0.000000,-0.073993,4.243349,yes,,0.000000
482,120,2,C4_rot_180deg,34112.971663,9697.974746,1040.243985,0.073993,0.000000,0.997259,0.997259,0.000000,-0.073993,4.243349,yes,,0.000000
483,120,3,C4_rot_270deg,34132.916839,9677.974746,1038.764130,0.073993,0.000000,0.997259,0.997259,0.000000,-0.073993,4.243349,yes,,0.000000
484,121,0,C4_rot_0deg,34425.569176,9821.349772,1017.050465,0.073993,0.000000,0.997259,0.997259,0.000000,-0.073993,4.243349,yes,,0.000000
485,121,1,C4_rot_90deg,34405.624000,9841.349772,1018.530319,0.073993,0.000000,0.997259,0.997259,0.000000,-0.073993,4.243349,yes,,0.000000
486,121,2,C4_rot_180deg,34385.678824,9821.349772,1020.010174,0.073993,0.000000,0.997259,0.997259,0.000000,-0.073993,4.243349,yes,,0.000000
487,121,3,C4_rot_270deg,34405.624000,9801.349772,1018.530319,0.073993,0.000000,0.997259,0.997259,0.000000,-0.073993,4.243349,yes,,0.000000
488,122,0,C4_rot_0deg,34698.276337,9944.724798,996.816654,0.073993,0.000000,0.997259,0.997259,0.000000,-0.073993,4.243349,yes,,0.000000
489,122,1,C4_rot_90deg,34678.331161,9964.724798,998.296508,0.073993,0.000000,0.997259,0.997259,0.000000,-0.073993,4.243349,yes,,0.000000
490,122,2,C4_rot_180deg,34658.385986,9944.724798,999.776363,0.073993,0.000000,0.997259,0.997259,0.000000,-0.073993,4.243349,yes,,0.000000
491,122,3,C4_rot_270deg,34678.331161,9924.724798,998.296508,0.073993,0.000000,0.997259,0.997259,0.000000,-0.073993,4.243349,yes,,0.000000
492,123,0,C4_rot_0deg,34970.983498,10068.099824,976.582843,0.073993,0.000000,0.997259,0.997259,0.000000,-0.073993,4.243349,yes,,0.000000
493,123,1,C4_rot_90deg,34951.038323,10088.099824,978.062697,0.073993,0.000000,0.997259,0.997259,0.000000,-0.073993,4.243349,yes,,0.000000
494,123,2,C4_rot_180deg,34931.093147,10068.099824,979.542552,0.073993,0.000000,0.997259,0.997259,0.000000,-0.073993,4.243349,yes,,0.000000
495,123,3,C4_rot_270deg,34951.038323,10048.099824,978.062697,0.073993,0.000000,0.997259,0.997259,0.000000,-0.073993,4.243349,yes,,0.000000
496,124,0,C4_rot_0deg,35243.690660,10191.474850,956.349032,0.073993,0.000000,0.997259,0.997259,0.000000,-0.073993,4.243349,yes,,0.000000
497,124,1,C4_rot_90deg,35223.745484,10211.474850,957.828886,0.073993,0.000000,0.997259,0.997259,0.000000,-0.073993,4.243349,yes,,0.000000
498,124,2,C4_rot_180deg,35203.800308,10191.474850,959.308741,0.073993,0.000000,0.997259,0.997259,0.000000,-0.073993,4.243349,yes,,0.000000
499,124,3,C4_rot_270deg,35223.745484,10171.474850,957.828886,0.073993,0.000000,0.997259,0.997259,0.000000,-0.073993,4.243349,yes,,0.000000
500,125,0,C4_rot_0deg,35516.397821,10314.849876,936.115221,0.073993,0.000000,0.997259,0.997259,0.000000,-0.073993,4.243349,yes,,0.000000
501,125,1,C4_rot_90deg,35496.452645,10334.849876,937.595075,0.073993,0.000000,0.997259,0.997259,0.000000,-0.073993,4.243349,yes,,0.000000
502,125,2,C4_rot_180deg,35476.507470,10314.849876,939.074930,0.073993,0.000000,0.997259,0.997259,0.000000,-0.073993,4.243349,yes,,0.000000
503,125,3,C4_rot_270deg,35496.452645,10294.849876,937.595075,0.073993,0.000000,0.997259,0.997259,0.000000,-0.073993,4.243349,yes,,0.000000
504,126,0,C4_rot_0deg,35789.104982,10438.224902,915.881410,0.073993,0.000000,0.997259,0.997259,0.000000,-0.073993,4.243349,yes,,0.000000
505,126,1,C4_rot_90deg,35769.159807,10458.224902,917.361264,0.073993,0.000000,0.997259,0.997259,0.000000,-0.073993,4.243349,yes,,0.000000
506,126,2,C4_rot_180deg,35749.214631,10438.224902,918.841119,0.073993,0.000000,0.997259,0.997259,0.000000,-0.073993,4.243349,yes,,0.000000
507,126,3,C4_rot_270deg,35769.159807,10418.224902,917.361264,0.073993,0.000000,0.997259,0.997259,0.000000,-0.073993,4.243349,yes,,0.000000
508,127,0,C4_rot_0deg,36061.812144,10561.599928,895.647599,0.073993,0.000000,0.997259,0.997259,0.000000,-0.073993,4.243349,yes,,0.000000
509,127,1,C4_rot_90deg,36041.866968,10581.599928,897.127453,0.073993,0.000000,0.997259,0.997259,0.000000,-0.073993,4.243349,yes,,0.000000
510,127,2,C4_rot_180deg,36021.921793,10561.599928,898.607308,0.073993,0.000000,0.997259,0.997259,0.000000,-0.073993,4.243349,yes,,0.000000
511,127,3,C4_rot_270deg,36041.866968,10541.599928,897.127453,0.073993,0.000000,0.997259,0.997259,0.000000,-0.073993,4.243349,yes,,0.000000
512,128,0,C4_rot_0deg,36334.519305,10684.974954,875.413788,0.073993,0.000000,0.997259,0.997259,0.000000,-0.073993,4.243349,yes,,0.000000
513,128,1,C4_rot_90deg,36314.574130,10704.974954,876.893642,0.073993,0.000000,0.997259,0.997259,0.000000,-0.073993,4.243349,yes,,0.000000
514,128,2,C4_rot_180deg,36294.628954,10684.974954,878.373497,0.073993,0.000000,0.997259,0.997259,0.000000,-0.073993,4.243349,yes,,0.000000
515,128,3,C4_rot_270deg,36314.574130,10664.974954,876.893642,0.073993,0.000000,0.997259,0.997259,0.000000,-0.073993,4.243349,yes,,0.000000
516,129,0,C4_rot_0deg,36607.226467,10808.349980,855.179977,0.073993,0.000000,0.997259,0.997259,0.000000,-0.073993,4.243349,yes,,0.000000
517,129,1,C4_rot_90deg,36587.281291,10828.349980,856.659831,0.073993,0.000000,0.997259,0.997259,0.000000,-0.073993,4.243349,yes,,0.000000
518,129,2,C4_rot_180deg,36567.336115,10808.349980,858.139686,0.073993,0.000000,0.997259,0.997259,0.000000,-0.073993,4.243349,yes,,0.000000
519,129,3,C4_rot_270deg,36587.281291,10788.349980,856.659831,0.073993,0.000000,0.997259,0.997259,0.000000,-0.073993,4.243349,yes,,0.000000
520,130,0,C4_rot_0deg,36879.933628,10931.725006,834.946166,0.073993,0.000000,0.997259,0.997259,0.000000,-0.073993,4.243349,yes,,0.000000
521,130,1,C4_rot_90deg,36859.988452,10951.725006,836.426020,0.073993,0.000000,0.997259,0.997259,0.000000,-0.073993,4.243349,yes,,0.000000
522,130,2,C4_rot_180deg,36840.043277,10931.725006,837.905875,0.073993,0.000000,0.997259,0.997259,0.000000,-0.073993,4.243349,yes,,0.000000
523,130,3,C4_rot_270deg,36859.988452,10911.725006,836.426020,0.073993,0.000000,0.997259,0.997259,0.000000,-0.073993,4.243349,yes,,0.000000
524,131,0,C4_rot_0deg,37152.640789,11055.100031,814.712355,0.073993,0.000000,0.997259,0.997259,0.000000,-0.073993,4.243349,yes,,0.000000
525,131,1,C4_rot_90deg,37132.695614,11075.100031,816.192209,0.073993,0.000000,0.997259,0.997259,0.000000,-0.073993,4.243349,yes,,0.000000
526,131,2,C4_rot_180deg,37112.750438,11055.100031,817.672064,0.073993,0.000000,0.997259,0.997259,0.000000,-0.073993,4.243349,yes,,0.000000
527,131,3,C4_rot_270deg,37132.695614,11035.100031,816.192209,0.073993,0.000000,0.997259,0.997259,0.000000,-0.073993,4.243349,yes,,0.000000
528,132,0,C4_rot_0deg,37425.347951,11178.475057,794.478544,0.073993,0.000000,0.997259,0.997259,0.000000,-0.073993,4.243349,yes,,0.000000
529,132,1,C4_rot_90deg,37405.402775,11198.475057,795.958398,0.073993,0.000000,0.997259,0.997259,0.000000,-0.073993,4.243349,yes,,0.000000
530,132,2,C4_rot_180deg,37385.457599,11178.475057,797.438253,0.073993,0.000000,0.997259,0.997259,0.000000,-0.073993,4.243349,yes,,0.000000
531,132,3,C4_rot_270deg,37405.402775,11158.475057,795.958398,0.073993,0.000000,0.997259,0.997259,0.000000,-0.073993,4.243349,yes,,0.000000
532,133,0,C4_rot_0deg,37698.055112,11301.850083,774.244733,0.073993,0.000000,0.997259,0.997259,0.000000,-0.073993,4.243349,yes,,0.000000
533,133,1,C4_rot_90deg,37678.109936,11321.850083,775.724588,0.073993,0.000000,0.997259,0.997259,0.000000,-0.073993,4.243349,yes,,0.000000
534,133,2,C4_rot_180deg,37658.164761,11301.850083,777.204442,0.073993,0.000000,0.997259,0.997259,0.000000,-0.073993,4.243349,yes,,0.000000
535,133,3,C4_rot_270deg,37678.109936,11281.850083,775.724588,0.073993,0.000000,0.997259,0.997259,0.000000,-0.073993,4.243349,yes,,0.000000
536,134,0,C4_rot_0deg,37970.762273,11425.225109,754.010922,0.073993,0.000000,0.997259,0.997259,0.000000,-0.073993,4.243349,yes,,0.000000
537,134,1,C4_rot_90deg,37950.817098,11445.225109,755.490777,0.073993,0.000000,0.997259,0.997259,0.000000,-0.073993,4.243349,yes,,0.000000
538,134,2,C4_rot_180deg,37930.871922,11425.225109,756.970631,0.073993,0.000000,0.997259,0.997259,0.000000,-0.073993,4.243349,yes,,0.000000
539,134,3,C4_rot_270deg,37950.817098,11405.225109,755.490777,0.073993,0.000000,0.997259,0.997259,0.000000,-0.073993,4.243349,yes,,0.000000
540,135,0,C4_rot_0deg,38243.469435,11548.600135,733.777111,0.073993,0.000000,0.997259,0.997259,0.000000,-0.073993,4.243349,yes,,0.000000
541,135,1,C4_rot_90deg,38223.524259,11568.600135,735.256966,0.073993,0.000000,0.997259,0.997259,0.000000,-0.073993,4.243349,yes,,0.000000
542,135,2,C4_rot_180deg,38203.579084,11548.600135,736.736820,0.073993,0.000000,0.997259,0.997259,0.000000,-0.073993,4.243349,yes,,0.000000
543,135,3,C4_rot_270deg,38223.524259,11528.600135,735.256966,0.073993,0.000000,0.997259,0.997259,0.000000,-0.073993,4.243349,yes,,0.000000
544,136,0,C4_rot_0deg,38516.176596,11671.975161,713.543300,0.073993,0.000000,0.997259,0.997259,0.000000,-0.073993,4.243349,yes,,0.000000
545,136,1,C4_rot_90deg,38496.231421,11691.975161,715.023155,0.073993,0.000000,0.997259,0.997259,0.000000,-0.073993,4.243349,yes,,0.000000
546,136,2,C4_rot_180deg,38476.286245,11671.975161,716.503009,0.073993,0.000000,0.997259,0.997259,0.000000,-0.073993,4.243349,yes,,0.000000
547,136,3,C4_rot_270deg,38496.231421,11651.975161,715.023155,0.073993,0.000000,0.997259,0.997259,0.000000,-0.073993,4.243349,yes,,0.000000
548,137,0,C4_rot_0deg,38788.883758,11795.350187,693.309489,0.073993,0.000000,0.997259,0.997259,0.000000,-0.073993,4.243349,yes,,0.000000
549,137,1,C4_rot_90deg,38768.938582,11815.350187,694.789344,0.073993,0.000000,0.997259,0.997259,0.000000,-0.073993,4.243349,yes,,0.000000
550,137,2,C4_rot_180deg,38748.993406,11795.350187,696.269198,0.073993,0.000000,0.997259,0.997259,0.000000,-0.073993,4.243349,yes,,0.000000
551,137,3,C4_rot_270deg,38768.938582,11775.350187,694.789344,0.073993,0.000000,0.997259,0.997259,0.000000,-0.073993,4.243349,yes,,0.000000
552,138,0,C4_rot_0deg,39061.590919,11918.725213,673.075678,0.073993,0.000000,0.997259,0.997259,0.000000,-0.073993,4.243349,yes,,0.000000
553,138,1,C4_rot_90deg,39041.645743,11938.725213,674.555533,0.073993,0.000000,0.997259,0.997259,0.000000,-0.073993,4.243349,yes,,0.000000
554,138,2,C4_rot_180deg,39021.700568,11918.725213,676.035387,0.073993,0.000000,0.997259,0.997259,0.000000,-0.073993,4.243349,yes,,0.000000
555,138,3,C4_rot_270deg,39041.645743,11898.725213,674.555533,0.073993,0.000000,0.997259,0.997259,0.000000,-0.073993,4.243349,yes,,0.000000
556,139,0,C4_rot_0deg,39334.298080,12042.100239,652.841867,0.073993,0.000000,0.997259,0.997259,0.000000,-0.073993,4.243349,yes,,0.000000
557,139,1,C4_rot_90deg,39314.352905,12062.100239,654.321722,0.073993,0.000000,0.997259,0.997259,0.000000,-0.073993,4.243349,yes,,0.000000
558,139,2,C4_rot_180deg,39294.407729,12042.100239,655.801576,0.073993,0.000000,0.997259,0.997259,0.000000,-0.073993,4.243349,yes,,0.000000
559,139,3,C4_rot_270deg,39314.352905,12022.100239,654.321722,0.073993,0.000000,0.997259,0.997259,0.000000,-0.073993,4.243349,yes,,0.000000
560,140,0,C4_rot_0deg,39607.005242,12165.475265,632.608056,0.073993,0.000000,0.997259,0.997259,0.000000,-0.073993,4.243349,yes,,0.000000
561,140,1,C4_rot_90deg,39587.060066,12185.475265,634.087911,0.073993,0.000000,0.997259,0.997259,0.000000,-0.073993,4.243349,yes,,0.000000
562,140,2,C4_rot_180deg,39567.114890,12165.475265,635.567765,0.073993,0.000000,0.997259,0.997259,0.000000,-0.073993,4.243349,yes,,0.000000
563,140,3,C4_rot_270deg,39587.060066,12145.475265,634.087911,0.073993,0.000000,0.997259,0.997259,0.000000,-0.073993,4.243349,yes,,0.000000
564,141,0,C4_rot_0deg,39879.712403,12288.850291,612.374245,0.073993,0.000000,0.997259,0.997259,0.000000,-0.073993,4.243349,yes,,0.000000
565,141,1,C4_rot_90deg,39859.767227,12308.850291,613.854100,0.073993,0.000000,0.997259,0.997259,0.000000,-0.073993,4.243349,yes,,0.000000
566,141,2,C4_rot_180deg,39839.822052,12288.850291,615.333954,0.073993,0.000000,0.997259,0.997259,0.000000,-0.073993,4.243349,yes,,0.000000
567,141,3,C4_rot_270deg,39859.767227,12268.850291,613.854100,0.073993,0.000000,0.997259,0.997259,0.000000,-0.073993,4.243349,yes,,0.000000
568,142,0,C4_rot_0deg,40152.419564,12412.225317,592.140434,0.073993,0.000000,0.997259,0.997259,0.000000,-0.073993,4.243349,yes,,0.000000
569,142,1,C4_rot_90deg,40132.474389,12432.225317,593.620289,0.073993,0.000000,0.997259,0.997259,0.000000,-0.073993,4.243349,yes,,0.000000
570,142,2,C4_rot_180deg,40112.529213,12412.225317,595.100143,0.073993,0.000000,0.997259,0.997259,0.000000,-0.073993,4.243349,yes,,0.000000
571,142,3,C4_rot_270deg,40132.474389,12392.225317,593.620289,0.073993,0.000000,0.997259,0.997259,0.000000,-0.073993,4.243349,yes,,0.000000
572,143,0,C4_rot_0deg,40425.126726,12535.600343,571.906623,0.073993,0.000000,0.997259,0.997259,0.000000,-0.073993,4.243349,yes,,0.000000
573,143,1,C4_rot_90deg,40405.181550,12555.600343,573.386478,0.073993,0.000000,0.997259,0.997259,0.000000,-0.073993,4.243349,yes,,0.000000
574,143,2,C4_rot_180deg,40385.236375,12535.600343,574.866332,0.073993,0.000000,0.997259,0.997259,0.000000,-0.073993,4.243349,yes,,0.000000
575,143,3,C4_rot_270deg,40405.181550,12515.600343,573.386478,0.073993,0.000000,0.997259,0.997259,0.000000,-0.073993,4.243349,yes,,0.000000
576,144,0,C4_rot_0deg,40697.833887,12658.975369,551.672812,0.073993,0.000000,0.997259,0.997259,0.000000,-0.073993,4.243349,yes,,0.000000
577,144,1,C4_rot_90deg,40677.888712,12678.975369,553.152667,0.073993,0.000000,0.997259,0.997259,0.000000,-0.073993,4.243349,yes,,0.000000
578,144,2,C4_rot_180deg,40657.943536,12658.975369,554.632521,0.073993,0.000000,0.997259,0.997259,0.000000,-0.073993,4.243349,yes,,0.000000
579,144,3,C4_rot_270deg,40677.888712,12638.975369,553.152667,0.073993,0.000000,0.997259,0.997259,0.000000,-0.073993,4.243349,yes,,0.000000
580,145,0,C4_rot_0deg,40970.541049,12782.350395,531.439001,0.073993,0.000000,0.997259,0.997259,0.000000,-0.073993,4.243349,yes,,0.000000
581,145,1,C4_rot_90deg,40950.595873,12802.350395,532.918856,0.073993,0.000000,0.997259,0.997259,0.000000,-0.073993,4.243349,yes,,0.000000
582,145,2,C4_rot_180deg,40930.650697,12782.350395,534.398710,0.073993,0.000000,0.997259,0.997259,0.000000,-0.073993,4.243349,yes,,0.000000
583,145,3,C4_rot_270deg,40950.595873,12762.350395,532.918856,0.073993,0.000000,0.997259,0.997259,0.000000,-0.073993,4.243349,yes,,0.000000
584,146,0,C4_rot_0deg,41243.248210,12905.725421,511.205190,0.073993,0.000000,0.997259,0.997259,0.000000,-0.073993,4.243349,yes,,0.000000
585,146,1,C4_rot_90deg,41223.303034,12925.725421,512.685045,0.073993,0.000000,0.997259,0.997259,0.000000,-0.073993,4.243349,yes,,0.000000
586,146,2,C4_rot_180deg,41203.357859,12905.725421,514.164899,0.073993,0.000000,0.997259,0.997259,0.000000,-0.073993,4.243349,yes,,0.000000
587,146,3,C4_rot_270deg,41223.303034,12885.725421,512.685045,0.073993,0.000000,0.997259,0.997259,0.000000,-0.073993,4.243349,yes,,0.000000
588,147,0,C4_rot_0deg,26789.768657,-6366.849045,1583.597172,0.073993,0.000000,0.997259,0.997259,0.000000,-0.073993,4.243349,yes,,0.000000
589,147,1,C4_rot_90deg,26769.823481,-6346.849045,1585.077026,0.073993,0.000000,0.997259,0.997259,0.000000,-0.073993,4.243349,yes,,0.000000
590,147,2,C4_rot_180deg,26749.878306,-6366.849045,1586.556881,0.073993,0.000000,0.997259,0.997259,0.000000,-0.073993,4.243349,yes,,0.000000
591,147,3,C4_rot_270deg,26769.823481,-6386.849045,1585.077026,0.073993,0.000000,0.997259,0.997259,0.000000,-0.073993,4.243349,yes,,0.000000
592,148,0,C4_rot_0deg,27062.477654,-6490.219991,1563.363225,0.073993,0.000000,0.997259,0.997259,0.000000,-0.073993,4.243349,yes,,0.000000
593,148,1,C4_rot_90deg,27042.532478,-6470.219991,1564.843079,0.073993,0.000000,0.997259,0.997259,0.000000,-0.073993,4.243349,yes,,0.000000
594,148,2,C4_rot_180deg,27022.587303,-6490.219991,1566.322933,0.073993,0.000000,0.997259,0.997259,0.000000,-0.073993,4.243349,yes,,0.000000
595,148,3,C4_rot_270deg,27042.532478,-6510.219991,1564.843079,0.073993,0.000000,0.997259,0.997259,0.000000,-0.073993,4.243349,yes,,0.000000
596,149,0,C4_rot_0deg,27335.186651,-6613.590937,1543.129277,0.073993,0.000000,0.997259,0.997259,0.000000,-0.073993,4.243349,yes,,0.000000
597,149,1,C4_rot_90deg,27315.241475,-6593.590937,1544.609132,0.073993,0.000000,0.997259,0.997259,0.000000,-0.073993,4.243349,yes,,0.000000
598,149,2,C4_rot_180deg,27295.296300,-6613.590937,1546.088986,0.073993,0.000000,0.997259,0.997259,0.000000,-0.073993,4.243349,yes,,0.000000
599,149,3,C4_rot_270deg,27315.241475,-6633.590937,1544.609132,0.073993,0.000000,0.997259,0.997259,0.000000,-0.073993,4.243349,yes,,0.000000
600,150,0,C4_rot_0deg,27607.895648,-6736.961883,1522.895330,0.073993,0.000000,0.997259,0.997259,0.000000,-0.073993,4.243349,yes,,0.000000
601,150,1,C4_rot_90deg,27587.950472,-6716.961883,1524.375185,0.073993,0.000000,0.997259,0.997259,0.000000,-0.073993,4.243349,yes,,0.000000
602,150,2,C4_rot_180deg,27568.005297,-6736.961883,1525.855039,0.073993,0.000000,0.997259,0.997259,0.000000,-0.073993,4.243349,yes,,0.000000
603,150,3,C4_rot_270deg,27587.950472,-6756.961883,1524.375185,0.073993,0.000000,0.997259,0.997259,0.000000,-0.073993,4.243349,yes,,0.000000
604,151,0,C4_rot_0deg,27880.604645,-6860.332829,1502.661383,0.073993,0.000000,0.997259,0.997259,0.000000,-0.073993,4.243349,yes,,0.000000
605,151,1,C4_rot_90deg,27860.659470,-6840.332829,1504.141238,0.073993,0.000000,0.997259,0.997259,0.000000,-0.073993,4.243349,yes,,0.000000
606,151,2,C4_rot_180deg,27840.714294,-6860.332829,1505.621092,0.073993,0.000000,0.997259,0.997259,0.000000,-0.073993,4.243349,yes,,0.000000
607,151,3,C4_rot_270deg,27860.659470,-6880.332829,1504.141238,0.073993,0.000000,0.997259,0.997259,0.000000,-0.073993,4.243349,yes,,0.000000
608,152,0,C4_rot_0deg,28153.313642,-6983.703775,1482.427436,0.073993,0.000000,0.997259,0.997259,0.000000,-0.073993,4.243349,yes,,0.000000
609,152,1,C4_rot_90deg,28133.368467,-6963.703775,1483.907290,0.073993,0.000000,0.997259,0.997259,0.000000,-0.073993,4.243349,yes,,0.000000
610,152,2,C4_rot_180deg,28113.423291,-6983.703775,1485.387145,0.073993,0.000000,0.997259,0.997259,0.000000,-0.073993,4.243349,yes,,0.000000
611,152,3,C4_rot_270deg,28133.368467,-7003.703775,1483.907290,0.073993,0.000000,0.997259,0.997259,0.000000,-0.073993,4.243349,yes,,0.000000
612,153,0,C4_rot_0deg,28426.022639,-7107.074721,1462.193489,0.073993,0.000000,0.997259,0.997259,0.000000,-0.073993,4.243349,yes,,0.000000
613,153,1,C4_rot_90deg,28406.077464,-7087.074721,1463.673343,0.073993,0.000000,0.997259,0.997259,0.000000,-0.073993,4.243349,yes,,0.000000
614,153,2,C4_rot_180deg,28386.132288,-7107.074721,1465.153198,0.073993,0.000000,0.997259,0.997259,0.000000,-0.073993,4.243349,yes,,0.000000
615,153,3,C4_rot_270deg,28406.077464,-7127.074721,1463.673343,0.073993,0.000000,0.997259,0.997259,0.000000,-0.073993,4.243349,yes,,0.000000
616,154,0,C4_rot_0deg,28698.731636,-7230.445667,1441.959542,0.073993,0.000000,0.997259,0.997259,0.000000,-0.073993,4.243349,yes,,0.000000
617,154,1,C4_rot_90deg,28678.786461,-7210.445667,1443.439396,0.073993,0.000000,0.997259,0.997259,0.000000,-0.073993,4.243349,yes,,0.000000
618,154,2,C4_rot_180deg,28658.841285,-7230.445667,1444.919250,0.073993,0.000000,0.997259,0.997259,0.000000,-0.073993,4.243349,yes,,0.000000
619,154,3,C4_rot_270deg,28678.786461,-7250.445667,1443.439396,0.073993,0.000000,0.997259,0.997259,0.000000,-0.073993,4.243349,yes,,0.000000
620,155,0,C4_rot_0deg,28971.440633,-7353.816613,1421.725594,0.073993,0.000000,0.997259,0.997259,0.000000,-0.073993,4.243349,yes,,0.000000
621,155,1,C4_rot_90deg,28951.495458,-7333.816613,1423.205449,0.073993,0.000000,0.997259,0.997259,0.000000,-0.073993,4.243349,yes,,0.000000
622,155,2,C4_rot_180deg,28931.550282,-7353.816613,1424.685303,0.073993,0.000000,0.997259,0.997259,0.000000,-0.073993,4.243349,yes,,0.000000
623,155,3,C4_rot_270deg,28951.495458,-7373.816613,1423.205449,0.073993,0.000000,0.997259,0.997259,0.000000,-0.073993,4.243349,yes,,0.000000
624,156,0,C4_rot_0deg,29244.149630,-7477.187559,1401.491647,0.073993,0.000000,0.997259,0.997259,0.000000,-0.073993,4.243349,yes,,0.000000
625,156,1,C4_rot_90deg,29224.204455,-7457.187559,1402.971502,0.073993,0.000000,0.997259,0.997259,0.000000,-0.073993,4.243349,yes,,0.000000
626,156,2,C4_rot_180deg,29204.259279,-7477.187559,1404.451356,0.073993,0.000000,0.997259,0.997259,0.000000,-0.073993,4.243349,yes,,0.000000
627,156,3,C4_rot_270deg,29224.204455,-7497.187559,1402.971502,0.073993,0.000000,0.997259,0.997259,0.000000,-0.073993,4.243349,yes,,0.000000
628,157,0,C4_rot_0deg,29516.858627,-7600.558505,1381.257700,0.073993,0.000000,0.997259,0.997259,0.000000,-0.073993,4.243349,yes,,0.000000
629,157,1,C4_rot_90deg,29496.913452,-7580.558505,1382.737555,0.073993,0.000000,0.997259,0.997259,0.000000,-0.073993,4.243349,yes,,0.000000
630,157,2,C4_rot_180deg,29476.968276,-7600.558505,1384.217409,0.073993,0.000000,0.997259,0.997259,0.000000,-0.073993,4.243349,yes,,0.000000
631,157,3,C4_rot_270deg,29496.913452,-7620.558505,1382.737555,0.073993,0.000000,0.997259,0.997259,0.000000,-0.073993,4.243349,yes,,0.000000
632,158,0,C4_rot_0deg,29789.567624,-7723.929451,1361.023753,0.073993,0.000000,0.997259,0.997259,0.000000,-0.073993,4.243349,yes,,0.000000
633,158,1,C4_rot_90deg,29769.622449,-7703.929451,1362.503607,0.073993,0.000000,0.997259,0.997259,0.000000,-0.073993,4.243349,yes,,0.000000
634,158,2,C4_rot_180deg,29749.677273,-7723.929451,1363.983462,0.073993,0.000000,0.997259,0.997259,0.000000,-0.073993,4.243349,yes,,0.000000
635,158,3,C4_rot_270deg,29769.622449,-7743.929451,1362.503607,0.073993,0.000000,0.997259,0.997259,0.000000,-0.073993,4.243349,yes,,0.000000
636,159,0,C4_rot_0deg,30062.276621,-7847.300397,1340.789806,0.073993,0.000000,0.997259,0.997259,0.000000,-0.073993,4.243349,yes,,0.000000
637,159,1,C4_rot_90deg,30042.331446,-7827.300397,1342.269660,0.073993,0.000000,0.997259,0.997259,0.000000,-0.073993,4.243349,yes,,0.000000
638,159,2,C4_rot_180deg,30022.386270,-7847.300397,1343.749515,0.073993,0.000000,0.997259,0.997259,0.000000,-0.073993,4.243349,yes,,0.000000
639,159,3,C4_rot_270deg,30042.331446,-7867.300397,1342.269660,0.073993,0.000000,0.997259,0.997259,0.000000,-0.073993,4.243349,yes,,0.000000
640,160,0,C4_rot_0deg,30334.985619,-7970.671343,1320.555859,0.073993,0.000000,0.997259,0.997259,0.000000,-0.073993,4.243349,yes,,0.000000
641,160,1,C4_rot_90deg,30315.040443,-7950.671343,1322.035713,0.073993,0.000000,0.997259,0.997259,0.000000,-0.073993,4.243349,yes,,0.000000
642,160,2,C4_rot_180deg,30295.095267,-7970.671343,1323.515567,0.073993,0.000000,0.997259,0.997259,0.000000,-0.073993,4.243349,yes,,0.000000
643,160,3,C4_rot_270deg,30315.040443,-7990.671343,1322.035713,0.073993,0.000000,0.997259,0.997259,0.000000,-0.073993,4.243349,yes,,0.000000
644,161,0,C4_rot_0deg,30607.694616,-8094.042289,1300.321911,0.073993,0.000000,0.997259,0.997259,0.000000,-0.073993,4.243349,yes,,0.000000
645,161,1,C4_rot_90deg,30587.749440,-8074.042289,1301.801766,0.073993,0.000000,0.997259,0.997259,0.000000,-0.073993,4.243349,yes,,0.000000
646,161,2,C4_rot_180deg,30567.804264,-8094.042289,1303.281620,0.073993,0.000000,0.997259,0.997259,0.000000,-0.073993,4.243349,yes,,0.000000
647,161,3,C4_rot_270deg,30587.749440,-8114.042289,1301.801766,0.073993,0.000000,0.997259,0.997259,0.000000,-0.073993,4.243349,yes,,0.000000
648,162,0,C4_rot_0deg,30880.403613,-8217.413235,1280.087964,0.073993,0.000000,0.997259,0.997259,0.000000,-0.073993,4.243349,yes,,0.000000
649,162,1,C4_rot_90deg,30860.458437,-8197.413235,1281.567819,0.073993,0.000000,0.997259,0.997259,0.000000,-0.073993,4.243349,yes,,0.000000
650,162,2,C4_rot_180deg,30840.513261,-8217.413235,1283.047673,0.073993,0.000000,0.997259,0.997259,0.000000,-0.073993,4.243349,yes,,0.000000
651,162,3,C4_rot_270deg,30860.458437,-8237.413235,1281.567819,0.073993,0.000000,0.997259,0.997259,0.000000,-0.073993,4.243349,yes,,0.000000
652,163,0,C4_rot_0deg,31153.112610,-8340.784181,1259.854017,0.073993,0.000000,0.997259,0.997259,0.000000,-0.073993,4.243349,yes,,0.000000
653,163,1,C4_rot_90deg,31133.167434,-8320.784181,1261.333872,0.073993,0.000000,0.997259,0.997259,0.000000,-0.073993,4.243349,yes,,0.000000
654,163,2,C4_rot_180deg,31113.222258,-8340.784181,1262.813726,0.073993,0.000000,0.997259,0.997259,0.000000,-0.073993,4.243349,yes,,0.000000
655,163,3,C4_rot_270deg,31133.167434,-8360.784181,1261.333872,0.073993,0.000000,0.997259,0.997259,0.000000,-0.073993,4.243349,yes,,0.000000
656,164,0,C4_rot_0deg,31425.821607,-8464.155127,1239.620070,0.073993,0.000000,0.997259,0.997259,0.000000,-0.073993,4.243349,yes,,0.000000
657,164,1,C4_rot_90deg,31405.876431,-8444.155127,1241.099924,0.073993,0.000000,0.997259,0.997259,0.000000,-0.073993,4.243349,yes,,0.000000
658,164,2,C4_rot_180deg,31385.931255,-8464.155127,1242.579779,0.073993,0.000000,0.997259,0.997259,0.000000,-0.073993,4.243349,yes,,0.000000
659,164,3,C4_rot_270deg,31405.876431,-8484.155127,1241.099924,0.073993,0.000000,0.997259,0.997259,0.000000,-0.073993,4.243349,yes,,0.000000
660,165,0,C4_rot_0deg,31698.530604,-8587.526073,1219.386123,0.073993,0.000000,0.997259,0.997259,0.000000,-0.073993,4.243349,yes,,0.000000
661,165,1,C4_rot_90deg,31678.585428,-8567.526073,1220.865977,0.073993,0.000000,0.997259,0.997259,0.000000,-0.073993,4.243349,yes,,0.000000
662,165,2,C4_rot_180deg,31658.640252,-8587.526073,1222.345832,0.073993,0.000000,0.997259,0.997259,0.000000,-0.073993,4.243349,yes,,0.000000
663,165,3,C4_rot_270deg,31678.585428,-8607.526073,1220.865977,0.073993,0.000000,0.997259,0.997259,0.000000,-0.073993,4.243349,yes,,0.000000
664,166,0,C4_rot_0deg,31971.239601,-8710.897019,1199.152176,0.073993,0.000000,0.997259,0.997259,0.000000,-0.073993,4.243349,yes,,0.000000
665,166,1,C4_rot_90deg,31951.294425,-8690.897019,1200.632030,0.073993,0.000000,0.997259,0.997259,0.000000,-0.073993,4.243349,yes,,0.000000
666,166,2,C4_rot_180deg,31931.349250,-8710.897019,1202.111884,0.073993,0.000000,0.997259,0.997259,0.000000,-0.073993,4.243349,yes,,0.000000
667,166,3,C4_rot_270deg,31951.294425,-8730.897019,1200.632030,0.073993,0.000000,0.997259,0.997259,0.000000,-0.073993,4.243349,yes,,0.000000
668,167,0,C4_rot_0deg,32243.948598,-8834.267965,1178.918228,0.073993,0.000000,0.997259,0.997259,0.000000,-0.073993,4.243349,yes,,0.000000
669,167,1,C4_rot_90deg,32224.003422,-8814.267965,1180.398083,0.073993,0.000000,0.997259,0.997259,0.000000,-0.073993,4.243349,yes,,0.000000
670,167,2,C4_rot_180deg,32204.058247,-8834.267965,1181.877937,0.073993,0.000000,0.997259,0.997259,0.000000,-0.073993,4.243349,yes,,0.000000
671,167,3,C4_rot_270deg,32224.003422,-8854.267965,1180.398083,0.073993,0.000000,0.997259,0.997259,0.000000,-0.073993,4.243349,yes,,0.000000
672,168,0,C4_rot_0deg,32516.657595,-8957.638911,1158.684281,0.073993,0.000000,0.997259,0.997259,0.000000,-0.073993,4.243349,yes,,0.000000
673,168,1,C4_rot_90deg,32496.712419,-8937.638911,1160.164136,0.073993,0.000000,0.997259,0.997259,0.000000,-0.073993,4.243349,yes,,0.000000
674,168,2,C4_rot_180deg,32476.767244,-8957.638911,1161.643990,0.073993,0.000000,0.997259,0.997259,0.000000,-0.073993,4.243349,yes,,0.000000
675,168,3,C4_rot_270deg,32496.712419,-8977.638911,1160.164136,0.073993,0.000000,0.997259,0.997259,0.000000,-0.073993,4.243349,yes,,0.000000
676,169,0,C4_rot_0deg,32789.366592,-9081.009857,1138.450334,0.073993,0.000000,0.997259,0.997259,0.000000,-0.073993,4.243349,yes,,0.000000
677,169,1,C4_rot_90deg,32769.421416,-9061.009857,1139.930189,0.073993,0.000000,0.997259,0.997259,0.000000,-0.073993,4.243349,yes,,0.000000
678,169,2,C4_rot_180deg,32749.476241,-9081.009857,1141.410043,0.073993,0.000000,0.997259,0.997259,0.000000,-0.073993,4.243349,yes,,0.000000
679,169,3,C4_rot_270deg,32769.421416,-9101.009857,1139.930189,0.073993,0.000000,0.997259,0.997259,0.000000,-0.073993,4.243349,yes,,0.000000
680,170,0,C4_rot_0deg,33062.075589,-9204.380803,1118.216387,0.073993,0.000000,0.997259,0.997259,0.000000,-0.073993,4.243349,yes,,0.000000
681,170,1,C4_rot_90deg,33042.130413,-9184.380803,1119.696241,0.073993,0.000000,0.997259,0.997259,0.000000,-0.073993,4.243349,yes,,0.000000
682,170,2,C4_rot_180deg,33022.185238,-9204.380803,1121.176096,0.073993,0.000000,0.997259,0.997259,0.000000,-0.073993,4.243349,yes,,0.000000
683,170,3,C4_rot_270deg,33042.130413,-9224.380803,1119.696241,0.073993,0.000000,0.997259,0.997259,0.000000,-0.073993,4.243349,yes,,0.000000
684,171,0,C4_rot_0deg,33334.784586,-9327.751749,1097.982440,0.073993,0.000000,0.997259,0.997259,0.000000,-0.073993,4.243349,yes,,0.000000
685,171,1,C4_rot_90deg,33314.839410,-9307.751749,1099.462294,0.073993,0.000000,0.997259,0.997259,0.000000,-0.073993,4.243349,yes,,0.000000
686,171,2,C4_rot_180deg,33294.894235,-9327.751749,1100.942149,0.073993,0.000000,0.997259,0.997259,0.000000,-0.073993,4.243349,yes,,0.000000
687,171,3,C4_rot_270deg,33314.839410,-9347.751749,1099.462294,0.073993,0.000000,0.997259,0.997259,0.000000,-0.073993,4.243349,yes,,0.000000
688,172,0,C4_rot_0deg,33607.493583,-9451.122695,1077.748493,0.073993,0.000000,0.997259,0.997259,0.000000,-0.073993,4.243349,yes,,0.000000
689,172,1,C4_rot_90deg,33587.548407,-9431.122695,1079.228347,0.073993,0.000000,0.997259,0.997259,0.000000,-0.073993,4.243349,yes,,0.000000
690,172,2,C4_rot_180deg,33567.603232,-9451.122695,1080.708201,0.073993,0.000000,0.997259,0.997259,0.000000,-0.073993,4.243349,yes,,0.000000
691,172,3,C4_rot_270deg,33587.548407,-9471.122695,1079.228347,0.073993,0.000000,0.997259,0.997259,0.000000,-0.073993,4.243349,yes,,0.000000
692,173,0,C4_rot_0deg,33880.202580,-9574.493641,1057.514545,0.073993,0.000000,0.997259,0.997259,0.000000,-0.073993,4.243349,yes,,0.000000
693,173,1,C4_rot_90deg,33860.257404,-9554.493641,1058.994400,0.073993,0.000000,0.997259,0.997259,0.000000,-0.073993,4.243349,yes,,0.000000
694,173,2,C4_rot_180deg,33840.312229,-9574.493641,1060.474254,0.073993,0.000000,0.997259,0.997259,0.000000,-0.073993,4.243349,yes,,0.000000
695,173,3,C4_rot_270deg,33860.257404,-9594.493641,1058.994400,0.073993,0.000000,0.997259,0.997259,0.000000,-0.073993,4.243349,yes,,0.000000
696,174,0,C4_rot_0deg,34152.911577,-9697.864587,1037.280598,0.073993,0.000000,0.997259,0.997259,0.000000,-0.073993,4.243349,yes,,0.000000
697,174,1,C4_rot_90deg,34132.966401,-9677.864587,1038.760453,0.073993,0.000000,0.997259,0.997259,0.000000,-0.073993,4.243349,yes,,0.000000
698,174,2,C4_rot_180deg,34113.021226,-9697.864587,1040.240307,0.073993,0.000000,0.997259,0.997259,0.000000,-0.073993,4.243349,yes,,0.000000
699,174,3,C4_rot_270deg,34132.966401,-9717.864587,1038.760453,0.073993,0.000000,0.997259,0.997259,0.000000,-0.073993,4.243349,yes,,0.000000
700,175,0,C4_rot_0deg,34425.620574,-9821.235533,1017.046651,0.073993,0.000000,0.997259,0.997259,0.000000,-0.073993,4.243349,yes,,0.000000
701,175,1,C4_rot_90deg,34405.675399,-9801.235533,1018.526506,0.073993,0.000000,0.997259,0.997259,0.000000,-0.073993,4.243349,yes,,0.000000
702,175,2,C4_rot_180deg,34385.730223,-9821.235533,1020.006360,0.073993,0.000000,0.997259,0.997259,0.000000,-0.073993,4.243349,yes,,0.000000
703,175,3,C4_rot_270deg,34405.675399,-9841.235533,1018.526506,0.073993,0.000000,0.997259,0.997259,0.000000,-0.073993,4.243349,yes,,0.000000
704,176,0,C4_rot_0deg,34698.329571,-9944.606479,996.812704,0.073993,0.000000,0.997259,0.997259,0.000000,-0.073993,4.243349,yes,,0.000000
705,176,1,C4_rot_90deg,34678.384396,-9924.606479,998.292558,0.073993,0.000000,0.997259,0.997259,0.000000,-0.073993,4.243349,yes,,0.000000
706,176,2,C4_rot_180deg,34658.439220,-9944.606479,999.772413,0.073993,0.000000,0.997259,0.997259,0.000000,-0.073993,4.243349,yes,,0.000000
707,176,3,C4_rot_270deg,34678.384396,-9964.606479,998.292558,0.073993,0.000000,0.997259,0.997259,0.000000,-0.073993,4.243349,yes,,0.000000
708,177,0,C4_rot_0deg,34971.038568,-10067.977425,976.578757,0.073993,0.000000,0.997259,0.997259,0.000000,-0.073993,4.243349,yes,,0.000000
709,177,1,C4_rot_90deg,34951.093393,-10047.977425,978.058611,0.073993,0.000000,0.997259,0.997259,0.000000,-0.073993,4.243349,yes,,0.000000
710,177,2,C4_rot_180deg,34931.148217,-10067.977425,979.538466,0.073993,0.000000,0.997259,0.997259,0.000000,-0.073993,4.243349,yes,,0.000000
711,177,3,C4_rot_270deg,34951.093393,-10087.977425,978.058611,0.073993,0.000000,0.997259,0.997259,0.000000,-0.073993,4.243349,yes,,0.000000
712,178,0,C4_rot_0deg,35243.747565,-10191.348371,956.344810,0.073993,0.000000,0.997259,0.997259,0.000000,-0.073993,4.243349,yes,,0.000000
713,178,1,C4_rot_90deg,35223.802390,-10171.348371,957.824664,0.073993,0.000000,0.997259,0.997259,0.000000,-0.073993,4.243349,yes,,0.000000
714,178,2,C4_rot_180deg,35203.857214,-10191.348371,959.304519,0.073993,0.000000,0.997259,0.997259,0.000000,-0.073993,4.243349,yes,,0.000000
715,178,3,C4_rot_270deg,35223.802390,-10211.348371,957.824664,0.073993,0.000000,0.997259,0.997259,0.000000,-0.073993,4.243349,yes,,0.000000
716,179,0,C4_rot_0deg,35516.456562,-10314.719317,936.110862,0.073993,0.000000,0.997259,0.997259,0.000000,-0.073993,4.243349,yes,,0.000000
717,179,1,C4_rot_90deg,35496.511387,-10294.719317,937.590717,0.073993,0.000000,0.997259,0.997259,0.000000,-0.073993,4.243349,yes,,0.000000
718,179,2,C4_rot_180deg,35476.566211,-10314.719317,939.070571,0.073993,0.000000,0.997259,0.997259,0.000000,-0.073993,4.243349,yes,,0.000000
719,179,3,C4_rot_270deg,35496.511387,-10334.719317,937.590717,0.073993,0.000000,0.997259,0.997259,0.000000,-0.073993,4.243349,yes,,0.000000
720,180,0,C4_rot_0deg,35789.165559,-10438.090263,915.876915,0.073993,0.000000,0.997259,0.997259,0.000000,-0.073993,4.243349,yes,,0.000000
721,180,1,C4_rot_90deg,35769.220384,-10418.090263,917.356770,0.073993,0.000000,0.997259,0.997259,0.000000,-0.073993,4.243349,yes,,0.000000
722,180,2,C4_rot_180deg,35749.275208,-10438.090263,918.836624,0.073993,0.000000,0.997259,0.997259,0.000000,-0.073993,4.243349,yes,,0.000000
723,180,3,C4_rot_270deg,35769.220384,-10458.090263,917.356770,0.073993,0.000000,0.997259,0.997259,0.000000,-0.073993,4.243349,yes,,0.000000
724,181,0,C4_rot_0deg,36061.874556,-10561.461209,895.642968,0.073993,0.000000,0.997259,0.997259,0.000000,-0.073993,4.243349,yes,,0.000000
725,181,1,C4_rot_90deg,36041.929381,-10541.461209,897.122823,0.073993,0.000000,0.997259,0.997259,0.000000,-0.073993,4.243349,yes,,0.000000
726,181,2,C4_rot_180deg,36021.984205,-10561.461209,898.602677,0.073993,0.000000,0.997259,0.997259,0.000000,-0.073993,4.243349,yes,,0.000000
727,181,3,C4_rot_270deg,36041.929381,-10581.461209,897.122823,0.073993,0.000000,0.997259,0.997259,0.000000,-0.073993,4.243349,yes,,0.000000
728,182,0,C4_rot_0deg,36334.583553,-10684.832155,875.409021,0.073993,0.000000,0.997259,0.997259,0.000000,-0.073993,4.243349,yes,,0.000000
729,182,1,C4_rot_90deg,36314.638378,-10664.832155,876.888875,0.073993,0.000000,0.997259,0.997259,0.000000,-0.073993,4.243349,yes,,0.000000
730,182,2,C4_rot_180deg,36294.693202,-10684.832155,878.368730,0.073993,0.000000,0.997259,0.997259,0.000000,-0.073993,4.243349,yes,,0.000000
731,182,3,C4_rot_270deg,36314.638378,-10704.832155,876.888875,0.073993,0.000000,0.997259,0.997259,0.000000,-0.073993,4.243349,yes,,0.000000
732,183,0,C4_rot_0deg,36607.292550,-10808.203101,855.175074,0.073993,0.000000,0.997259,0.997259,0.000000,-0.073993,4.243349,yes,,0.000000
733,183,1,C4_rot_90deg,36587.347375,-10788.203101,856.654928,0.073993,0.000000,0.997259,0.997259,0.000000,-0.073993,4.243349,yes,,0.000000
734,183,2,C4_rot_180deg,36567.402199,-10808.203101,858.134783,0.073993,0.000000,0.997259,0.997259,0.000000,-0.073993,4.243349,yes,,0.000000
735,183,3,C4_rot_270deg,36587.347375,-10828.203101,856.654928,0.073993,0.000000,0.997259,0.997259,0.000000,-0.073993,4.243349,yes,,0.000000
736,184,0,C4_rot_0deg,36880.001548,-10931.574047,834.941127,0.073993,0.000000,0.997259,0.997259,0.000000,-0.073993,4.243349,yes,,0.000000
737,184,1,C4_rot_90deg,36860.056372,-10911.574047,836.420981,0.073993,0.000000,0.997259,0.997259,0.000000,-0.073993,4.243349,yes,,0.000000
738,184,2,C4_rot_180deg,36840.111196,-10931.574047,837.900836,0.073993,0.000000,0.997259,0.997259,0.000000,-0.073993,4.243349,yes,,0.000000
739,184,3,C4_rot_270deg,36860.056372,-10951.574047,836.420981,0.073993,0.000000,0.997259,0.997259,0.000000,-0.073993,4.243349,yes,,0.000000
740,185,0,C4_rot_0deg,37152.710545,-11054.944993,814.707179,0.073993,0.000000,0.997259,0.997259,0.000000,-0.073993,4.243349,yes,,0.000000
741,185,1,C4_rot_90deg,37132.765369,-11034.944993,816.187034,0.073993,0.000000,0.997259,0.997259,0.000000,-0.073993,4.243349,yes,,0.000000
742,185,2,C4_rot_180deg,37112.820193,-11054.944993,817.666888,0.073993,0.000000,0.997259,0.997259,0.000000,-0.073993,4.243349,yes,,0.000000
743,185,3,C4_rot_270deg,37132.765369,-11074.944993,816.187034,0.073993,0.000000,0.997259,0.997259,0.000000,-0.073993,4.243349,yes,,0.000000
744,186,0,C4_rot_0deg,37425.419542,-11178.315939,794.473232,0.073993,0.000000,0.997259,0.997259,0.000000,-0.073993,4.243349,yes,,0.000000
745,186,1,C4_rot_90deg,37405.474366,-11158.315939,795.953087,0.073993,0.000000,0.997259,0.997259,0.000000,-0.073993,4.243349,yes,,0.000000
746,186,2,C4_rot_180deg,37385.529190,-11178.315939,797.432941,0.073993,0.000000,0.997259,0.997259,0.000000,-0.073993,4.243349,yes,,0.000000
747,186,3,C4_rot_270deg,37405.474366,-11198.315939,795.953087,0.073993,0.000000,0.997259,0.997259,0.000000,-0.073993,4.243349,yes,,0.000000
748,187,0,C4_rot_0deg,37698.128539,-11301.686885,774.239285,0.073993,0.000000,0.997259,0.997259,0.000000,-0.073993,4.243349,yes,,0.000000
749,187,1,C4_rot_90deg,37678.183363,-11281.686885,775.719140,0.073993,0.000000,0.997259,0.997259,0.000000,-0.073993,4.243349,yes,,0.000000
750,187,2,C4_rot_180deg,37658.238187,-11301.686885,777.198994,0.073993,0.000000,0.997259,0.997259,0.000000,-0.073993,4.243349,yes,,0.000000
751,187,3,C4_rot_270deg,37678.183363,-11321.686885,775.719140,0.073993,0.000000,0.997259,0.997259,0.000000,-0.073993,4.243349,yes,,0.000000
752,188,0,C4_rot_0deg,37970.837536,-11425.057831,754.005338,0.073993,0.000000,0.997259,0.997259,0.000000,-0.073993,4.243349,yes,,0.000000
753,188,1,C4_rot_90deg,37950.892360,-11405.057831,755.485192,0.073993,0.000000,0.997259,0.997259,0.000000,-0.073993,4.243349,yes,,0.000000
754,188,2,C4_rot_180deg,37930.947184,-11425.057831,756.965047,0.073993,0.000000,0.997259,0.997259,0.000000,-0.073993,4.243349,yes,,0.000000
755,188,3,C4_rot_270deg,37950.892360,-11445.057831,755.485192,0.073993,0.000000,0.997259,0.997259,0.000000,-0.073993,4.243349,yes,,0.000000
756,189,0,C4_rot_0deg,38243.546533,-11548.428777,733.771391,0.073993,0.000000,0.997259,0.997259,0.000000,-0.073993,4.243349,yes,,0.000000
757,189,1,C4_rot_90deg,38223.601357,-11528.428777,735.251245,0.073993,0.000000,0.997259,0.997259,0.000000,-0.073993,4.243349,yes,,0.000000
758,189,2,C4_rot_180deg,38203.656181,-11548.428777,736.731100,0.073993,0.000000,0.997259,0.997259,0.000000,-0.073993,4.243349,yes,,0.000000
759,189,3,C4_rot_270deg,38223.601357,-11568.428777,735.251245,0.073993,0.000000,0.997259,0.997259,0.000000,-0.073993,4.243349,yes,,0.000000
760,190,0,C4_rot_0deg,38516.255530,-11671.799723,713.537444,0.073993,0.000000,0.997259,0.997259,0.000000,-0.073993,4.243349,yes,,0.000000
761,190,1,C4_rot_90deg,38496.310354,-11651.799723,715.017298,0.073993,0.000000,0.997259,0.997259,0.000000,-0.073993,4.243349,yes,,0.000000
762,190,2,C4_rot_180deg,38476.365179,-11671.799723,716.497153,0.073993,0.000000,0.997259,0.997259,0.000000,-0.073993,4.243349,yes,,0.000000
763,190,3,C4_rot_270deg,38496.310354,-11691.799723,715.017298,0.073993,0.000000,0.997259,0.997259,0.000000,-0.073993,4.243349,yes,,0.000000
764,191,0,C4_rot_0deg,38788.964527,-11795.170669,693.303496,0.073993,0.000000,0.997259,0.997259,0.000000,-0.073993,4.243349,yes,,0.000000
765,191,1,C4_rot_90deg,38769.019351,-11775.170669,694.783351,0.073993,0.000000,0.997259,0.997259,0.000000,-0.073993,4.243349,yes,,0.000000
766,191,2,C4_rot_180deg,38749.074176,-11795.170669,696.263205,0.073993,0.000000,0.997259,0.997259,0.000000,-0.073993,4.243349,yes,,0.000000
767,191,3,C4_rot_270deg,38769.019351,-11815.170669,694.783351,0.073993,0.000000,0.997259,0.997259,0.000000,-0.073993,4.243349,yes,,0.000000
768,192,0,C4_rot_0deg,39061.673524,-11918.541615,673.069549,0.073993,0.000000,0.997259,0.997259,0.000000,-0.073993,4.243349,yes,,0.000000
769,192,1,C4_rot_90deg,39041.728348,-11898.541615,674.549404,0.073993,0.000000,0.997259,0.997259,0.000000,-0.073993,4.243349,yes,,0.000000
770,192,2,C4_rot_180deg,39021.783173,-11918.541615,676.029258,0.073993,0.000000,0.997259,0.997259,0.000000,-0.073993,4.243349,yes,,0.000000
771,192,3,C4_rot_270deg,39041.728348,-11938.541615,674.549404,0.073993,0.000000,0.997259,0.997259,0.000000,-0.073993,4.243349,yes,,0.000000
772,193,0,C4_rot_0deg,39334.382521,-12041.912561,652.835602,0.073993,0.000000,0.997259,0.997259,0.000000,-0.073993,4.243349,yes,,0.000000
773,193,1,C4_rot_90deg,39314.437345,-12021.912561,654.315457,0.073993,0.000000,0.997259,0.997259,0.000000,-0.073993,4.243349,yes,,0.000000
774,193,2,C4_rot_180deg,39294.492170,-12041.912561,655.795311,0.073993,0.000000,0.997259,0.997259,0.000000,-0.073993,4.243349,yes,,0.000000
775,193,3,C4_rot_270deg,39314.437345,-12061.912561,654.315457,0.073993,0.000000,0.997259,0.997259,0.000000,-0.073993,4.243349,yes,,0.000000
776,194,0,C4_rot_0deg,39607.091518,-12165.283507,632.601655,0.073993,0.000000,0.997259,0.997259,0.000000,-0.073993,4.243349,yes,,0.000000
777,194,1,C4_rot_90deg,39587.146342,-12145.283507,634.081509,0.073993,0.000000,0.997259,0.997259,0.000000,-0.073993,4.243349,yes,,0.000000
778,194,2,C4_rot_180deg,39567.201167,-12165.283507,635.561364,0.073993,0.000000,0.997259,0.997259,0.000000,-0.073993,4.243349,yes,,0.000000
779,194,3,C4_rot_270deg,39587.146342,-12185.283507,634.081509,0.073993,0.000000,0.997259,0.997259,0.000000,-0.073993,4.243349,yes,,0.000000
780,195,0,C4_rot_0deg,39879.800515,-12288.654453,612.367708,0.073993,0.000000,0.997259,0.997259,0.000000,-0.073993,4.243349,yes,,0.000000
781,195,1,C4_rot_90deg,39859.855339,-12268.654453,613.847562,0.073993,0.000000,0.997259,0.997259,0.000000,-0.073993,4.243349,yes,,0.000000
782,195,2,C4_rot_180deg,39839.910164,-12288.654453,615.327417,0.073993,0.000000,0.997259,0.997259,0.000000,-0.073993,4.243349,yes,,0.000000
783,195,3,C4_rot_270deg,39859.855339,-12308.654453,613.847562,0.073993,0.000000,0.997259,0.997259,0.000000,-0.073993,4.243349,yes,,0.000000
784,196,0,C4_rot_0deg,40152.509512,-12412.025399,592.133761,0.073993,0.000000,0.997259,0.997259,0.000000,-0.073993,4.243349,yes,,0.000000
785,196,1,C4_rot_90deg,40132.564336,-12392.025399,593.613615,0.073993,0.000000,0.997259,0.997259,0.000000,-0.073993,4.243349,yes,,0.000000
786,196,2,C4_rot_180deg,40112.619161,-12412.025399,595.093470,0.073993,0.000000,0.997259,0.997259,0.000000,-0.073993,4.243349,yes,,0.000000
787,196,3,C4_rot_270deg,40132.564336,-12432.025399,593.613615,0.073993,0.000000,0.997259,0.997259,0.000000,-0.073993,4.243349,yes,,0.000000
788,197,0,C4_rot_0deg,40425.218509,-12535.396345,571.899813,0.073993,0.000000,0.997259,0.997259,0.000000,-0.073993,4.243349,yes,,0.000000
789,197,1,C4_rot_90deg,40405.273333,-12515.396345,573.379668,0.073993,0.000000,0.997259,0.997259,0.000000,-0.073993,4.243349,yes,,0.000000
790,197,2,C4_rot_180deg,40385.328158,-12535.396345,574.859522,0.073993,0.000000,0.997259,0.997259,0.000000,-0.073993,4.243349,yes,,0.000000
791,197,3,C4_rot_270deg,40405.273333,-12555.396345,573.379668,0.073993,0.000000,0.997259,0.997259,0.000000,-0.073993,4.243349,yes,,0.000000
792,198,0,C4_rot_0deg,40697.927506,-12658.767291,551.665866,0.073993,0.000000,0.997259,0.997259,0.000000,-0.073993,4.243349,yes,,0.000000
793,198,1,C4_rot_90deg,40677.982330,-12638.767291,553.145721,0.073993,0.000000,0.997259,0.997259,0.000000,-0.073993,4.243349,yes,,0.000000
794,198,2,C4_rot_180deg,40658.037155,-12658.767291,554.625575,0.073993,0.000000,0.997259,0.997259,0.000000,-0.073993,4.243349,yes,,0.000000
795,198,3,C4_rot_270deg,40677.982330,-12678.767291,553.145721,0.073993,0.000000,0.997259,0.997259,0.000000,-0.073993,4.243349,yes,,0.000000
796,199,0,C4_rot_0deg,40970.636503,-12782.138237,531.431919,0.073993,0.000000,0.997259,0.997259,0.000000,-0.073993,4.243349,yes,,0.000000
797,199,1,C4_rot_90deg,40950.691328,-12762.138237,532.911774,0.073993,0.000000,0.997259,0.997259,0.000000,-0.073993,4.243349,yes,,0.000000
798,199,2,C4_rot_180deg,40930.746152,-12782.138237,534.391628,0.073993,0.000000,0.997259,0.997259,0.000000,-0.073993,4.243349,yes,,0.000000
799,199,3,C4_rot_270deg,40950.691328,-12802.138237,532.911774,0.073993,0.000000,0.997259,0.997259,0.000000,-0.073993,4.243349,yes,,0.000000
800,200,0,C4_rot_0deg,41243.345500,-12905.509183,511.197972,0.073993,0.000000,0.997259,0.997259,0.000000,-0.073993,4.243349,yes,,0.000000
801,200,1,C4_rot_90deg,41223.400325,-12885.509183,512.677826,0.073993,0.000000,0.997259,0.997259,0.000000,-0.073993,4.243349,yes,,0.000000
802,200,2,C4_rot_180deg,41203.455149,-12905.509183,514.157681,0.073993,0.000000,0.997259,0.997259,0.000000,-0.073993,4.243349,yes,,0.000000
803,200,3,C4_rot_270deg,41223.400325,-12925.509183,512.677826,0.073993,0.000000,0.997259,0.997259,0.000000,-0.073993,4.243349,yes,,0.000000
804,201,0,C4_rot_0deg,45037.099025,15000.000000,229.716212,0.073993,0.000000,0.997259,0.997259,0.000000,-0.073993,4.243349,yes,,0.000000
805,201,1,C4_rot_90deg,45017.153849,15020.000000,231.196067,0.073993,0.000000,0.997259,0.997259,0.000000,-0.073993,4.243349,yes,,0.000000
806,201,2,C4_rot_180deg,44997.208674,15000.000000,232.675921,0.073993,0.000000,0.997259,0.997259,0.000000,-0.073993,4.243349,yes,,0.000000
807,201,3,C4_rot_270deg,45017.153849,14980.000000,231.196067,0.073993,0.000000,0.997259,0.997259,0.000000,-0.073993,4.243349,yes,,0.000000
808,202,0,C4_rot_0deg,45037.099025,14700.000000,229.716212,0.073993,0.000000,0.997259,0.997259,0.000000,-0.073993,4.243349,yes,,0.000000
809,202,1,C4_rot_90deg,45017.153849,14720.000000,231.196067,0.073993,0.000000,0.997259,0.997259,0.000000,-0.073993,4.243349,yes,,0.000000
810,202,2,C4_rot_180deg,44997.208674,14700.000000,232.675921,0.073993,0.000000,0.997259,0.997259,0.000000,-0.073993,4.243349,yes,,0.000000
811,202,3,C4_rot_270deg,45017.153849,14680.000000,231.196067,0.073993,0.000000,0.997259,0.997259,0.000000,-0.073993,4.243349,yes,,0.000000
812,203,0,C4_rot_0deg,45037.099025,14400.000000,229.716212,0.073993,0.000000,0.997259,0.997259,0.000000,-0.073993,4.243349,yes,,0.000000
813,203,1,C4_rot_90deg,45017.153849,14420.000000,231.196067,0.073993,0.000000,0.997259,0.997259,0.000000,-0.073993,4.243349,yes,,0.000000
814,203,2,C4_rot_180deg,44997.208674,14400.000000,232.675921,0.073993,0.000000,0.997259,0.997259,0.000000,-0.073993,4.243349,yes,,0.000000
815,203,3,C4_rot_270deg,45017.153849,14380.000000,231.196067,0.073993,0.000000,0.997259,0.997259,0.000000,-0.073993,4.243349,yes,,0.000000
816,204,0,C4_rot_0deg,45037.099025,14100.000000,229.716212,0.073993,0.000000,0.997259,0.997259,0.000000,-0.073993,4.243349,yes,,0.000000
817,204,1,C4_rot_90deg,45017.153849,14120.000000,231.196067,0.073993,0.000000,0.997259,0.997259,0.000000,-0.073993,4.243349,yes,,0.000000
818,204,2,C4_rot_180deg,44997.208674,14100.000000,232.675921,0.073993,0.000000,0.997259,0.997259,0.000000,-0.073993,4.243349,yes,,0.000000
819,204,3,C4_rot_270deg,45017.153849,14080.000000,231.196067,0.073993,0.000000,0.997259,0.997259,0.000000,-0.073993,4.243349,yes,,0.000000
820,205,0,C4_rot_0deg,45037.099025,13800.000000,229.716212,0.073993,0.000000,0.997259,0.997259,0.000000,-0.073993,4.243349,yes,,0.000000
821,205,1,C4_rot_90deg,45017.153849,13820.000000,231.196067,0.073993,0.000000,0.997259,0.997259,0.000000,-0.073993,4.243349,yes,,0.000000
822,205,2,C4_rot_180deg,44997.208674,13800.000000,232.675921,0.073993,0.000000,0.997259,0.997259,0.000000,-0.073993,4.243349,yes,,0.000000
823,205,3,C4_rot_270deg,45017.153849,13780.000000,231.196067,0.073993,0.000000,0.997259,0.997259,0.000000,-0.073993,4.243349,yes,,0.000000
824,206,0,C4_rot_0deg,45037.099025,13500.000000,229.716212,0.073993,0.000000,0.997259,0.997259,0.000000,-0.073993,4.243349,yes,,0.000000
825,206,1,C4_rot_90deg,45017.153849,13520.000000,231.196067,0.073993,0.000000,0.997259,0.997259,0.000000,-0.073993,4.243349,yes,,0.000000
826,206,2,C4_rot_180deg,44997.208674,13500.000000,232.675921,0.073993,0.000000,0.997259,0.997259,0.000000,-0.073993,4.243349,yes,,0.000000
827,206,3,C4_rot_270deg,45017.153849,13480.000000,231.196067,0.073993,0.000000,0.997259,0.997259,0.000000,-0.073993,4.243349,yes,,0.000000
828,207,0,C4_rot_0deg,45037.099025,13200.000000,229.716212,0.073993,0.000000,0.997259,0.997259,0.000000,-0.073993,4.243349,yes,,0.000000
829,207,1,C4_rot_90deg,45017.153849,13220.000000,231.196067,0.073993,0.000000,0.997259,0.997259,0.000000,-0.073993,4.243349,yes,,0.000000
830,207,2,C4_rot_180deg,44997.208674,13200.000000,232.675921,0.073993,0.000000,0.997259,0.997259,0.000000,-0.073993,4.243349,yes,,0.000000
831,207,3,C4_rot_270deg,45017.153849,13180.000000,231.196067,0.073993,0.000000,0.997259,0.997259,0.000000,-0.073993,4.243349,yes,,0.000000
832,208,0,C4_rot_0deg,45037.099025,12900.000000,229.716212,0.073993,0.000000,0.997259,0.997259,0.000000,-0.073993,4.243349,yes,,0.000000
833,208,1,C4_rot_90deg,45017.153849,12920.000000,231.196067,0.073993,0.000000,0.997259,0.997259,0.000000,-0.073993,4.243349,yes,,0.000000
834,208,2,C4_rot_180deg,44997.208674,12900.000000,232.675921,0.073993,0.000000,0.997259,0.997259,0.000000,-0.073993,4.243349,yes,,0.000000
835,208,3,C4_rot_270deg,45017.153849,12880.000000,231.196067,0.073993,0.000000,0.997259,0.997259,0.000000,-0.073993,4.243349,yes,,0.000000
836,209,0,C4_rot_0deg,45037.099025,12600.000000,229.716212,0.073993,0.000000,0.997259,0.997259,0.000000,-0.073993,4.243349,yes,,0.000000
837,209,1,C4_rot_90deg,45017.153849,12620.000000,231.196067,0.073993,0.000000,0.997259,0.997259,0.000000,-0.073993,4.243349,yes,,0.000000
838,209,2,C4_rot_180deg,44997.208674,12600.000000,232.675921,0.073993,0.000000,0.997259,0.997259,0.000000,-0.073993,4.243349,yes,,0.000000
839,209,3,C4_rot_270deg,45017.153849,12580.000000,231.196067,0.073993,0.000000,0.997259,0.997259,0.000000,-0.073993,4.243349,yes,,0.000000
840,210,0,C4_rot_0deg,45037.099025,12300.000000,229.716212,0.073993,0.000000,0.997259,0.997259,0.000000,-0.073993,4.243349,yes,,0.000000
841,210,1,C4_rot_90deg,45017.153849,12320.000000,231.196067,0.073993,0.000000,0.997259,0.997259,0.000000,-0.073993,4.243349,yes,,0.000000
842,210,2,C4_rot_180deg,44997.208674,12300.000000,232.675921,0.073993,0.000000,0.997259,0.997259,0.000000,-0.073993,4.243349,yes,,0.000000
843,210,3,C4_rot_270deg,45017.153849,12280.000000,231.196067,0.073993,0.000000,0.997259,0.997259,0.000000,-0.073993,4.243349,yes,,0.000000
844,211,0,C4_rot_0deg,45037.099025,12000.000000,229.716212,0.073993,0.000000,0.997259,0.997259,0.000000,-0.073993,4.243349,yes,,0.000000
845,211,1,C4_rot_90deg,45017.153849,12020.000000,231.196067,0.073993,0.000000,0.997259,0.997259,0.000000,-0.073993,4.243349,yes,,0.000000
846,211,2,C4_rot_180deg,44997.208674,12000.000000,232.675921,0.073993,0.000000,0.997259,0.997259,0.000000,-0.073993,4.243349,yes,,0.000000
847,211,3,C4_rot_270deg,45017.153849,11980.000000,231.196067,0.073993,0.000000,0.997259,0.997259,0.000000,-0.073993,4.243349,yes,,0.000000
848,212,0,C4_rot_0deg,45037.099025,11700.000000,229.716212,0.073993,0.000000,0.997259,0.997259,0.000000,-0.073993,4.243349,yes,,0.000000
849,212,1,C4_rot_90deg,45017.153849,11720.000000,231.196067,0.073993,0.000000,0.997259,0.997259,0.000000,-0.073993,4.243349,yes,,0.000000
850,212,2,C4_rot_180deg,44997.208674,11700.000000,232.675921,0.073993,0.000000,0.997259,0.997259,0.000000,-0.073993,4.243349,yes,,0.000000
851,212,3,C4_rot_270deg,45017.153849,11680.000000,231.196067,0.073993,0.000000,0.997259,0.997259,0.000000,-0.073993,4.243349,yes,,0.000000
852,213,0,C4_rot_0deg,45037.099025,11400.000000,229.716212,0.073993,0.000000,0.997259,0.997259,0.000000,-0.073993,4.243349,yes,,0.000000
853,213,1,C4_rot_90deg,45017.153849,11420.000000,231.196067,0.073993,0.000000,0.997259,0.997259,0.000000,-0.073993,4.243349,yes,,0.000000
854,213,2,C4_rot_180deg,44997.208674,11400.000000,232.675921,0.073993,0.000000,0.997259,0.997259,0.000000,-0.073993,4.243349,yes,,0.000000
855,213,3,C4_rot_270deg,45017.153849,11380.000000,231.196067,0.073993,0.000000,0.997259,0.997259,0.000000,-0.073993,4.243349,yes,,0.000000
856,214,0,C4_rot_0deg,45037.099025,11100.000000,229.716212,0.073993,0.000000,0.997259,0.997259,0.000000,-0.073993,4.243349,yes,,0.000000
857,214,1,C4_rot_90deg,45017.153849,11120.000000,231.196067,0.073993,0.000000,0.997259,0.997259,0.000000,-0.073993,4.243349,yes,,0.000000
858,214,2,C4_rot_180deg,44997.208674,11100.000000,232.675921,0.073993,0.000000,0.997259,0.997259,0.000000,-0.073993,4.243349,yes,,0.000000
859,214,3,C4_rot_270deg,45017.153849,11080.000000,231.196067,0.073993,0.000000,0.997259,0.997259,0.000000,-0.073993,4.243349,yes,,0.000000
860,215,0,C4_rot_0deg,45037.099025,10800.000000,229.716212,0.073993,0.000000,0.997259,0.997259,0.000000,-0.073993,4.243349,yes,,0.000000
861,215,1,C4_rot_90deg,45017.153849,10820.000000,231.196067,0.073993,0.000000,0.997259,0.997259,0.000000,-0.073993,4.243349,yes,,0.000000
862,215,2,C4_rot_180deg,44997.208674,10800.000000,232.675921,0.073993,0.000000,0.997259,0.997259,0.000000,-0.073993,4.243349,yes,,0.000000
863,215,3,C4_rot_270deg,45017.153849,10780.000000,231.196067,0.073993,0.000000,0.997259,0.997259,0.000000,-0.073993,4.243349,yes,,0.000000
864,216,0,C4_rot_0deg,45037.099025,10500.000000,229.716212,0.073993,0.000000,0.997259,0.997259,0.000000,-0.073993,4.243349,yes,,0.000000
865,216,1,C4_rot_90deg,45017.153849,10520.000000,231.196067,0.073993,0.000000,0.997259,0.997259,0.000000,-0.073993,4.243349,yes,,0.000000
866,216,2,C4_rot_180deg,44997.208674,10500.000000,232.675921,0.073993,0.000000,0.997259,0.997259,0.000000,-0.073993,4.243349,yes,,0.000000
867,216,3,C4_rot_270deg,45017.153849,10480.000000,231.196067,0.073993,0.000000,0.997259,0.997259,0.000000,-0.073993,4.243349,yes,,0.000000
868,217,0,C4_rot_0deg,45037.099025,10200.000000,229.716212,0.073993,0.000000,0.997259,0.997259,0.000000,-0.073993,4.243349,yes,,0.000000
869,217,1,C4_rot_90deg,45017.153849,10220.000000,231.196067,0.073993,0.000000,0.997259,0.997259,0.000000,-0.073993,4.243349,yes,,0.000000
870,217,2,C4_rot_180deg,44997.208674,10200.000000,232.675921,0.073993,0.000000,0.997259,0.997259,0.000000,-0.073993,4.243349,yes,,0.000000
871,217,3,C4_rot_270deg,45017.153849,10180.000000,231.196067,0.073993,0.000000,0.997259,0.997259,0.000000,-0.073993,4.243349,yes,,0.000000
872,218,0,C4_rot_0deg,45037.099025,9900.000000,229.716212,0.073993,0.000000,0.997259,0.997259,0.000000,-0.073993,4.243349,yes,,0.000000
873,218,1,C4_rot_90deg,45017.153849,9920.000000,231.196067,0.073993,0.000000,0.997259,0.997259,0.000000,-0.073993,4.243349,yes,,0.000000
874,218,2,C4_rot_180deg,44997.208674,9900.000000,232.675921,0.073993,0.000000,0.997259,0.997259,0.000000,-0.073993,4.243349,yes,,0.000000
875,218,3,C4_rot_270deg,45017.153849,9880.000000,231.196067,0.073993,0.000000,0.997259,0.997259,0.000000,-0.073993,4.243349,yes,,0.000000
876,219,0,C4_rot_0deg,45037.099025,9600.000000,229.716212,0.073993,0.000000,0.997259,0.997259,0.000000,-0.073993,4.243349,yes,,0.000000
877,219,1,C4_rot_90deg,45017.153849,9620.000000,231.196067,0.073993,0.000000,0.997259,0.997259,0.000000,-0.073993,4.243349,yes,,0.000000
878,219,2,C4_rot_180deg,44997.208674,9600.000000,232.675921,0.073993,0.000000,0.997259,0.997259,0.000000,-0.073993,4.243349,yes,,0.000000
879,219,3,C4_rot_270deg,45017.153849,9580.000000,231.196067,0.073993,0.000000,0.997259,0.997259,0.000000,-0.073993,4.243349,yes,,0.000000
880,220,0,C4_rot_0deg,45037.099025,9300.000000,229.716212,0.073993,0.000000,0.997259,0.997259,0.000000,-0.073993,4.243349,yes,,0.000000
881,220,1,C4_rot_90deg,45017.153849,9320.000000,231.196067,0.073993,0.000000,0.997259,0.997259,0.000000,-0.073993,4.243349,yes,,0.000000
882,220,2,C4_rot_180deg,44997.208674,9300.000000,232.675921,0.073993,0.000000,0.997259,0.997259,0.000000,-0.073993,4.243349,yes,,0.000000
883,220,3,C4_rot_270deg,45017.153849,9280.000000,231.196067,0.073993,0.000000,0.997259,0.997259,0.000000,-0.073993,4.243349,yes,,0.000000
884,221,0,C4_rot_0deg,45037.099025,9000.000000,229.716212,0.073993,0.000000,0.997259,0.997259,0.000000,-0.073993,4.243349,yes,,0.000000
885,221,1,C4_rot_90deg,45017.153849,9020.000000,231.196067,0.073993,0.000000,0.997259,0.997259,0.000000,-0.073993,4.243349,yes,,0.000000
886,221,2,C4_rot_180deg,44997.208674,9000.000000,232.675921,0.073993,0.000000,0.997259,0.997259,0.000000,-0.073993,4.243349,yes,,0.000000
887,221,3,C4_rot_270deg,45017.153849,8980.000000,231.196067,0.073993,0.000000,0.997259,0.997259,0.000000,-0.073993,4.243349,yes,,0.000000
888,222,0,C4_rot_0deg,45037.099025,8700.000000,229.716212,0.073993,0.000000,0.997259,0.997259,0.000000,-0.073993,4.243349,yes,,0.000000
889,222,1,C4_rot_90deg,45017.153849,8720.000000,231.196067,0.073993,0.000000,0.997259,0.997259,0.000000,-0.073993,4.243349,yes,,0.000000
890,222,2,C4_rot_180deg,44997.208674,8700.000000,232.675921,0.073993,0.000000,0.997259,0.997259,0.000000,-0.073993,4.243349,yes,,0.000000
891,222,3,C4_rot_270deg,45017.153849,8680.000000,231.196067,0.073993,0.000000,0.997259,0.997259,0.000000,-0.073993,4.243349,yes,,0.000000
892,223,0,C4_rot_0deg,45037.099025,8400.000000,229.716212,0.073993,0.000000,0.997259,0.997259,0.000000,-0.073993,4.243349,yes,,0.000000
893,223,1,C4_rot_90deg,45017.153849,8420.000000,231.196067,0.073993,0.000000,0.997259,0.997259,0.000000,-0.073993,4.243349,yes,,0.000000
894,223,2,C4_rot_180deg,44997.208674,8400.000000,232.675921,0.073993,0.000000,0.997259,0.997259,0.000000,-0.073993,4.243349,yes,,0.000000
895,223,3,C4_rot_270deg,45017.153849,8380.000000,231.196067,0.073993,0.000000,0.997259,0.997259,0.000000,-0.073993,4.243349,yes,,0.000000
896,224,0,C4_rot_0deg,45037.099025,8100.000000,229.716212,0.073993,0.000000,0.997259,0.997259,0.000000,-0.073993,4.243349,yes,,0.000000
897,224,1,C4_rot_90deg,45017.153849,8120.000000,231.196067,0.073993,0.000000,0.997259,0.997259,0.000000,-0.073993,4.243349,yes,,0.000000
898,224,2,C4_rot_180deg,44997.208674,8100.000000,232.675921,0.073993,0.000000,0.997259,0.997259,0.000000,-0.073993,4.243349,yes,,0.000000
899,224,3,C4_rot_270deg,45017.153849,8080.000000,231.196067,0.073993,0.000000,0.997259,0.997259,0.000000,-0.073993,4.243349,yes,,0.000000
900,225,0,C4_rot_0deg,45037.099025,7800.000000,229.716212,0.073993,0.000000,0.997259,0.997259,0.000000,-0.073993,4.243349,yes,,0.000000
901,225,1,C4_rot_90deg,45017.153849,7820.000000,231.196067,0.073993,0.000000,0.997259,0.997259,0.000000,-0.073993,4.243349,yes,,0.000000
902,225,2,C4_rot_180deg,44997.208674,7800.000000,232.675921,0.073993,0.000000,0.997259,0.997259,0.000000,-0.073993,4.243349,yes,,0.000000
903,225,3,C4_rot_270deg,45017.153849,7780.000000,231.196067,0.073993,0.000000,0.997259,0.997259,0.000000,-0.073993,4.243349,yes,,0.000000
904,226,0,C4_rot_0deg,45037.099025,7500.000000,229.716212,0.073993,0.000000,0.997259,0.997259,0.000000,-0.073993,4.243349,yes,,0.000000
905,226,1,C4_rot_90deg,45017.153849,7520.000000,231.196067,0.073993,0.000000,0.997259,0.997259,0.000000,-0.073993,4.243349,yes,,0.000000
906,226,2,C4_rot_180deg,44997.208674,7500.000000,232.675921,0.073993,0.000000,0.997259,0.997259,0.000000,-0.073993,4.243349,yes,,0.000000
907,226,3,C4_rot_270deg,45017.153849,7480.000000,231.196067,0.073993,0.000000,0.997259,0.997259,0.000000,-0.073993,4.243349,yes,,0.000000
908,227,0,C4_rot_0deg,45037.099025,7200.000000,229.716212,0.073993,0.000000,0.997259,0.997259,0.000000,-0.073993,4.243349,yes,,0.000000
909,227,1,C4_rot_90deg,45017.153849,7220.000000,231.196067,0.073993,0.000000,0.997259,0.997259,0.000000,-0.073993,4.243349,yes,,0.000000
910,227,2,C4_rot_180deg,44997.208674,7200.000000,232.675921,0.073993,0.000000,0.997259,0.997259,0.000000,-0.073993,4.243349,yes,,0.000000
911,227,3,C4_rot_270deg,45017.153849,7180.000000,231.196067,0.073993,0.000000,0.997259,0.997259,0.000000,-0.073993,4.243349,yes,,0.000000
912,228,0,C4_rot_0deg,45037.099025,6900.000000,229.716212,0.073993,0.000000,0.997259,0.997259,0.000000,-0.073993,4.243349,yes,,0.000000
913,228,1,C4_rot_90deg,45017.153849,6920.000000,231.196067,0.073993,0.000000,0.997259,0.997259,0.000000,-0.073993,4.243349,yes,,0.000000
914,228,2,C4_rot_180deg,44997.208674,6900.000000,232.675921,0.073993,0.000000,0.997259,0.997259,0.000000,-0.073993,4.243349,yes,,0.000000
915,228,3,C4_rot_270deg,45017.153849,6880.000000,231.196067,0.073993,0.000000,0.997259,0.997259,0.000000,-0.073993,4.243349,yes,,0.000000
916,229,0,C4_rot_0deg,45037.099025,6600.000000,229.716212,0.073993,0.000000,0.997259,0.997259,0.000000,-0.073993,4.243349,yes,,0.000000
917,229,1,C4_rot_90deg,45017.153849,6620.000000,231.196067,0.073993,0.000000,0.997259,0.997259,0.000000,-0.073993,4.243349,yes,,0.000000
918,229,2,C4_rot_180deg,44997.208674,6600.000000,232.675921,0.073993,0.000000,0.997259,0.997259,0.000000,-0.073993,4.243349,yes,,0.000000
919,229,3,C4_rot_270deg,45017.153849,6580.000000,231.196067,0.073993,0.000000,0.997259,0.997259,0.000000,-0.073993,4.243349,yes,,0.000000
920,230,0,C4_rot_0deg,45037.099025,6300.000000,229.716212,0.073993,0.000000,0.997259,0.997259,0.000000,-0.073993,4.243349,yes,,0.000000
921,230,1,C4_rot_90deg,45017.153849,6320.000000,231.196067,0.073993,0.000000,0.997259,0.997259,0.000000,-0.073993,4.243349,yes,,0.000000
922,230,2,C4_rot_180deg,44997.208674,6300.000000,232.675921,0.073993,0.000000,0.997259,0.997259,0.000000,-0.073993,4.243349,yes,,0.000000
923,230,3,C4_rot_270deg,45017.153849,6280.000000,231.196067,0.073993,0.000000,0.997259,0.997259,0.000000,-0.073993,4.243349,yes,,0.000000
924,231,0,C4_rot_0deg,45037.099025,6000.000000,229.716212,0.073993,0.000000,0.997259,0.997259,0.000000,-0.073993,4.243349,yes,,0.000000
925,231,1,C4_rot_90deg,45017.153849,6020.000000,231.196067,0.073993,0.000000,0.997259,0.997259,0.000000,-0.073993,4.243349,yes,,0.000000
926,231,2,C4_rot_180deg,44997.208674,6000.000000,232.675921,0.073993,0.000000,0.997259,0.997259,0.000000,-0.073993,4.243349,yes,,0.000000
927,231,3,C4_rot_270deg,45017.153849,5980.000000,231.196067,0.073993,0.000000,0.997259,0.997259,0.000000,-0.073993,4.243349,yes,,0.000000
928,232,0,C4_rot_0deg,45037.099025,5700.000000,229.716212,0.073993,0.000000,0.997259,0.997259,0.000000,-0.073993,4.243349,yes,,0.000000
929,232,1,C4_rot_90deg,45017.153849,5720.000000,231.196067,0.073993,0.000000,0.997259,0.997259,0.000000,-0.073993,4.243349,yes,,0.000000
930,232,2,C4_rot_180deg,44997.208674,5700.000000,232.675921,0.073993,0.000000,0.997259,0.997259,0.000000,-0.073993,4.243349,yes,,0.000000
931,232,3,C4_rot_270deg,45017.153849,5680.000000,231.196067,0.073993,0.000000,0.997259,0.997259,0.000000,-0.073993,4.243349,yes,,0.000000
932,233,0,C4_rot_0deg,45037.099025,5400.000000,229.716212,0.073993,0.000000,0.997259,0.997259,0.000000,-0.073993,4.243349,yes,,0.000000
933,233,1,C4_rot_90deg,45017.153849,5420.000000,231.196067,0.073993,0.000000,0.997259,0.997259,0.000000,-0.073993,4.243349,yes,,0.000000
934,233,2,C4_rot_180deg,44997.208674,5400.000000,232.675921,0.073993,0.000000,0.997259,0.997259,0.000000,-0.073993,4.243349,yes,,0.000000
935,233,3,C4_rot_270deg,45017.153849,5380.000000,231.196067,0.073993,0.000000,0.997259,0.997259,0.000000,-0.073993,4.243349,yes,,0.000000
936,234,0,C4_rot_0deg,45037.099025,5100.000000,229.716212,0.073993,0.000000,0.997259,0.997259,0.000000,-0.073993,4.243349,yes,,0.000000
937,234,1,C4_rot_90deg,45017.153849,5120.000000,231.196067,0.073993,0.000000,0.997259,0.997259,0.000000,-0.073993,4.243349,yes,,0.000000
938,234,2,C4_rot_180deg,44997.208674,5100.000000,232.675921,0.073993,0.000000,0.997259,0.997259,0.000000,-0.073993,4.243349,yes,,0.000000
939,234,3,C4_rot_270deg,45017.153849,5080.000000,231.196067,0.073993,0.000000,0.997259,0.997259,0.000000,-0.073993,4.243349,yes,,0.000000
940,235,0,C4_rot_0deg,45037.099025,4800.000000,229.716212,0.073993,0.000000,0.997259,0.997259,0.000000,-0.073993,4.243349,yes,,0.000000
941,235,1,C4_rot_90deg,45017.153849,4820.000000,231.196067,0.073993,0.000000,0.997259,0.997259,0.000000,-0.073993,4.243349,yes,,0.000000
942,235,2,C4_rot_180deg,44997.208674,4800.000000,232.675921,0.073993,0.000000,0.997259,0.997259,0.000000,-0.073993,4.243349,yes,,0.000000
943,235,3,C4_rot_270deg,45017.153849,4780.000000,231.196067,0.073993,0.000000,0.997259,0.997259,0.000000,-0.073993,4.243349,yes,,0.000000
944,236,0,C4_rot_0deg,45037.099025,4500.000000,229.716212,0.073993,0.000000,0.997259,0.997259,0.000000,-0.073993,4.243349,yes,,0.000000
945,236,1,C4_rot_90deg,45017.153849,4520.000000,231.196067,0.073993,0.000000,0.997259,0.997259,0.000000,-0.073993,4.243349,yes,,0.000000
946,236,2,C4_rot_180deg,44997.208674,4500.000000,232.675921,0.073993,0.000000,0.997259,0.997259,0.000000,-0.073993,4.243349,yes,,0.000000
947,236,3,C4_rot_270deg,45017.153849,4480.000000,231.196067,0.073993,0.000000,0.997259,0.997259,0.000000,-0.073993,4.243349,yes,,0.000000
948,237,0,C4_rot_0deg,45037.099025,4200.000000,229.716212,0.073993,0.000000,0.997259,0.997259,0.000000,-0.073993,4.243349,yes,,0.000000
949,237,1,C4_rot_90deg,45017.153849,4220.000000,231.196067,0.073993,0.000000,0.997259,0.997259,0.000000,-0.073993,4.243349,yes,,0.000000
950,237,2,C4_rot_180deg,44997.208674,4200.000000,232.675921,0.073993,0.000000,0.997259,0.997259,0.000000,-0.073993,4.243349,yes,,0.000000
951,237,3,C4_rot_270deg,45017.153849,4180.000000,231.196067,0.073993,0.000000,0.997259,0.997259,0.000000,-0.073993,4.243349,yes,,0.000000
952,238,0,C4_rot_0deg,45037.099025,3900.000000,229.716212,0.073993,0.000000,0.997259,0.997259,0.000000,-0.073993,4.243349,yes,,0.000000
953,238,1,C4_rot_90deg,45017.153849,3920.000000,231.196067,0.073993,0.000000,0.997259,0.997259,0.000000,-0.073993,4.243349,yes,,0.000000
954,238,2,C4_rot_180deg,44997.208674,3900.000000,232.675921,0.073993,0.000000,0.997259,0.997259,0.000000,-0.073993,4.243349,yes,,0.000000
955,238,3,C4_rot_270deg,45017.153849,3880.000000,231.196067,0.073993,0.000000,0.997259,0.997259,0.000000,-0.073993,4.243349,yes,,0.000000
956,239,0,C4_rot_0deg,45037.099025,3600.000000,229.716212,0.073993,0.000000,0.997259,0.997259,0.000000,-0.073993,4.243349,yes,,0.000000
957,239,1,C4_rot_90deg,45017.153849,3620.000000,231.196067,0.073993,0.000000,0.997259,0.997259,0.000000,-0.073993,4.243349,yes,,0.000000
958,239,2,C4_rot_180deg,44997.208674,3600.000000,232.675921,0.073993,0.000000,0.997259,0.997259,0.000000,-0.073993,4.243349,yes,,0.000000
959,239,3,C4_rot_270deg,45017.153849,3580.000000,231.196067,0.073993,0.000000,0.997259,0.997259,0.000000,-0.073993,4.243349,yes,,0.000000
960,240,0,C4_rot_0deg,45037.099025,3300.000000,229.716212,0.073993,0.000000,0.997259,0.997259,0.000000,-0.073993,4.243349,yes,,0.000000
961,240,1,C4_rot_90deg,45017.153849,3320.000000,231.196067,0.073993,0.000000,0.997259,0.997259,0.000000,-0.073993,4.243349,yes,,0.000000
962,240,2,C4_rot_180deg,44997.208674,3300.000000,232.675921,0.073993,0.000000,0.997259,0.997259,0.000000,-0.073993,4.243349,yes,,0.000000
963,240,3,C4_rot_270deg,45017.153849,3280.000000,231.196067,0.073993,0.000000,0.997259,0.997259,0.000000,-0.073993,4.243349,yes,,0.000000
964,241,0,C4_rot_0deg,45037.099025,3000.000000,229.716212,0.073993,0.000000,0.997259,0.997259,0.000000,-0.073993,4.243349,yes,,0.000000
965,241,1,C4_rot_90deg,45017.153849,3020.000000,231.196067,0.073993,0.000000,0.997259,0.997259,0.000000,-0.073993,4.243349,yes,,0.000000
966,241,2,C4_rot_180deg,44997.208674,3000.000000,232.675921,0.073993,0.000000,0.997259,0.997259,0.000000,-0.073993,4.243349,yes,,0.000000
967,241,3,C4_rot_270deg,45017.153849,2980.000000,231.196067,0.073993,0.000000,0.997259,0.997259,0.000000,-0.073993,4.243349,yes,,0.000000
968,242,0,C4_rot_0deg,45037.099025,2700.000000,229.716212,0.073993,0.000000,0.997259,0.997259,0.000000,-0.073993,4.243349,yes,,0.000000
969,242,1,C4_rot_90deg,45017.153849,2720.000000,231.196067,0.073993,0.000000,0.997259,0.997259,0.000000,-0.073993,4.243349,yes,,0.000000
970,242,2,C4_rot_180deg,44997.208674,2700.000000,232.675921,0.073993,0.000000,0.997259,0.997259,0.000000,-0.073993,4.243349,yes,,0.000000
971,242,3,C4_rot_270deg,45017.153849,2680.000000,231.196067,0.073993,0.000000,0.997259,0.997259,0.000000,-0.073993,4.243349,yes,,0.000000
972,243,0,C4_rot_0deg,45037.099025,2400.000000,229.716212,0.073993,0.000000,0.997259,0.997259,0.000000,-0.073993,4.243349,yes,,0.000000
973,243,1,C4_rot_90deg,45017.153849,2420.000000,231.196067,0.073993,0.000000,0.997259,0.997259,0.000000,-0.073993,4.243349,yes,,0.000000
974,243,2,C4_rot_180deg,44997.208674,2400.000000,232.675921,0.073993,0.000000,0.997259,0.997259,0.000000,-0.073993,4.243349,yes,,0.000000
975,243,3,C4_rot_270deg,45017.153849,2380.000000,231.196067,0.073993,0.000000,0.997259,0.997259,0.000000,-0.073993,4.243349,yes,,0.000000
976,244,0,C4_rot_0deg,45037.099025,2100.000000,229.716212,0.073993,0.000000,0.997259,0.997259,0.000000,-0.073993,4.243349,yes,,0.000000
977,244,1,C4_rot_90deg,45017.153849,2120.000000,231.196067,0.073993,0.000000,0.997259,0.997259,0.000000,-0.073993,4.243349,yes,,0.000000
978,244,2,C4_rot_180deg,44997.208674,2100.000000,232.675921,0.073993,0.000000,0.997259,0.997259,0.000000,-0.073993,4.243349,yes,,0.000000
979,244,3,C4_rot_270deg,45017.153849,2080.000000,231.196067,0.073993,0.000000,0.997259,0.997259,0.000000,-0.073993,4.243349,yes,,0.000000
980,245,0,C4_rot_0deg,45037.099025,1800.000000,229.716212,0.073993,0.000000,0.997259,0.997259,0.000000,-0.073993,4.243349,yes,,0.000000
981,245,1,C4_rot_90deg,45017.153849,1820.000000,231.196067,0.073993,0.000000,0.997259,0.997259,0.000000,-0.073993,4.243349,yes,,0.000000
982,245,2,C4_rot_180deg,44997.208674,1800.000000,232.675921,0.073993,0.000000,0.997259,0.997259,0.000000,-0.073993,4.243349,yes,,0.000000
983,245,3,C4_rot_270deg,45017.153849,1780.000000,231.196067,0.073993,0.000000,0.997259,0.997259,0.000000,-0.073993,4.243349,yes,,0.000000
984,246,0,C4_rot_0deg,45037.099025,1500.000000,229.716212,0.073993,0.000000,0.997259,0.997259,0.000000,-0.073993,4.243349,yes,,0.000000
985,246,1,C4_rot_90deg,45017.153849,1520.000000,231.196067,0.073993,0.000000,0.997259,0.997259,0.000000,-0.073993,4.243349,yes,,0.000000
986,246,2,C4_rot_180deg,44997.208674,1500.000000,232.675921,0.073993,0.000000,0.997259,0.997259,0.000000,-0.073993,4.243349,yes,,0.000000
987,246,3,C4_rot_270deg,45017.153849,1480.000000,231.196067,0.073993,0.000000,0.997259,0.997259,0.000000,-0.073993,4.243349,yes,,0.000000
988,247,0,C4_rot_0deg,45037.099025,1200.000000,229.716212,0.073993,0.000000,0.997259,0.997259,0.000000,-0.073993,4.243349,yes,,0.000000
989,247,1,C4_rot_90deg,45017.153849,1220.000000,231.196067,0.073993,0.000000,0.997259,0.997259,0.000000,-0.073993,4.243349,yes,,0.000000
990,247,2,C4_rot_180deg,44997.208674,1200.000000,232.675921,0.073993,0.000000,0.997259,0.997259,0.000000,-0.073993,4.243349,yes,,0.000000
991,247,3,C4_rot_270deg,45017.153849,1180.000000,231.196067,0.073993,0.000000,0.997259,0.997259,0.000000,-0.073993,4.243349,yes,,0.000000
992,248,0,C4_rot_0deg,45037.099025,900.000000,229.716212,0.073993,0.000000,0.997259,0.997259,0.000000,-0.073993,4.243349,yes,,0.000000
993,248,1,C4_rot_90deg,45017.153849,920.000000,231.196067,0.073993,0.000000,0.997259,0.997259,0.000000,-0.073993,4.243349,yes,,0.000000
994,248,2,C4_rot_180deg,44997.208674,900.000000,232.675921,0.073993,0.000000,0.997259,0.997259,0.000000,-0.073993,4.243349,yes,,0.000000
995,248,3,C4_rot_270deg,45017.153849,880.000000,231.196067,0.073993,0.000000,0.997259,0.997259,0.000000,-0.073993,4.243349,yes,,0.000000
996,249,0,C4_rot_0deg,45037.099025,600.000000,229.716212,0.073993,0.000000,0.997259,0.997259,0.000000,-0.073993,4.243349,yes,,0.000000
997,249,1,C4_rot_90deg,45017.153849,620.000000,231.196067,0.073993,0.000000,0.997259,0.997259,0.000000,-0.073993,4.243349,yes,,0.000000
998,249,2,C4_rot_180deg,44997.208674,600.000000,232.675921,0.073993,0.000000,0.997259,0.997259,0.000000,-0.073993,4.243349,yes,,0.000000
999,249,3,C4_rot_270deg,45017.153849,580.000000,231.196067,0.073993,0.000000,0.997259,0.997259,0.000000,-0.073993,4.243349,yes,,0.000000
1000,250,0,C4_rot_0deg,45037.099025,300.000000,229.716212,0.073993,0.000000,0.997259,0.997259,0.000000,-0.073993,4.243349,yes,,0.000000
1001,250,1,C4_rot_90deg,45017.153849,320.000000,231.196067,0.073993,0.000000,0.997259,0.997259,0.000000,-0.073993,4.243349,yes,,0.000000
1002,250,2,C4_rot_180deg,44997.208674,300.000000,232.675921,0.073993,0.000000,0.997259,0.997259,0.000000,-0.073993,4.243349,yes,,0.000000
1003,250,3,C4_rot_270deg,45017.153849,280.000000,231.196067,0.073993,0.000000,0.997259,0.997259,0.000000,-0.073993,4.243349,yes,,0.000000
1004,251,0,C4_rot_0deg,45037.099025,0.000000,229.716212,0.073993,0.000000,0.997259,0.997259,0.000000,-0.073993,4.243349,yes,,0.000000
1005,251,1,C4_rot_90deg,45017.153849,20.000000,231.196067,0.073993,0.000000,0.997259,0.997259,0.000000,-0.073993,4.243349,yes,,0.000000
1006,251,2,C4_rot_180deg,44997.208674,0.000000,232.675921,0.073993,0.000000,0.997259,0.997259,0.000000,-0.073993,4.243349,yes,,0.000000
1007,251,3,C4_rot_270deg,45017.153849,-20.000000,231.196067,0.073993,0.000000,0.997259,0.997259,0.000000,-0.073993,4.243349,yes,,0.000000
1008,252,0,C4_rot_0deg,45037.099025,-300.000000,229.716212,0.073993,0.000000,0.997259,0.997259,0.000000,-0.073993,4.243349,yes,,0.000000
1009,252,1,C4_rot_90deg,45017.153849,-280.000000,231.196067,0.073993,0.000000,0.997259,0.997259,0.000000,-0.073993,4.243349,yes,,0.000000
1010,252,2,C4_rot_180deg,44997.208674,-300.000000,232.675921,0.073993,0.000000,0.997259,0.997259,0.000000,-0.073993,4.243349,yes,,0.000000
1011,252,3,C4_rot_270deg,45017.153849,-320.000000,231.196067,0.073993,0.000000,0.997259,0.997259,0.000000,-0.073993,4.243349,yes,,0.000000
1012,253,0,C4_rot_0deg,45037.099025,-600.000000,229.716212,0.073993,0.000000,0.997259,0.997259,0.000000,-0.073993,4.243349,yes,,0.000000
1013,253,1,C4_rot_90deg,45017.153849,-580.000000,231.196067,0.073993,0.000000,0.997259,0.997259,0.000000,-0.073993,4.243349,yes,,0.000000
1014,253,2,C4_rot_180deg,44997.208674,-600.000000,232.675921,0.073993,0.000000,0.997259,0.997259,0.000000,-0.073993,4.243349,yes,,0.000000
1015,253,3,C4_rot_270deg,45017.153849,-620.000000,231.196067,0.073993,0.000000,0.997259,0.997259,0.000000,-0.073993,4.243349,yes,,0.000000
1016,254,0,C4_rot_0deg,45037.099025,-900.000000,229.716212,0.073993,0.000000,0.997259,0.997259,0.000000,-0.073993,4.243349,yes,,0.000000
1017,254,1,C4_rot_90deg,45017.153849,-880.000000,231.196067,0.073993,0.000000,0.997259,0.997259,0.000000,-0.073993,4.243349,yes,,0.000000
1018,254,2,C4_rot_180deg,44997.208674,-900.000000,232.675921,0.073993,0.000000,0.997259,0.997259,0.000000,-0.073993,4.243349,yes,,0.000000
1019,254,3,C4_rot_270deg,45017.153849,-920.000000,231.196067,0.073993,0.000000,0.997259,0.997259,0.000000,-0.073993,4.243349,yes,,0.000000
1020,255,0,C4_rot_0deg,45037.099025,-1200.000000,229.716212,0.073993,0.000000,0.997259,0.997259,0.000000,-0.073993,4.243349,yes,,0.000000
1021,255,1,C4_rot_90deg,45017.153849,-1180.000000,231.196067,0.073993,0.000000,0.997259,0.997259,0.000000,-0.073993,4.243349,yes,,0.000000
1022,255,2,C4_rot_180deg,44997.208674,-1200.000000,232.675921,0.073993,0.000000,0.997259,0.997259,0.000000,-0.073993,4.243349,yes,,0.000000
1023,255,3,C4_rot_270deg,45017.153849,-1220.000000,231.196067,0.073993,0.000000,0.997259,0.997259,0.000000,-0.073993,4.243349,yes,,0.000000
1024,256,0,C4_rot_0deg,45037.099025,-1500.000000,229.716212,0.073993,0.000000,0.997259,0.997259,0.000000,-0.073993,4.243349,yes,,0.000000
1025,256,1,C4_rot_90deg,45017.153849,-1480.000000,231.196067,0.073993,0.000000,0.997259,0.997259,0.000000,-0.073993,4.243349,yes,,0.000000
1026,256,2,C4_rot_180deg,44997.208674,-1500.000000,232.675921,0.073993,0.000000,0.997259,0.997259,0.000000,-0.073993,4.243349,yes,,0.000000
1027,256,3,C4_rot_270deg,45017.153849,-1520.000000,231.196067,0.073993,0.000000,0.997259,0.997259,0.000000,-0.073993,4.243349,yes,,0.000000
1028,257,0,C4_rot_0deg,45037.099025,-1800.000000,229.716212,0.073993,0.000000,0.997259,0.997259,0.000000,-0.073993,4.243349,yes,,0.000000
1029,257,1,C4_rot_90deg,45017.153849,-1780.000000,231.196067,0.073993,0.000000,0.997259,0.997259,0.000000,-0.073993,4.243349,yes,,0.000000
1030,257,2,C4_rot_180deg,44997.208674,-1800.000000,232.675921,0.073993,0.000000,0.997259,0.997259,0.000000,-0.073993,4.243349,yes,,0.000000
1031,257,3,C4_rot_270deg,45017.153849,-1820.000000,231.196067,0.073993,0.000000,0.997259,0.997259,0.000000,-0.073993,4.243349,yes,,0.000000
1032,258,0,C4_rot_0deg,45037.099025,-2100.000000,229.716212,0.073993,0.000000,0.997259,0.997259,0.000000,-0.073993,4.243349,yes,,0.000000
1033,258,1,C4_rot_90deg,45017.153849,-2080.000000,231.196067,0.073993,0.000000,0.997259,0.997259,0.000000,-0.073993,4.243349,yes,,0.000000
1034,258,2,C4_rot_180deg,44997.208674,-2100.000000,232.675921,0.073993,0.000000,0.997259,0.997259,0.000000,-0.073993,4.243349,yes,,0.000000
1035,258,3,C4_rot_270deg,45017.153849,-2120.000000,231.196067,0.073993,0.000000,0.997259,0.997259,0.000000,-0.073993,4.243349,yes,,0.000000
1036,259,0,C4_rot_0deg,45037.099025,-2400.000000,229.716212,0.073993,0.000000,0.997259,0.997259,0.000000,-0.073993,4.243349,yes,,0.000000
1037,259,1,C4_rot_90deg,45017.153849,-2380.000000,231.196067,0.073993,0.000000,0.997259,0.997259,0.000000,-0.073993,4.243349,yes,,0.000000
1038,259,2,C4_rot_180deg,44997.208674,-2400.000000,232.675921,0.073993,0.000000,0.997259,0.997259,0.000000,-0.073993,4.243349,yes,,0.000000
1039,259,3,C4_rot_270deg,45017.153849,-2420.000000,231.196067,0.073993,0.000000,0.997259,0.997259,0.000000,-0.073993,4.243349,yes,,0.000000
1040,260,0,C4_rot_0deg,45037.099025,-2700.000000,229.716212,0.073993,0.000000,0.997259,0.997259,0.000000,-0.073993,4.243349,yes,,0.000000
1041,260,1,C4_rot_90deg,45017.153849,-2680.000000,231.196067,0.073993,0.000000,0.997259,0.997259,0.000000,-0.073993,4.243349,yes,,0.000000
1042,260,2,C4_rot_180deg,44997.208674,-2700.000000,232.675921,0.073993,0.000000,0.997259,0.997259,0.000000,-0.073993,4.243349,yes,,0.000000
1043,260,3,C4_rot_270deg,45017.153849,-2720.000000,231.196067,0.073993,0.000000,0.997259,0.997259,0.000000,-0.073993,4.243349,yes,,0.000000
1044,261,0,C4_rot_0deg,45037.099025,-3000.000000,229.716212,0.073993,0.000000,0.997259,0.997259,0.000000,-0.073993,4.243349,yes,,0.000000
1045,261,1,C4_rot_90deg,45017.153849,-2980.000000,231.196067,0.073993,0.000000,0.997259,0.997259,0.000000,-0.073993,4.243349,yes,,0.000000
1046,261,2,C4_rot_180deg,44997.208674,-3000.000000,232.675921,0.073993,0.000000,0.997259,0.997259,0.000000,-0.073993,4.243349,yes,,0.000000
1047,261,3,C4_rot_270deg,45017.153849,-3020.000000,231.196067,0.073993,0.000000,0.997259,0.997259,0.000000,-0.073993,4.243349,yes,,0.000000
1048,262,0,C4_rot_0deg,45037.099025,-3300.000000,229.716212,0.073993,0.000000,0.997259,0.997259,0.000000,-0.073993,4.243349,yes,,0.000000
1049,262,1,C4_rot_90deg,45017.153849,-3280.000000,231.196067,0.073993,0.000000,0.997259,0.997259,0.000000,-0.073993,4.243349,yes,,0.000000
1050,262,2,C4_rot_180deg,44997.208674,-3300.000000,232.675921,0.073993,0.000000,0.997259,0.997259,0.000000,-0.073993,4.243349,yes,,0.000000
1051,262,3,C4_rot_270deg,45017.153849,-3320.000000,231.196067,0.073993,0.000000,0.997259,0.997259,0.000000,-0.073993,4.243349,yes,,0.000000
1052,263,0,C4_rot_0deg,45037.099025,-3600.000000,229.716212,0.073993,0.000000,0.997259,0.997259,0.000000,-0.073993,4.243349,yes,,0.000000
1053,263,1,C4_rot_90deg,45017.153849,-3580.000000,231.196067,0.073993,0.000000,0.997259,0.997259,0.000000,-0.073993,4.243349,yes,,0.000000
1054,263,2,C4_rot_180deg,44997.208674,-3600.000000,232.675921,0.073993,0.000000,0.997259,0.997259,0.000000,-0.073993,4.243349,yes,,0.000000
1055,263,3,C4_rot_270deg,45017.153849,-3620.000000,231.196067,0.073993,0.000000,0.997259,0.997259,0.000000,-0.073993,4.243349,yes,,0.000000
1056,264,0,C4_rot_0deg,45037.099025,-3900.000000,229.716212,0.073993,0.000000,0.997259,0.997259,0.000000,-0.073993,4.243349,yes,,0.000000
1057,264,1,C4_rot_90deg,45017.153849,-3880.000000,231.196067,0.073993,0.000000,0.997259,0.997259,0.000000,-0.073993,4.243349,yes,,0.000000
1058,264,2,C4_rot_180deg,44997.208674,-3900.000000,232.675921,0.073993,0.000000,0.997259,0.997259,0.000000,-0.073993,4.243349,yes,,0.000000
1059,264,3,C4_rot_270deg,45017.153849,-3920.000000,231.196067,0.073993,0.000000,0.997259,0.997259,0.000000,-0.073993,4.243349,yes,,0.000000
1060,265,0,C4_rot_0deg,45037.099025,-4200.000000,229.716212,0.073993,0.000000,0.997259,0.997259,0.000000,-0.073993,4.243349,yes,,0.000000
1061,265,1,C4_rot_90deg,45017.153849,-4180.000000,231.196067,0.073993,0.000000,0.997259,0.997259,0.000000,-0.073993,4.243349,yes,,0.000000
1062,265,2,C4_rot_180deg,44997.208674,-4200.000000,232.675921,0.073993,0.000000,0.997259,0.997259,0.000000,-0.073993,4.243349,yes,,0.000000
1063,265,3,C4_rot_270deg,45017.153849,-4220.000000,231.196067,0.073993,0.000000,0.997259,0.997259,0.000000,-0.073993,4.243349,yes,,0.000000
1064,266,0,C4_rot_0deg,45037.099025,-4500.000000,229.716212,0.073993,0.000000,0.997259,0.997259,0.000000,-0.073993,4.243349,yes,,0.000000
1065,266,1,C4_rot_90deg,45017.153849,-4480.000000,231.196067,0.073993,0.000000,0.997259,0.997259,0.000000,-0.073993,4.243349,yes,,0.000000
1066,266,2,C4_rot_180deg,44997.208674,-4500.000000,232.675921,0.073993,0.000000,0.997259,0.997259,0.000000,-0.073993,4.243349,yes,,0.000000
1067,266,3,C4_rot_270deg,45017.153849,-4520.000000,231.196067,0.073993,0.000000,0.997259,0.997259,0.000000,-0.073993,4.243349,yes,,0.000000
1068,267,0,C4_rot_0deg,45037.099025,-4800.000000,229.716212,0.073993,0.000000,0.997259,0.997259,0.000000,-0.073993,4.243349,yes,,0.000000
1069,267,1,C4_rot_90deg,45017.153849,-4780.000000,231.196067,0.073993,0.000000,0.997259,0.997259,0.000000,-0.073993,4.243349,yes,,0.000000
1070,267,2,C4_rot_180deg,44997.208674,-4800.000000,232.675921,0.073993,0.000000,0.997259,0.997259,0.000000,-0.073993,4.243349,yes,,0.000000
1071,267,3,C4_rot_270deg,45017.153849,-4820.000000,231.196067,0.073993,0.000000,0.997259,0.997259,0.000000,-0.073993,4.243349,yes,,0.000000
1072,268,0,C4_rot_0deg,45037.099025,-5100.000000,229.716212,0.073993,0.000000,0.997259,0.997259,0.000000,-0.073993,4.243349,yes,,0.000000
1073,268,1,C4_rot_90deg,45017.153849,-5080.000000,231.196067,0.073993,0.000000,0.997259,0.997259,0.000000,-0.073993,4.243349,yes,,0.000000
1074,268,2,C4_rot_180deg,44997.208674,-5100.000000,232.675921,0.073993,0.000000,0.997259,0.997259,0.000000,-0.073993,4.243349,yes,,0.000000
1075,268,3,C4_rot_270deg,45017.153849,-5120.000000,231.196067,0.073993,0.000000,0.997259,0.997259,0.000000,-0.073993,4.243349,yes,,0.000000
1076,269,0,C4_rot_0deg,45037.099025,-5400.000000,229.716212,0.073993,0.000000,0.997259,0.997259,0.000000,-0.073993,4.243349,yes,,0.000000
1077,269,1,C4_rot_90deg,45017.153849,-5380.000000,231.196067,0.073993,0.000000,0.997259,0.997259,0.000000,-0.073993,4.243349,yes,,0.000000
1078,269,2,C4_rot_180deg,44997.208674,-5400.000000,232.675921,0.073993,0.000000,0.997259,0.997259,0.000000,-0.073993,4.243349,yes,,0.000000
1079,269,3,C4_rot_270deg,45017.153849,-5420.000000,231.196067,0.073993,0.000000,0.997259,0.997259,0.000000,-0.073993,4.243349,yes,,0.000000
1080,270,0,C4_rot_0deg,45037.099025,-5700.000000,229.716212,0.073993,0.000000,0.997259,0.997259,0.000000,-0.073993,4.243349,yes,,0.000000
1081,270,1,C4_rot_90deg,45017.153849,-5680.000000,231.196067,0.073993,0.000000,0.997259,0.997259,0.000000,-0.073993,4.243349,yes,,0.000000
1082,270,2,C4_rot_180deg,44997.208674,-5700.000000,232.675921,0.073993,0.000000,0.997259,0.997259,0.000000,-0.073993,4.243349,yes,,0.000000
1083,270,3,C4_rot_270deg,45017.153849,-5720.000000,231.196067,0.073993,0.000000,0.997259,0.997259,0.000000,-0.073993,4.243349,yes,,0.000000
1084,271,0,C4_rot_0deg,45037.099025,-6000.000000,229.716212,0.073993,0.000000,0.997259,0.997259,0.000000,-0.073993,4.243349,yes,,0.000000
1085,271,1,C4_rot_90deg,45017.153849,-5980.000000,231.196067,0.073993,0.000000,0.997259,0.997259,0.000000,-0.073993,4.243349,yes,,0.000000
1086,271,2,C4_rot_180deg,44997.208674,-6000.000000,232.675921,0.073993,0.000000,0.997259,0.997259,0.000000,-0.073993,4.243349,yes,,0.000000
1087,271,3,C4_rot_270deg,45017.153849,-6020.000000,231.196067,0.073993,0.000000,0.997259,0.997259,0.000000,-0.073993,4.243349,yes,,0.000000
1088,272,0,C4_rot_0deg,45037.099025,-6300.000000,229.716212,0.073993,0.000000,0.997259,0.997259,0.000000,-0.073993,4.243349,yes,,0.000000
1089,272,1,C4_rot_90deg,45017.153849,-6280.000000,231.196067,0.073993,0.000000,0.997259,0.997259,0.000000,-0.073993,4.243349,yes,,0.000000
1090,272,2,C4_rot_180deg,44997.208674,-6300.000000,232.675921,0.073993,0.000000,0.997259,0.997259,0.000000,-0.073993,4.243349,yes,,0.000000
1091,272,3,C4_rot_270deg,45017.153849,-6320.000000,231.196067,0.073993,0.000000,0.997259,0.997259,0.000000,-0.073993,4.243349,yes,,0.000000
1092,273,0,C4_rot_0deg,45037.099025,-6600.000000,229.716212,0.073993,0.000000,0.997259,0.997259,0.000000,-0.073993,4.243349,yes,,0.000000
1093,273,1,C4_rot_90deg,45017.153849,-6580.000000,231.196067,0.073993,0.000000,0.997259,0.997259,0.000000,-0.073993,4.243349,yes,,0.000000
1094,273,2,C4_rot_180deg,44997.208674,-6600.000000,232.675921,0.073993,0.000000,0.997259,0.997259,0.000000,-0.073993,4.243349,yes,,0.000000
1095,273,3,C4_rot_270deg,45017.153849,-6620.000000,231.196067,0.073993,0.000000,0.997259,0.997259,0.000000,-0.073993,4.243349,yes,,0.000000
1096,274,0,C4_rot_0deg,45037.099025,-6900.000000,229.716212,0.073993,0.000000,0.997259,0.997259,0.000000,-0.073993,4.243349,yes,,0.000000
1097,274,1,C4_rot_90deg,45017.153849,-6880.000000,231.196067,0.073993,0.000000,0.997259,0.997259,0.000000,-0.073993,4.243349,yes,,0.000000
1098,274,2,C4_rot_180deg,44997.208674,-6900.000000,232.675921,0.073993,0.000000,0.997259,0.997259,0.000000,-0.073993,4.243349,yes,,0.000000
1099,274,3,C4_rot_270deg,45017.153849,-6920.000000,231.196067,0.073993,0.000000,0.997259,0.997259,0.000000,-0.073993,4.243349,yes,,0.000000
1100,275,0,C4_rot_0deg,45037.099025,-7200.000000,229.716212,0.073993,0.000000,0.997259,0.997259,0.000000,-0.073993,4.243349,yes,,0.000000
1101,275,1,C4_rot_90deg,45017.153849,-7180.000000,231.196067,0.073993,0.000000,0.997259,0.997259,0.000000,-0.073993,4.243349,yes,,0.000000
1102,275,2,C4_rot_180deg,44997.208674,-7200.000000,232.675921,0.073993,0.000000,0.997259,0.997259,0.000000,-0.073993,4.243349,yes,,0.000000
1103,275,3,C4_rot_270deg,45017.153849,-7220.000000,231.196067,0.073993,0.000000,0.997259,0.997259,0.000000,-0.073993,4.243349,yes,,0.000000
1104,276,0,C4_rot_0deg,45037.099025,-7500.000000,229.716212,0.073993,0.000000,0.997259,0.997259,0.000000,-0.073993,4.243349,yes,,0.000000
1105,276,1,C4_rot_90deg,45017.153849,-7480.000000,231.196067,0.073993,0.000000,0.997259,0.997259,0.000000,-0.073993,4.243349,yes,,0.000000
1106,276,2,C4_rot_180deg,44997.208674,-7500.000000,232.675921,0.073993,0.000000,0.997259,0.997259,0.000000,-0.073993,4.243349,yes,,0.000000
1107,276,3,C4_rot_270deg,45017.153849,-7520.000000,231.196067,0.073993,0.000000,0.997259,0.997259,0.000000,-0.073993,4.243349,yes,,0.000000
1108,277,0,C4_rot_0deg,45037.099025,-7800.000000,229.716212,0.073993,0.000000,0.997259,0.997259,0.000000,-0.073993,4.243349,yes,,0.000000
1109,277,1,C4_rot_90deg,45017.153849,-7780.000000,231.196067,0.073993,0.000000,0.997259,0.997259,0.000000,-0.073993,4.243349,yes,,0.000000
1110,277,2,C4_rot_180deg,44997.208674,-7800.000000,232.675921,0.073993,0.000000,0.997259,0.997259,0.000000,-0.073993,4.243349,yes,,0.000000
1111,277,3,C4_rot_270deg,45017.153849,-7820.000000,231.196067,0.073993,0.000000,0.997259,0.997259,0.000000,-0.073993,4.243349,yes,,0.000000
1112,278,0,C4_rot_0deg,45037.099025,-8100.000000,229.716212,0.073993,0.000000,0.997259,0.997259,0.000000,-0.073993,4.243349,yes,,0.000000
1113,278,1,C4_rot_90deg,45017.153849,-8080.000000,231.196067,0.073993,0.000000,0.997259,0.997259,0.000000,-0.073993,4.243349,yes,,0.000000
1114,278,2,C4_rot_180deg,44997.208674,-8100.000000,232.675921,0.073993,0.000000,0.997259,0.997259,0.000000,-0.073993,4.243349,yes,,0.000000
1115,278,3,C4_rot_270deg,45017.153849,-8120.000000,231.196067,0.073993,0.000000,0.997259,0.997259,0.000000,-0.073993,4.243349,yes,,0.000000
1116,279,0,C4_rot_0deg,45037.099025,-8400.000000,229.716212,0.073993,0.000000,0.997259,0.997259,0.000000,-0.073993,4.243349,yes,,0.000000
1117,279,1,C4_rot_90deg,45017.153849,-8380.000000,231.196067,0.073993,0.000000,0.997259,0.997259,0.000000,-0.073993,4.243349,yes,,0.000000
1118,279,2,C4_rot_180deg,44997.208674,-8400.000000,232.675921,0.073993,0.000000,0.997259,0.997259,0.000000,-0.073993,4.243349,yes,,0.000000
1119,279,3,C4_rot_270deg,45017.153849,-8420.000000,231.196067,0.073993,0.000000,0.997259,0.997259,0.000000,-0.073993,4.243349,yes,,0.000000
1120,280,0,C4_rot_0deg,45037.099025,-8700.000000,229.716212,0.073993,0.000000,0.997259,0.997259,0.000000,-0.073993,4.243349,yes,,0.000000
1121,280,1,C4_rot_90deg,45017.153849,-8680.000000,231.196067,0.073993,0.000000,0.997259,0.997259,0.000000,-0.073993,4.243349,yes,,0.000000
1122,280,2,C4_rot_180deg,44997.208674,-8700.000000,232.675921,0.073993,0.000000,0.997259,0.997259,0.000000,-0.073993,4.243349,yes,,0.000000
1123,280,3,C4_rot_270deg,45017.153849,-8720.000000,231.196067,0.073993,0.000000,0.997259,0.997259,0.000000,-0.073993,4.243349,yes,,0.000000
1124,281,0,C4_rot_0deg,45037.099025,-9000.000000,229.716212,0.073993,0.000000,0.997259,0.997259,0.000000,-0.073993,4.243349,yes,,0.000000
1125,281,1,C4_rot_90deg,45017.153849,-8980.000000,231.196067,0.073993,0.000000,0.997259,0.997259,0.000000,-0.073993,4.243349,yes,,0.000000
1126,281,2,C4_rot_180deg,44997.208674,-9000.000000,232.675921,0.073993,0.000000,0.997259,0.997259,0.000000,-0.073993,4.243349,yes,,0.000000
1127,281,3,C4_rot_270deg,45017.153849,-9020.000000,231.196067,0.073993,0.000000,0.997259,0.997259,0.000000,-0.073993,4.243349,yes,,0.000000
1128,282,0,C4_rot_0deg,45037.099025,-9300.000000,229.716212,0.073993,0.000000,0.997259,0.997259,0.000000,-0.073993,4.243349,yes,,0.000000
1129,282,1,C4_rot_90deg,45017.153849,-9280.000000,231.196067,0.073993,0.000000,0.997259,0.997259,0.000000,-0.073993,4.243349,yes,,0.000000
1130,282,2,C4_rot_180deg,44997.208674,-9300.000000,232.675921,0.073993,0.000000,0.997259,0.997259,0.000000,-0.073993,4.243349,yes,,0.000000
1131,282,3,C4_rot_270deg,45017.153849,-9320.000000,231.196067,0.073993,0.000000,0.997259,0.997259,0.000000,-0.073993,4.243349,yes,,0.000000
1132,283,0,C4_rot_0deg,45037.099025,-9600.000000,229.716212,0.073993,0.000000,0.997259,0.997259,0.000000,-0.073993,4.243349,yes,,0.000000
1133,283,1,C4_rot_90deg,45017.153849,-9580.000000,231.196067,0.073993,0.000000,0.997259,0.997259,0.000000,-0.073993,4.243349,yes,,0.000000
1134,283,2,C4_rot_180deg,44997.208674,-9600.000000,232.675921,0.073993,0.000000,0.997259,0.997259,0.000000,-0.073993,4.243349,yes,,0.000000
1135,283,3,C4_rot_270deg,45017.153849,-9620.000000,231.196067,0.073993,0.000000,0.997259,0.997259,0.000000,-0.073993,4.243349,yes,,0.000000
1136,284,0,C4_rot_0deg,45037.099025,-9900.000000,229.716212,0.073993,0.000000,0.997259,0.997259,0.000000,-0.073993,4.243349,yes,,0.000000
1137,284,1,C4_rot_90deg,45017.153849,-9880.000000,231.196067,0.073993,0.000000,0.997259,0.997259,0.000000,-0.073993,4.243349,yes,,0.000000
1138,284,2,C4_rot_180deg,44997.208674,-9900.000000,232.675921,0.073993,0.000000,0.997259,0.997259,0.000000,-0.073993,4.243349,yes,,0.000000
1139,284,3,C4_rot_270deg,45017.153849,-9920.000000,231.196067,0.073993,0.000000,0.997259,0.997259,0.000000,-0.073993,4.243349,yes,,0.000000
1140,285,0,C4_rot_0deg,45037.099025,-10200.000000,229.716212,0.073993,0.000000,0.997259,0.997259,0.000000,-0.073993,4.243349,yes,,0.000000
1141,285,1,C4_rot_90deg,45017.153849,-10180.000000,231.196067,0.073993,0.000000,0.997259,0.997259,0.000000,-0.073993,4.243349,yes,,0.000000
1142,285,2,C4_rot_180deg,44997.208674,-10200.000000,232.675921,0.073993,0.000000,0.997259,0.997259,0.000000,-0.073993,4.243349,yes,,0.000000
1143,285,3,C4_rot_270deg,45017.153849,-10220.000000,231.196067,0.073993,0.000000,0.997259,0.997259,0.000000,-0.073993,4.243349,yes,,0.000000
1144,286,0,C4_rot_0deg,45037.099025,-10500.000000,229.716212,0.073993,0.000000,0.997259,0.997259,0.000000,-0.073993,4.243349,yes,,0.000000
1145,286,1,C4_rot_90deg,45017.153849,-10480.000000,231.196067,0.073993,0.000000,0.997259,0.997259,0.000000,-0.073993,4.243349,yes,,0.000000
1146,286,2,C4_rot_180deg,44997.208674,-10500.000000,232.675921,0.073993,0.000000,0.997259,0.997259,0.000000,-0.073993,4.243349,yes,,0.000000
1147,286,3,C4_rot_270deg,45017.153849,-10520.000000,231.196067,0.073993,0.000000,0.997259,0.997259,0.000000,-0.073993,4.243349,yes,,0.000000
1148,287,0,C4_rot_0deg,45037.099025,-10800.000000,229.716212,0.073993,0.000000,0.997259,0.997259,0.000000,-0.073993,4.243349,yes,,0.000000
1149,287,1,C4_rot_90deg,45017.153849,-10780.000000,231.196067,0.073993,0.000000,0.997259,0.997259,0.000000,-0.073993,4.243349,yes,,0.000000
1150,287,2,C4_rot_180deg,44997.208674,-10800.000000,232.675921,0.073993,0.000000,0.997259,0.997259,0.000000,-0.073993,4.243349,yes,,0.000000
1151,287,3,C4_rot_270deg,45017.153849,-10820.000000,231.196067,0.073993,0.000000,0.997259,0.997259,0.000000,-0.073993,4.243349,yes,,0.000000
1152,288,0,C4_rot_0deg,45037.099025,-11100.000000,229.716212,0.073993,0.000000,0.997259,0.997259,0.000000,-0.073993,4.243349,yes,,0.000000
1153,288,1,C4_rot_90deg,45017.153849,-11080.000000,231.196067,0.073993,0.000000,0.997259,0.997259,0.000000,-0.073993,4.243349,yes,,0.000000
1154,288,2,C4_rot_180deg,44997.208674,-11100.000000,232.675921,0.073993,0.000000,0.997259,0.997259,0.000000,-0.073993,4.243349,yes,,0.000000
1155,288,3,C4_rot_270deg,45017.153849,-11120.000000,231.196067,0.073993,0.000000,0.997259,0.997259,0.000000,-0.073993,4.243349,yes,,0.000000
1156,289,0,C4_rot_0deg,45037.099025,-11400.000000,229.716212,0.073993,0.000000,0.997259,0.997259,0.000000,-0.073993,4.243349,yes,,0.000000
1157,289,1,C4_rot_90deg,45017.153849,-11380.000000,231.196067,0.073993,0.000000,0.997259,0.997259,0.000000,-0.073993,4.243349,yes,,0.000000
1158,289,2,C4_rot_180deg,44997.208674,-11400.000000,232.675921,0.073993,0.000000,0.997259,0.997259,0.000000,-0.073993,4.243349,yes,,0.000000
1159,289,3,C4_rot_270deg,45017.153849,-11420.000000,231.196067,0.073993,0.000000,0.997259,0.997259,0.000000,-0.073993,4.243349,yes,,0.000000
1160,290,0,C4_rot_0deg,45037.099025,-11700.000000,229.716212,0.073993,0.000000,0.997259,0.997259,0.000000,-0.073993,4.243349,yes,,0.000000
1161,290,1,C4_rot_90deg,45017.153849,-11680.000000,231.196067,0.073993,0.000000,0.997259,0.997259,0.000000,-0.073993,4.243349,yes,,0.000000
1162,290,2,C4_rot_180deg,44997.208674,-11700.000000,232.675921,0.073993,0.000000,0.997259,0.997259,0.000000,-0.073993,4.243349,yes,,0.000000
1163,290,3,C4_rot_270deg,45017.153849,-11720.000000,231.196067,0.073993,0.000000,0.997259,0.997259,0.000000,-0.073993,4.243349,yes,,0.000000
1164,291,0,C4_rot_0deg,45037.099025,-12000.000000,229.716212,0.073993,0.000000,0.997259,0.997259,0.000000,-0.073993,4.243349,yes,,0.000000
1165,291,1,C4_rot_90deg,45017.153849,-11980.000000,231.196067,0.073993,0.000000,0.997259,0.997259,0.000000,-0.073993,4.243349,yes,,0.000000
1166,291,2,C4_rot_180deg,44997.208674,-12000.000000,232.675921,0.073993,0.000000,0.997259,0.997259,0.000000,-0.073993,4.243349,yes,,0.000000
1167,291,3,C4_rot_270deg,45017.153849,-12020.000000,231.196067,0.073993,0.000000,0.997259,0.997259,0.000000,-0.073993,4.243349,yes,,0.000000
1168,292,0,C4_rot_0deg,45037.099025,-12300.000000,229.716212,0.073993,0.000000,0.997259,0.997259,0.000000,-0.073993,4.243349,yes,,0.000000
1169,292,1,C4_rot_90deg,45017.153849,-12280.000000,231.196067,0.073993,0.000000,0.997259,0.997259,0.000000,-0.073993,4.243349,yes,,0.000000
1170,292,2,C4_rot_180deg,44997.208674,-12300.000000,232.675921,0.073993,0.000000,0.997259,0.997259,0.000000,-0.073993,4.243349,yes,,0.000000
1171,292,3,C4_rot_270deg,45017.153849,-12320.000000,231.196067,0.073993,0.000000,0.997259,0.997259,0.000000,-0.073993,4.243349,yes,,0.000000
1172,293,0,C4_rot_0deg,45037.099025,-12600.000000,229.716212,0.073993,0.000000,0.997259,0.997259,0.000000,-0.073993,4.243349,yes,,0.000000
1173,293,1,C4_rot_90deg,45017.153849,-12580.000000,231.196067,0.073993,0.000000,0.997259,0.997259,0.000000,-0.073993,4.243349,yes,,0.000000
1174,293,2,C4_rot_180deg,44997.208674,-12600.000000,232.675921,0.073993,0.000000,0.997259,0.997259,0.000000,-0.073993,4.243349,yes,,0.000000
1175,293,3,C4_rot_270deg,45017.153849,-12620.000000,231.196067,0.073993,0.000000,0.997259,0.997259,0.000000,-0.073993,4.243349,yes,,0.000000
1176,294,0,C4_rot_0deg,45037.099025,-12900.000000,229.716212,0.073993,0.000000,0.997259,0.997259,0.000000,-0.073993,4.243349,yes,,0.000000
1177,294,1,C4_rot_90deg,45017.153849,-12880.000000,231.196067,0.073993,0.000000,0.997259,0.997259,0.000000,-0.073993,4.243349,yes,,0.000000
1178,294,2,C4_rot_180deg,44997.208674,-12900.000000,232.675921,0.073993,0.000000,0.997259,0.997259,0.000000,-0.073993,4.243349,yes,,0.000000
1179,294,3,C4_rot_270deg,45017.153849,-12920.000000,231.196067,0.073993,0.000000,0.997259,0.997259,0.000000,-0.073993,4.243349,yes,,0.000000
